Год;Вакансия;Работодатель;Зарплата от;Зарплата до;Валюта;График работы;Тип занятости;Регион;Город;Адрес;Обязанности;Ссылка;vacancy_hash
2025;Подсобный рабочий;"ОБЩЕСТВО С ОГРАНИЧЕННОЙ ОТВЕТСТВЕННОСТЬЮ ""АЛЬЯНС""";25000;25000;RUB;;Полная занятость;Ярославская область;Ярославль;0;Погрузка и разгрузка товарно-материальных ценностей. Перемещение грузов на хранение в складские помещения и распределение их в соответствующие отсеки. Упаковка грузов в необходимую тару. Работа с приборами и инвентарем в рамках получаемых от непосредственного руководителя заданий и своей компетенции. Поддержание в чистоте производственных помещений, складов и прилегающих территорий. 1. Дисциплинированность 2. Коммуникабельность 3. Ответственность;https://trudvsem.ru/vacancy/card/1087611000707/80eda8f0-ce4c-11ef-8596-e7d0d2cf29b1;dbca0fa1c26af0d395cd10e726113a42
2025;Сканировщик торгового зала;АШАН Ритейл Россия;0;46600;RUB;Гибкий график;Частичная занятость;Ярославская область;Ярославль;0;"МЫ ПОВЫСИЛИ ЗАРАБОТНУЮ ПЛАТУ!Совокупный ежемесячный доход до 46600 руб., по результатам собеседованияВозможен дополнительный доход +50% от оклада с учетом подработокПолучайте бонусы от 15 000р. до 40 000р. за каждого трудоустроенного другаГрафики работы на выбор:5/2 по 8 часов, плавающие выходные;2/2 по 11 часов;при желании возможно взять подработки в компании, например, 5/2 по 12 часоввозможно трудоустройство по совместительству, с индивидуальным графиком, от 1 дня в неделювозможна подработка для школьников с 14 лет, с индивидуальным графикомЧем предстоит заниматься:выкладка товара на полки, контроль ценников, контроль сроков годности​​​.Пожелания к кандидату:опыт работы не обязателен - проводим обучение.Оставляйте отклик или позвоните нам!Данная вакансия также подойдет, если вы искали: работник торгового зала, продавец, кассир, продавец-кассир, продавец-консультант, работник магазина, мерчендайзер, работник по выкладке товара, оператор склада, кладовщик, сборщик заказов, официант, рабочий, грузчик, комплектовщик, упаковщик, фасовщик, курьер, товаровед, приемщик, разнорабочий, администратор торгового зала, старший кассир, работник кулинарии, кухонный работник, помощник повара, член бригады ресторана, АШАН, АТАК, Азбука Вкуса, Вкусвилл, Лента, Пятерочка, Магнит, Перекресток, Билла, Карусель, Дикси, Мясницкий ряд, Верный, Глобус, Вкусно и точка, Самокат, Яндекс еда, Спар, Euro Spar, Магнолия, Красное белое, Fix Price, Мясновъ Мираторг, Ремит, Фикс Прайс, Сбермаркет, Яндекс маркет, ОКЕЙ, МЕГА, ЕвроСпар, Чижик, Леруа Мерлен, Декатлон, Спортмастер, Детский мир, Ярче, Красное и Белое, подработка, свободный график, сменный график, гибкий график, работа рядом с домом, без опыта работы, начало карьеры, начинающий специалист";https://hh.ru/vacancy/116708598;ec92a65bdb6c60566aa20d2852014722
2025;Уборщик служебных помещений Некоузского представительства;"ПУБЛИЧНОЕ АКЦИОНЕРНОЕ ОБЩЕСТВО ""ТНС ЭНЕРГО ЯРОСЛАВЛЬ""";23000;23000;RUB;;Частичная занятость;Ярославская область;Ярославль;1276;Уборка офисных помещений, санузлов, заправка диспенсеров полотенцами и моющими средствами. 0,1 ставки - 2 300 руб. график работы: понедельник - пятница с 8:00 до 8:48, выходные: суббота, воскресенье. Желателен опыт работы уборщиком. В счет квоты для несовершеннолетних граждан.;https://trudvsem.ru/vacancy/card/1057601050011/1a69f9d5-1741-11ee-aba2-df76e8ab7d11;5789566db4e1b8df43030b09ddbd7395
2025;подсобный рабочий;"ОБЩЕСТВО С ОГРАНИЧЕННОЙ ОТВЕТСТВЕННОСТЬЮ ""САНАТОРИЙ ""ЗОЛОТОЙ КОЛОС""";20204;0;RUB;;Частичная занятость;Ярославская область;Ярославль;904;Выполнение подсобных работ коммуникабельсность, дисциплинированность, без вредных привычек.;https://trudvsem.ru/vacancy/card/1037602608691/d8c9a2b5-134c-11ef-b79b-e7d0d2cf29b1;8c94473edf849b3574c3f9ce7c965c6a
2025;Помощник в кафе, подработка;НОВАЯ РАБОТА (ИП Лядов Владимир Антонович);58137;0;RUB;Полный день;Частичная занятость;Ярославская область;Ярославль;514;"Сотрудник в кафе быстрого обслуживания в разные районы города Обязанности: Сбор и выдача заказов Расчет гостей на кассе Готовка блюд по стандартам Уборка служебных и гостевых помещений Требования: К нам ты можешь прийти без опыта: мы все расскажем и всему научим Условия: Официальное трудоустройство Стабильная зарплата и премии, выплаты два раза в месяц Бесплатные и вкусные обеды Индивидуальный график работы: совмещение, подработка Место работы выбираешь сам: в центре города или рядом с домом Оплачиваемые больничные листы и отпуска, в том числе учебные Количество мест ограничено. Откликнись прямо сейчас! Наше предложение подойдет, если тебе интересны вакансии: повар, кассир, продавец, консультант, официант, администратор, начинающий специалист, сборщик заказов. Приветствуется опыт работы в ДоДо Пицца, Бургер Кинг, KFC, Ростикс, Domino&#39;s Pizza, Папа Джонс, Ташир Пицца и др.";https://hh.ru/vacancy/115022542;a880c816ec5b25cf5ae6b140971fab25
2024;Утренний/вечерний курьер на лёгкие посылки, подработка;Птицына Анастасия Андреевна;89420;139037;RUB;Гибкий график;Частичная занятость;Ярославская область;Ярославль;573;Заработай на НОВЫЙ ГОД с высокими тарифами 14+! Требуются курьеры, у нас свободный график (можно работать у дома)! ❗️❗️МОЖНО работать НА АЙФОНЕ❗️❗️И на андроиде тоже можно. ✔️ ЕЖЕДНЕВНЫЕ ВЫПЛАТЫ ✔️ ОПЛАТА 3.500- 4.000- 6.400 за день (зависит от времени работы) ✔️ ПРИНИМАЕМ БЕЗ ОПЫТА (обучим - покажем) ❗️Оформление без записи в трудовую книжку! ПО РАБОТЕ: Можно использовать как подработку(Легко совмещать с учебой или работой) Район на выбор, можно менять каждую смену(7-10 мин среднее время доставки) Заказы на доставку собраны и оплачены. Вы только доставляете(Вес до 5 кг) Чаевые и доплаты 100% ваши,за заказы комиссии нет! Прием ЕЖЕДНЕВНО (даже в выходные)! ДОХОД: Средняя оплата за 4 часа - около 3.000 руб. Акция приведи друга - получи до 10тр ЖМИ ОТКЛИКНУТЬСЯ Мы пришлем информацию в ответном сообщении в течение пары минут и чуть позднее напишем в WhatsApp Данная вакансия также подойдет, если вы искали: работа курьером, курьер, курьер с ежедневной оплатой, курьер пеший, курьер подработка, курьер выходного дня, свободный график, пешком, яндекс доставка, доставщик яндекс еда, яндекс лавка, яндекс про, яндекс маркет, сбермаркет, деливери клаб, delivery club, dostavista, достависта, курьер додо, озон, сдек, доставка суши, доставка еды, еду, доставка документов посылок, устроиться курьером, работа в районе, курьер с ежедневной оплатой, подработка с ежедневными выплатами, работа рядом с домом, без опыта, оплата каждый день. ЖМИ ОТКЛИКНУТЬСЯ;https://hh.ru/vacancy/91164189;16c19ef8718d589318493a26b488c6e5
2024;Курьер на подработку с ежедневными выплатами;Птицына Анастасия Андреевна;69420;139037;RUB;Сменный график;Частичная занятость;Ярославская область;Углич;573;Заработай в сезон БОЛЬШЕ с высокими тарифами 16+ ! Требуются курьеры, у нас свободный график (можно работать у дома)!Можно работать пешком или на любом своем транспорте. ❗️❗️МОЖНО работать НА АЙФОНЕ❗️❗️И на андроиде тоже можно. ✔️ СВОБОДНЫЙ ГРАФИК ✔️ ОПЛАТА 3.500- 4.000- 5.600 за день. Зависит от времени работы. ✔️ ПРИНИМАЕМ БЕЗ ОПЫТА. Обучим - покажем. ❗️Оформление без записи в трудовую книжку! ПО РАБОТЕ: Можно использовать как подработку(Легко совмещать с учебой или работой) Район на выбор(10 мин среднее время доставки) Заказы на доставку собраны и оплачены. Вы только доставляете. Чаевые и доплаты 100% ваши,за заказы комиссии нет! Прием ЕЖЕДНЕВНО (даже в выходные)! ДОХОД: Оплата за 4 часа - до 4.000 руб.(зависит от района и времени суток) ЖМИ ОТКЛИКНУТЬСЯ Мы пришлем информацию в ответном сообщении в течение пары минут и скоро напишем в WhatsApp Данная вакансия также подойдет, если вы искали: работа курьером, курьер, курьер с ежедневной оплатой, курьер пеший, курьер подработка, курьер выходного дня, свободный график, пешком, яндекс доставка, доставщик яндекс еда, яндекс лавка, яндекс про, яндекс маркет, сбермаркет, деливери клаб, delivery club, dostavista, достависта, курьер додо, озон, сдек, доставка суши, доставка еды, еду, доставка документов посылок, устроиться курьером, работа в районе, курьер с ежедневной оплатой, подработка с ежедневными выплатами, работа рядом с домом, без опыта, оплата каждый день. ЖМИ ОТКЛИКНУТЬСЯ!;https://hh.ru/vacancy/106594658;00d520d763e1111ed0598c7f6f5aebe2
2023;Сканировщик на пункт выдачи легких заказов выходного дня (Подработка);Кондратьева Наталья Михайловна;86200;124820;RUB;Гибкий график;Частичная занятость;Ярославская область;Ярославль;573;"Сборщик интернет-заказов (на подработку). Сборка только у дома. (В своем районе). Вы только собираете, по желанию, можно доставлять и получать дополнительный доход. ❗ Готовы рассмотреть кандидатов с 16 лет НАЖИМАЙТЕ ОТКЛИК НА ВАКАНСИЮ - СРАЗУ ОТПРАВИМ ПОДРОБНОСТИ ✔️ Рассмотрим с любой платформой телефона (андроид или IOS) ✔️ Работа только в вашем районе; ✔️ Море заказов! Успейте заработать в сезон ❗ ЕЖЕНЕДЕЛЬНЫЕ ВЫПЛАТЫ. Официально на карту ❗ ОПЛАТА 1800-3200 за день (часовая ставка - Гарантия) ❗ БЕЗ ОПЫТА. (моментальное вводное обучение) ✅ УСЛОВИЯ РАБОТЫ: • МОЖНО ИСПОЛЬЗОВАТЬ КАК ПОДРАБОТКУ • ЛЮБОЙ РАЙОН ГОРОДА (даже рядом с домом)! • ВЫПЛАТЫ ЕЖЕНЕДЕЛЬНО. Платим даже если нет заказов! • Самые высокие ставки по городу • Чаевые и доплаты 100% ваши, абсолютно НЕТ КОМИССИЙ! • Прием ЕЖЕДНЕВНО (и в выходные)! Начать можно сразу после оформления! ✅ СУТЬ РАБОТЫ: • Собирать заказы в удобном районе • Можно еще доставлять собранные заказы, увеличивая доход (по желанию) ✅ ЗАРАБОТОК: • Средняя оплата за 4 часа от 1000 руб и выше зависит от часов работы! • Еженедельно на карту до 260 рублей в час + надбавки и бонусы • Во время повышенного спроса до 300 рублей в час ЖМИ ОТКЛИКНУТЬСЯ - сразу отправим подробности «подработка , моментальный вывод, подработка с ежедневными выплатами, работа рядом с домом, работа на районе, доставка документов, доставка грузов, оплата каждый день, еженедельная оплата, ежедневная оплата, доставщик яндекс еда, прямой работодатель, деливери клаб, достависта, додо пицца, доставка суши, доставка роллов, delivery club, dostavista, gett, uber, убер, яндекс го, яндекс go, гетт доставка, работа, ищу работу, подработка в вечернее время, работа в утреннее время, работа в дневное время, режим работы, сдэк, сдек, , подключиться на доставку, подработка на выходные, яндекс доставка, яндекс курьерская доставка, яндекс маркет доставка, доставка»";https://hh.ru/vacancy/86142503;d61d4989d43aeb8343608c59875309b6
2025;Курьер на склад (легкие заказы для дома 1-3 кг);Работа-Подработка: Курьер, Кладовщик, Сборщик;135000;267000;RUB;Полный день;Частичная занятость;Ярославская область;Ярославль;0;Добрый день уважаемый соискатель!Нам требуется курьер с ежедневной оплатой на подработку или как на основную работу!В данный момент у нас 11 категорий доставок, а именно доставка ЦВЕТОВ, ДОКУМЕНТОВ, ЗООТОВАРОВ, АПТЕКИ, ЭЛЕКТРОНИКА и т.дОбязанности- Доставка небольших посылок (время доставок вы выбираете самостоятельно -сами)- Выполнение заказов через приложение- Очень много заказав- Доставки по районуТребования- Телефон андроид или айфон- Желание зарабатыватьУсловия:- Ежедневные выплаты: до 7000 руб./день.- Близко к дому: доставки в твоем районе.- Легкие заказы: вес до 2 кг.- Гибкое расписание (время и количество рабочих часов выбираете самостоятельно)- Нет обязательного плана по доставкеНажмите ОТКЛИКНУТЬСЯ прямо сейчас и получите все подробности о работе! Также пишите в мессенджерах WhatsApp/Telegram: менеджер 24/7 готов ответить на вопросы и помочь с оформлением. Не упустите свой шанс начать уже сегодня!Также подойдет, если вы искали: «курьер, подработка с ежедневными выплатами, ежедневная оплата, свободный график, ночной курьер, вечерний курьер, доставка, лавка, документы, груз, сервис, пеший курьер, оплата каждый день, подработка, работа рядом с домом, достависта, график, свободный, пеший курьер, работа по району, официальное трудоустройство, зарплата, ЗП, оплата, доставка, работа курьером, курьер, еженедельная, ежедневная, на руки курьеру, подработка, прямой работодатель, ищу работу, время, работа без опыта, оплата сразу, утреннее, дневное, вечернее , время, режим»ОБРАЩАЕМ ВНИМАНИЕ, после отклика на данную вакансию потребуется предоставление информации или выполнение иных действий на сторонних информационных ресурсах.;https://hh.ru/vacancy/126042135;f7dc997e05e152f00ea05eb3d4e2d117
2023;Промоутер-распространитель;Ярспецгаз;25000;40000;RUB;Гибкий график;Частичная занятость;Ярославская область;Ярославль;957;Обязанности: Распространение листовок по почтовым ящикам Предоставление фотоотчетов о проделанной работе Требования: Требуется сотрудник на постоянную работу Желание работать и зарабатывать. Добросовестность, ответственность и честность. Опыт работы не обязателен Возраст от 16 лет Условия: Подробный инструктаж Приступить к работе можно сразу, после собеседования в этот же день Возможность совмещать с учебой и работой! Оплата происходит ежедневно или раз в неделю, сугубо по вашему сделанному объёму Возможно оформление по трудовому договору Ограничений на максимум нет, все зависит только от вашего желания и активности;https://hh.ru/vacancy/81409606;9c47b64dec564ccc9d0ef58120a06907
2023;Курьер легких заказов (подработка);Центр обучения курьеров;60000;125000;RUB;Сменный график;Частичная занятость;Ярославская область;Ярославль;573;Курьер легких заказов (подработка) Только по микрорайону у дома (заказы собраны, и оплачены) ✔️ ЕЖЕДНЕВНЫЕ ВЫПЛАТЫ ✔️ ТЕЛЕФОН НА БАЗЕ АНДРОИД ✔️ ВЫПЛАТЫ 3.000- 5.500 за день (от времени работы) ✔️ ПРИНИМАЕМ БЕЗ ОПЫТА (обучим и поможем) ❗️НЕТ КОМИССИИ С ЗАКАЗОВ - у нас без процентов УСЛОВИЯ РАБОТЫ: Можно использовать как подработку ( Легко совмещать с учебой или работой ) Заказы на доставку собраны и оплачены. Вы только доставляете! Район на выбор, можно менять каждую смену (7-10 мин среднее время доставки ) Чаевые и доплаты 100% ваши, за заказы комиссии нет! Прием ЕЖЕДНЕВНО (и в выходные)! ЗАРАБОТОК: Средняя оплата за 4 часа около 1.800 руб. и выше зависит от скорости работы Условия выплат: Ежедневно на карту до 450 рублей в час + надбавки и бонусы ‼️ Во время повышенного спроса до 550рублей в час ‼️ ЖМИ ОТКЛИКНУТЬСЯ! Также подойдет, если вы искали: документы, работа курьером, курьер, курьер с ежедневной оплатой, курьер пеший, курьер подработка, курьер выходного дня, день, вечер, утро, в ночь, вееромам, вечером, свободный график, пешком, яндекс доставка, доставщик , лавка, яндекс про, яндекс маркет, сбермаркет, деливери клаб, delivery club, dostavista, достависта, курьер додо, озон, сдек, доставка суши, доставка еды, еду, доставка документов посылок, устроиться курьером, работа в районе, курьер с ежедневной оплатой, подработка с ежедневными выплатами, работа рядом с домом, без опыта, оплата каждый день;https://hh.ru/vacancy/76085588;b4eed40ebf7bda30ade072832dd82309
2025;Курьер на склад (легкие заказы для дома 1-3кг);Работа-Подработка: Курьер, Кладовщик, Сборщик;135000;220000;RUB;Полный день;Частичная занятость;Ярославская область;Ярославль;0;Добрый день уважаемый соискатель!Нам требуется курьер с ежедневной оплатой на подработку или как на основную работу!В данный момент у нас 11 категорий доставок, а именно доставка ЦВЕТОВ, ДОКУМЕНТОВ, ЗООТОВАРОВ, АПТЕКИ, ЭЛЕКТРОНИКА и т.дОбязанности- Доставка небольших посылок (время доставок вы выбираете самостоятельно -сами)- Выполнение заказов через приложение- Очень много заказав- Доставки по районуТребования- Телефон андроид или айфон- Желание зарабатыватьУсловия:- Ежедневные выплаты: до 7000 руб./день.- Близко к дому: доставки в твоем районе.- Легкие заказы: вес до 2 кг.- Гибкое расписание (время и количество рабочих часов выбираете самостоятельно)- Нет обязательного плана по доставкеНажмите ОТКЛИКНУТЬСЯ прямо сейчас и получите все подробности о работе! Также пишите в мессенджерах WhatsApp/Telegram: менеджер 24/7 готов ответить на вопросы и помочь с оформлением. Не упустите свой шанс начать уже сегодня!Также подойдет, если вы искали: «курьер, подработка с ежедневными выплатами, ежедневная оплата, свободный график, ночной курьер, вечерний курьер, доставка, лавка, документы, груз, сервис, пеший курьер, оплата каждый день, подработка, работа рядом с домом, достависта, график, свободный, пеший курьер, работа по району, официальное трудоустройство, зарплата, ЗП, оплата, доставка, работа курьером, курьер, еженедельная, ежедневная, на руки курьеру, подработка, прямой работодатель, ищу работу, время, работа без опыта, оплата сразу, утреннее, дневное, вечернее , время, режим»;https://hh.ru/vacancy/127279957;fc147b3f834d0a73ad176afc62f27683
2023;Курьер в доставку легких заказов (на подработку);Центр обучения курьеров;75000;135000;RUB;Гибкий график;Частичная занятость;Ярославская область;Ярославль;573;КУРЬЕР С ЕЖЕДНЕВНЫМИ ВЫПЛАТАМИ СО СВОБОДНЫМ ГРАФИКОМ! Условия:✅ Доставляйте на чем угодно! ✅ Ежедневные выплаты, много заказов! ✅ Можно выбрать любой район города. ✅ Доставляйте, когда есть возможность! (Легко совмещать с учебой или работой). Начните работать уже СЕГОДНЯ! Обязанности и требования: ✅ Доставка заказов (заказы уже собраны и оплачены). ✅ Работа с приложением, нужно наличие смартфона на Андроид. ✅ Можно без опыта. Наши преимущества: ✅ Комиссия сервиса 0%! ✅ Гарантия дохода. Даже при отсутствии заказов! ✅ Удобный район! ✅ Ежедневные выплаты! ЖМИ ОТКЛИКНУТЬСЯ ИЛИ ЗВОНИ ПО ТЕЛЕФОНУМы свяжемся в течение 5 минут (напишем в WhatsApp или позвоним ☎️ ) Данная вакансия также подойдет, если вы искали: работа курьером, курьер, курьер с ежедневной оплатой, курьер пеший, курьер подработка, курьер выходного дня, свободный график, пешком, яндекс доставка, доставщик яндекс еда, яндекс лавка, яндекс про, яндекс маркет, сбермаркет, деливери клаб, delivery club, dostavista, достависта, курьер додо, озон, сдек, доставка суши, доставка еды, еду, доставка документов посылок, устроиться курьером, работа в районе, курьер с ежедневной оплатой, подработка с ежедневными выплатами, работа рядом с домом, без опыта, оплата каждый день;https://hh.ru/vacancy/77202534;fdfd503339484736803efcb4afc9042b
2024;Утренний/вечерний курьер на лёгкие посылки - подработка;Птицына Анастасия Андреевна;89420;139037;RUB;Гибкий график;Частичная занятость;Ярославская область;Ярославль;573;Заработай на НОВЫЙ ГОД с высокими тарифами 14+! Требуются курьеры, у нас свободный график (можно работать у дома)! ❗️❗️МОЖНО работать НА АЙФОНЕ❗️❗️И на андроиде тоже можно. ✔️ ЕЖЕДНЕВНЫЕ ВЫПЛАТЫ ✔️ ОПЛАТА 3.500- 4.000- 6.400 за день (зависит от времени работы) ✔️ ПРИНИМАЕМ БЕЗ ОПЫТА (обучим - покажем) ❗️Оформление без записи в трудовую книжку! ПО РАБОТЕ: Можно использовать как подработку(Легко совмещать с учебой или работой) Район на выбор, можно менять каждую смену(7-10 мин среднее время доставки) Заказы на доставку собраны и оплачены. Вы только доставляете(Вес до 5 кг) Чаевые и доплаты 100% ваши,за заказы комиссии нет! Прием ЕЖЕДНЕВНО (даже в выходные)! ДОХОД: Средняя оплата за 4 часа - около 3.000 руб. Акция приведи друга - получи до 10тр ЖМИ ОТКЛИКНУТЬСЯ Мы пришлем информацию в ответном сообщении в течение пары минут и чуть позднее напишем в WhatsApp Данная вакансия также подойдет, если вы искали: работа курьером, курьер, курьер с ежедневной оплатой, курьер курьер подработка, курьер выходного дня, свободный график, яндекс доставка, доставщик яндекс еда, яндекс лавка, яндекс про, яндекс маркет, сбермаркет, деливери клаб, delivery club, dostavista, достависта, курьер додо, озон, сдек, доставка суши, доставка еды, еду, доставка документов посылок, устроиться курьером, работа в районе, курьер с ежедневной оплатой, подработка с ежедневными выплатами, работа рядом с домом, без опыта, оплата каждый день. ЖМИ ОТКЛИКНУТЬСЯ;https://hh.ru/vacancy/91171862;6c79daf69277f17d4f76562d9a86ff1a
2024;Курьер;Птицына Анастасия Андреевна;81420;139037;RUB;Гибкий график;Частичная занятость;Ярославская область;Ярославль;573;Привет, мы ищем именно тебя!Курьер, легких заказов- подработка без графика и в твоем районе! Доставка из магазинов• Удобный район• Гибкий график. Сам определяешь свой рабочий график• Доход за смену: до 6500 руб/день+ Все чаевые ваши+ Заказы уже оплачены, вам не нужно принимать наличные и нести материальную ответственность ЖМИ ОТКЛИКНУТЬСЯ Мы пришлем информацию в ответном сообщении в течение пары минут и скоро напишем в WhatsApp Данная вакансия также подойдет, если вы искали: работа курьером, курьер, курьер с ежедневной оплатой, курьер пеший, курьер подработка, курьер выходного дня, свободный график, пешком, яндекс доставка, доставщик яндекс еда, яндекс лавка, яндекс про, яндекс маркет, сбермаркет, деливери клаб, delivery club, dostavista, достависта, курьер додо, озон, сдек, доставка суши, доставка еды, еду, доставка документов посылок, устроиться курьером, работа в районе, курьер с ежедневной оплатой, подработка с ежедневными выплатами, работа рядом с домом, без опыта, оплата каждый день. ЖМИ ОТКЛИКНУТЬСЯ!;https://hh.ru/vacancy/108106097;5f6baf683c9ad838bc6024d339f76dcb
2023;Курьер в доставку легких заказов (на подработку);Центр обучения курьеров;75000;135000;RUB;Гибкий график;Частичная занятость;Ярославская область;Ярославль;573;КУРЬЕР С ЕЖЕДНЕВНЫМИ ВЫПЛАТАМИ СО СВОБОДНЫМ ГРАФИКОМ! Условия:✅ Доставляйте на чем угодно! ✅ Ежедневные выплаты, много заказов! ✅ Можно выбрать любой район города. ✅ Доставляйте, когда есть возможность! (Легко совмещать с учебой или работой). Начните работать уже СЕГОДНЯ! Обязанности и требования: ✅ Доставка заказов (заказы уже собраны и оплачены). ✅ Работа с приложением, нужно наличие смартфона на Андроид ИЛИ Айфон ✅ Можно без опыта. Наши преимущества: ✅ Комиссия сервиса 0%! ✅ Гарантия дохода. Даже при отсутствии заказов! ✅ Удобный район! ✅ Ежедневные выплаты! ЖМИ ОТКЛИКНУТЬСЯ ИЛИ ЗВОНИ ПО ТЕЛЕФОНУМы свяжемся в течение 5 минут (напишем в WhatsApp или позвоним ☎️ ) Данная вакансия также подойдет, если вы искали: работа курьером, курьер, курьер с ежедневной оплатой, курьер пеший, курьер подработка, курьер выходного дня, свободный график, пешком, яндекс доставка, доставщик яндекс еда, яндекс лавка, яндекс про, яндекс маркет, сбермаркет, деливери клаб, delivery club, dostavista, достависта, курьер додо, озон, сдек, доставка суши, доставка еды, еду, доставка документов посылок, устроиться курьером, работа в районе, курьер с ежедневной оплатой, подработка с ежедневными выплатами, работа рядом с домом, без опыта, оплата каждый день;https://hh.ru/vacancy/78875457;fdfd503339484736803efcb4afc9042b
2025;Архивариус;"ПУБЛИЧНОЕ АКЦИОНЕРНОЕ ОБЩЕСТВО ""ОДК-САТУРН""";23000;23000;RUB;;Полная занятость;Ярославская область;Ярославль;754;В соответствии с трудовым договором и должностной инструкцией Прием на работу по результатам собеседования. Ответственность. Образование: Среднее Режим работы односменный (до 16 лет: с 8-00 до 14-00, от 16 до 18 лет: с 8-00 до 16-00 (1 час обед)). Медицинское обслуживание, санаторно-курортное обеспечение, условия для приема пищи во время перерыва;https://trudvsem.ru/vacancy/card/1027601106169/ac821408-15e7-11f0-a940-e7d0d2cf29b1;9efdb519feb1f6cb93eea448f3471223
2025;Контролер измерительных приборов и специального инструмента;"ПУБЛИЧНОЕ АКЦИОНЕРНОЕ ОБЩЕСТВО ""ОДК-САТУРН""";23000;23000;RUB;;Полная занятость;Ярославская область;Ярославль;1229;В соответствии с трудовым договором и должностной инструкцией Прием на работу по результатам собеседования. Ответственность. Образование: Среднее Режим работы односменный (до 16 лет: с 8-00 до 14-00, от 16 до 18 лет: с 8-00 до 16-00 (1 час обед)). Медицинское обслуживание, санаторно-курортное обеспечение, условия для приема пищи во время перерыва;https://trudvsem.ru/vacancy/card/1027601106169/e8c21eb0-15e7-11f0-a940-e7d0d2cf29b1;067cf77774949085ee8728e3d64112b2
2025;Рабочий зеленого хозяйства;"ПУБЛИЧНОЕ АКЦИОНЕРНОЕ ОБЩЕСТВО ""ОДК-САТУРН""";23000;23000;RUB;;Полная занятость;Ярославская область;Ярославль;904;В соответствии с трудовым договором и должностной инструкцией Прием на работу по результатам собеседования. Ответственность. Образование: Среднее Режим работы односменный (до 16 лет: с 8-00 до 14-00, от 16 до 18 лет: с 8-00 до 16-00 (1 час обед)). Медицинское обслуживание, санаторно-курортное обеспечение, условия для приема пищи во время перерыва;https://trudvsem.ru/vacancy/card/1027601106169/372b35a8-15e8-11f0-add8-cb26dff57dd7;2fe128425ac4ad24a036a67a71f1ce58
2025;Слесарь механосборочных работ;"ПУБЛИЧНОЕ АКЦИОНЕРНОЕ ОБЩЕСТВО ""ОДК-САТУРН""";23000;23000;RUB;;Полная занятость;Ярославская область;Ярославль;904;В соответствии с трудовым договором и должностной инструкцией Прием на работу по результатам собеседования. Ответственность. Образование: Среднее Режим работы односменный (до 16 лет: с 8-00 до 14-00, от 16 до 18 лет: с 8-00 до 16-00 (1 час обед)). Медицинское обслуживание, санаторно-курортное обеспечение, условия для приема пищи во время перерыва;https://trudvsem.ru/vacancy/card/1027601106169/f6207198-15e9-11f0-add8-cb26dff57dd7;9a1a82567a9b06b105563c91f7cf845f
2025;Слесарь по ремонту автомобилей;"ПУБЛИЧНОЕ АКЦИОНЕРНОЕ ОБЩЕСТВО ""ОДК-САТУРН""";23000;23000;RUB;;Полная занятость;Ярославская область;Ярославль;93;В соответствии с трудовым договором и должностной инструкцией Прием на работу по результатам собеседования. Ответственность. Образование: Среднее Режим работы односменный (до 16 лет: с 8-00 до 14-00, от 16 до 18 лет: с 8-00 до 16-00 (1 час обед)). Медицинское обслуживание, санаторно-курортное обеспечение, условия для приема пищи во время перерыва;https://trudvsem.ru/vacancy/card/1027601106169/8f03ce80-15e9-11f0-a940-e7d0d2cf29b1;32531f8b6a213d98bd00c707374bae2a
2025;Токарь;"ПУБЛИЧНОЕ АКЦИОНЕРНОЕ ОБЩЕСТВО ""ОДК-САТУРН""";23000;23000;RUB;;Полная занятость;Ярославская область;Ярославль;900;В соответствии с трудовым договором и должностной инструкцией Прием на работу по результатам собеседования. Ответственность. Образование: Среднее Режим работы односменный (до 16 лет: с 8-00 до 14-00, от 16 до 18 лет: с 8-00 до 16-00 (1 час обед)). Медицинское обслуживание, санаторно-курортное обеспечение, условия для приема пищи во время перерыва;https://trudvsem.ru/vacancy/card/1027601106169/58a2cc90-557a-11ef-87f1-d549be31d974;74a326a2f4c997641bd7782731ff1c9d
2025;Курьер пеший;Птицына Анастасия Андреевна;158400;197500;RUB;Гибкий график;Частичная занятость;Ярославская область;Рыбинск;573;Заработай на НОВЫЙ ГОД БОЛЬШЕ с высокими тарифами 16+ ! Требуются курьеры, у нас свободный график (можно работать у дома)! ❗️❗️МОЖНО работать НА АЙФОНЕ❗️❗️И на андроиде тоже можно. ✔️ СВОБОДНЫЙ ГРАФИК ✔️ ОПЛАТА 3.500- 4.000- 5.600 за день. Зависит от времени работы. ✔️ ПРИНИМАЕМ БЕЗ ОПЫТА. Обучим - покажем. ❗️Оформление без записи в трудовую книжку! ПО РАБОТЕ: Можно использовать как подработку(Легко совмещать с учебой или работой) Район на выбор(10 мин среднее время доставки) Заказы на доставку собраны и оплачены. Вы только доставляете. Чаевые и доплаты 100% ваши,за заказы комиссии нет! Прием ЕЖЕДНЕВНО (даже в выходные)! ДОХОД: Оплата за 4 часа - до 4.000 руб.(зависит от района и времени суток) ЖМИ ОТКЛИКНУТЬСЯ Мы пришлем информацию в ответном сообщении в течение пары минут и скоро напишем в WhatsApp Данная вакансия также подойдет, если вы искали: работа курьером, курьер, курьер с ежедневной оплатой, курьер пеший, курьер подработка, курьер выходного дня, свободный график, пешком, яндекс доставка, доставщик яндекс еда, яндекс лавка, яндекс про, яндекс маркет, сбермаркет, деливери клаб, delivery club, dostavista, достависта, курьер додо, озон, сдек, доставка суши, доставка еды, еду, доставка документов посылок, устроиться курьером, работа в районе, курьер с ежедневной оплатой, подработка с ежедневными выплатами, работа рядом с домом, без опыта, оплата каждый день. ЖМИ ОТКЛИКНУТЬСЯ!;https://hh.ru/vacancy/115032191;c7236b463a261264e68f62f7c4a2fa8b
2025;Курьер на склад (легкие заказы для дома 1-3 кг);Работа-Подработка: Курьер, Кладовщик, Сборщик;135000;220000;RUB;Полный день;Частичная занятость;Ярославская область;Ярославль;0;Добрый день уважаемый соискатель!Нам требуется курьер с ежедневной оплатой на подработку или как на основную работу!В данный момент у нас 11 категорий доставок, а именно доставка ЦВЕТОВ, ДОКУМЕНТОВ, ЗООТОВАРОВ, АПТЕКИ, ЭЛЕКТРОНИКА и т.дОбязанности- Доставка небольших посылок (время доставок вы выбираете самостоятельно -сами)- Выполнение заказов через приложение- Очень много заказав- Доставки по районуТребования- Телефон андроид или айфон- Желание зарабатыватьУсловия:- Ежедневные выплаты: до 7000 руб./день.- Близко к дому: доставки в твоем районе.- Легкие заказы: вес до 2 кг.- Гибкое расписание (время и количество рабочих часов выбираете самостоятельно)- Нет обязательного плана по доставкеНажмите ОТКЛИКНУТЬСЯ прямо сейчас и получите все подробности о работе! Также пишите в мессенджерах WhatsApp/Telegram: менеджер 24/7 готов ответить на вопросы и помочь с оформлением. Не упустите свой шанс начать уже сегодня!Также подойдет, если вы искали: «курьер, подработка с ежедневными выплатами, ежедневная оплата, свободный график, ночной курьер, вечерний курьер, доставка, лавка, документы, груз, сервис, пеший курьер, оплата каждый день, подработка, работа рядом с домом, достависта, график, свободный, пеший курьер, работа по району, официальное трудоустройство, зарплата, ЗП, оплата, доставка, работа курьером, курьер, еженедельная, ежедневная, на руки курьеру, подработка, прямой работодатель, ищу работу, время, работа без опыта, оплата сразу, утреннее, дневное, вечернее , время, режим»;https://hh.ru/vacancy/128375449;f7dc997e05e152f00ea05eb3d4e2d117
2025;Курьер легких заказов в it компанию (упакованные заказы);Работа-Подработка: Курьер, Кладовщик, Сборщик;135000;220000;RUB;Полный день;Частичная занятость;Ярославская область;Ярославль;0;Добрый день уважаемый соискатель!Нам требуется курьер с ежедневной оплатой на подработку или как на основную работу!В данный момент у нас 11 категорий доставок, а именно доставка ЦВЕТОВ, ДОКУМЕНТОВ, ЗООТОВАРОВ, АПТЕКИ, ЭЛЕКТРОНИКА и т.дОбязанности- Доставка небольших посылок (время доставок вы выбираете самостоятельно -сами)- Выполнение заказов через приложение- Очень много заказав- Доставки по районуТребования- Телефон андроид или айфон- Желание зарабатыватьУсловия:- Ежедневные выплаты: до 7000 руб./день.- Близко к дому: доставки в твоем районе.- Легкие заказы: вес до 2 кг.- Гибкое расписание (время и количество рабочих часов выбираете самостоятельно)- Нет обязательного плана по доставкеНажмите ОТКЛИКНУТЬСЯ прямо сейчас и получите все подробности о работе! Также пишите в мессенджерах WhatsApp/Telegram: менеджер 24/7 готов ответить на вопросы и помочь с оформлением. Не упустите свой шанс начать уже сегодня!Также подойдет, если вы искали: «курьер, подработка с ежедневными выплатами, ежедневная оплата, свободный график, ночной курьер, вечерний курьер, доставка, лавка, документы, груз, сервис, пеший курьер, оплата каждый день, подработка, работа рядом с домом, достависта, график, свободный, пеший курьер, работа по району, официальное трудоустройство, зарплата, ЗП, оплата, доставка, работа курьером, курьер, еженедельная, ежедневная, на руки курьеру, подработка, прямой работодатель, ищу работу, время, работа без опыта, оплата сразу, утреннее, дневное, вечернее , время, режим»ОБРАЩАЕМ ВНИМАНИЕ, после отклика на данную вакансию потребуется предоставление информации или выполнение иных действий на сторонних информационных ресурсах.;https://hh.ru/vacancy/128375480;05cbea09ac856a1c4710ff8f39504e21
2024;Курьер лёгких заказов, подработка;Кондратьева Наталья Михайловна;104280;162880;RUB;Гибкий график;Частичная занятость;Ярославская область;Рыбинск;573;Подработка курьером по доставке малогабаритных интернет-заказов на пункт доставки (свободного дня / подработка / не полный день / полный день). Мы заинтересованы в длительном сотрудничестве, поэтому предлагаем ЛУЧШИЕ условия для Вас ПОВЫШАЕМ ВСЕ тарифы на зимний период ❗Готовы рассмотреть кандидатов с 16 лет Только у нас Вы можете: Заработать до 6 480 рублей за смену или до 540 руб. в час Выбрать любой график работы (от 2 до 12 часов, в любой день) Выбрать район доставок (можно у дома или в любом другом доступном районе) Получить повышенную оплату за дальние заказы и надбавки за повышенный спрос (до х5 от стоимости заказа) Рассчитывать на стабильные выплаты каждую пятницу до 42 000 рублей за неделю ❗Места ограничены. Нажимайте ОТКЛИК - направим информацию на почту и в чат в течение 2-х минут. Подробнее об условиях работы: Можно работать с любым устройством (андроид или IOS) Можно БЕЗ опыта (проведем вводное оплачиваемое обучение за несколько часов) Предлагаем САМЫЕ высокие тарифы в Вашем городе, если найдете ставки выше - напишите нам. Проводим обучение ЕЖЕДНЕВНО, начать можно сразу после обучения ЕЖЕНЕДЕЛЬНЫЕ выплаты, гарантированный доход за каждый час на смене, даже если нет заказов! Регулярные бонусы, акции и чаевые, которые могут увеличить доход на ~35% Ваша миссия: Доставка интернет-заказов заранее собранных, оплаченных и упакованных. Необходимо только передать клиенту Забирать заказы на пункте доставки и доставлять по адресам в выбранном районе (ограничили радиус доставки для Вашего удобства) Оставьте ОТКЛИК сейчас пока предложение актуально - направим информация в чат и на почту в течение 2-х минут *Пока вакансия размещена - она актуальна. Данная вакансия подойдёт для людей с опытом работы на таких позициях как: вечерний курьер, подработка вечером, курьер с ежедневными выплатами, курьер без опыта, подработка на 3 часа, курьер на вечер, доставка посылок, начинающий специалист, работа после учёбы, вакансии курьер, подработка курьером, быстрая подработка, работа неполный день, вакансии без опыта, промоутер, разнорабочий, удалённая работа, грузчик, яндекс курьер, озон доставка, магнит курьер, комплектовщик, сборщик, упаковщик, продавец, вахта, работа без специальной подготовки, временная работа, вакансия без медкнижки, начало карьеры, работа без опыта, срочно требуются работники, работа в вечернее время, подработка на зиму, сезонная работа, работа на праздники, подработка на новый год, вакансии вечером после основной работы, подработка в свободное время.;https://hh.ru/vacancy/92585538;baeaa1a5bd64c8bef39fd33bdbe1071d
2024;Курьер лёгких заказов, подработка;Кондратьева Наталья Михайловна;104280;162880;RUB;Гибкий график;Частичная занятость;Ярославская область;Ярославль;573;Подработка курьером по доставке малогабаритных интернет-заказов на пункт доставки (свободного дня / подработка / не полный день / полный день). Мы заинтересованы в длительном сотрудничестве, поэтому предлагаем ЛУЧШИЕ условия для Вас ПОВЫШАЕМ ВСЕ тарифы на зимний период ❗Готовы рассмотреть кандидатов с 16 лет Только у нас Вы можете: Заработать до 6 480 рублей за смену или до 540 руб. в час Выбрать любой график работы (от 2 до 12 часов, в любой день) Выбрать район доставок (можно у дома или в любом другом доступном районе) Получить повышенную оплату за дальние заказы и надбавки за повышенный спрос (до х5 от стоимости заказа) Рассчитывать на стабильные выплаты каждую пятницу до 42 000 рублей за неделю ❗Места ограничены. Нажимайте ОТКЛИК - направим информацию на почту и в чат в течение 2-х минут. Подробнее об условиях работы: Можно работать с любым устройством (андроид или IOS) Можно БЕЗ опыта (проведем вводное оплачиваемое обучение за несколько часов) Предлагаем САМЫЕ высокие тарифы в Вашем городе, если найдете ставки выше - напишите нам. Проводим обучение ЕЖЕДНЕВНО, начать можно сразу после обучения ЕЖЕНЕДЕЛЬНЫЕ выплаты, гарантированный доход за каждый час на смене, даже если нет заказов! Регулярные бонусы, акции и чаевые, которые могут увеличить доход на ~35% Ваша миссия: Доставка интернет-заказов заранее собранных, оплаченных и упакованных. Необходимо только передать клиенту Забирать заказы на пункте доставки и доставлять по адресам в выбранном районе (ограничили радиус доставки для Вашего удобства) Оставьте ОТКЛИК сейчас пока предложение актуально - направим информация в чат и на почту в течение 2-х минут *Пока вакансия размещена - она актуальна. Данная вакансия подойдёт для людей с опытом работы на таких позициях как: вечерний курьер, подработка вечером, курьер с ежедневными выплатами, курьер без опыта, подработка на 3 часа, курьер на вечер, доставка посылок, начинающий специалист, работа после учёбы, вакансии курьер, подработка курьером, быстрая подработка, работа неполный день, вакансии без опыта, промоутер, разнорабочий, удалённая работа, грузчик, яндекс курьер, озон доставка, магнит курьер, комплектовщик, сборщик, упаковщик, продавец, вахта, работа без специальной подготовки, временная работа, вакансия без медкнижки, начало карьеры, работа без опыта, срочно требуются работники, работа в вечернее время, подработка на зиму, сезонная работа, работа на праздники, подработка на новый год, вакансии вечером после основной работы, подработка в свободное время.;https://hh.ru/vacancy/92585548;baeaa1a5bd64c8bef39fd33bdbe1071d
2024;Курьер на подработку рядом с домом;Птицына Анастасия Андреевна;81420;139037;RUB;Сменный график;Частичная занятость;Ярославская область;Ярославль;573;Заработай в сезон БОЛЬШЕ с высокими тарифами 16+ ! Требуются курьеры, у нас свободный график (можно работать у дома)!Можно работать пешком или на любом своем транспорте. ❗️❗️МОЖНО работать НА АЙФОНЕ❗️❗️И на андроиде тоже можно. ✔️ СВОБОДНЫЙ ГРАФИК ✔️ ОПЛАТА 3.500- 4.000- 5.600 за день. Зависит от времени работы. ✔️ ПРИНИМАЕМ БЕЗ ОПЫТА. Обучим - покажем. ❗️Оформление без записи в трудовую книжку! ПО РАБОТЕ: Можно использовать как подработку(Легко совмещать с учебой или работой) Район на выбор(10 мин среднее время доставки) Заказы на доставку собраны и оплачены. Вы только доставляете. Чаевые и доплаты 100% ваши,за заказы комиссии нет! Прием ЕЖЕДНЕВНО (даже в выходные)! ДОХОД: Оплата за 4 часа - до 4.000 руб.(зависит от района и времени суток) ЖМИ ОТКЛИКНУТЬСЯ Мы пришлем информацию в ответном сообщении в течение пары минут и скоро напишем в WhatsApp Данная вакансия также подойдет, если вы искали: работа курьером, курьер, курьер с ежедневной оплатой, курьер пеший, курьер подработка, курьер выходного дня, свободный график, пешком, яндекс доставка, доставщик яндекс еда, яндекс лавка, яндекс про, яндекс маркет, сбермаркет, деливери клаб, delivery club, dostavista, достависта, курьер додо, озон, сдек, доставка суши, доставка еды, еду, доставка документов посылок, устроиться курьером, работа в районе, курьер с ежедневной оплатой, подработка с ежедневными выплатами, работа рядом с домом, без опыта, оплата каждый день. ЖМИ ОТКЛИКНУТЬСЯ!;https://hh.ru/vacancy/107984341;013ad26bde1f2fdb8979061627bed54d
2024;Курьер на подработку рядом с домом;Птицына Анастасия Андреевна;81420;139037;RUB;Сменный график;Частичная занятость;Ярославская область;Ярославль;573;Заработай в сезон БОЛЬШЕ с высокими тарифами 16+ ! Требуются курьеры, у нас свободный график (можно работать у дома)!Можно работать пешком или на любом своем транспорте. ❗️❗️МОЖНО работать НА АЙФОНЕ❗️❗️И на андроиде тоже можно. ✔️ СВОБОДНЫЙ ГРАФИК ✔️ ОПЛАТА 3.500- 4.000- 5.600 за день. Зависит от времени работы. ✔️ ПРИНИМАЕМ БЕЗ ОПЫТА. Обучим - покажем. ❗️Оформление без записи в трудовую книжку! ПО РАБОТЕ: Можно использовать как подработку(Легко совмещать с учебой или работой) Район на выбор(10 мин среднее время доставки) Заказы на доставку собраны и оплачены. Вы только доставляете. Чаевые и доплаты 100% ваши,за заказы комиссии нет! Прием ЕЖЕДНЕВНО (даже в выходные)! ДОХОД: Оплата за 4 часа - до 4.000 руб.(зависит от района и времени суток) ЖМИ ОТКЛИКНУТЬСЯ Мы пришлем информацию в ответном сообщении в течение пары минут и скоро напишем в WhatsApp Данная вакансия также подойдет, если вы искали: работа курьером, курьер, курьер с ежедневной оплатой, курьер пеший, курьер подработка, курьер выходного дня, свободный график, пешком, яндекс доставка, доставщик яндекс еда, яндекс лавка, яндекс про, яндекс маркет, сбермаркет, деливери клаб, delivery club, dostavista, достависта, курьер додо, озон, сдек, доставка суши, доставка еды, еду, доставка документов посылок, устроиться курьером, работа в районе, курьер с ежедневной оплатой, подработка с ежедневными выплатами, работа рядом с домом, без опыта, оплата каждый день. ЖМИ ОТКЛИКНУТЬСЯ!;https://hh.ru/vacancy/107984453;013ad26bde1f2fdb8979061627bed54d
2025;Подсобный рабочий;"ОБЩЕСТВО С ОГРАНИЧЕННОЙ ОТВЕТСТВЕННОСТЬЮ ""ТЕРПАК""";23000;30000;RUB;;Частичная занятость;Ярославская область;Ярославль;904;- Обеспечение помощи на своем участке работ, - Участие в уборке и выносе мусора после произведенных работ на территории предприятия, - Взаимодействие с коллегами по проведению необходимых вспомогательных работ, - Помощь специалистам в чистке и мойке инвентаря и инструментов, - Поддержание норм безопасности на предприятии, - 0,5 ставки. - Ответственность, - Внимательность, - Опыт работы не требуется.;https://trudvsem.ru/vacancy/card/1077608001140/76698e15-29d7-11ed-8d9a-791a818bdadb;aef13264d0e2042672db9f1cbcb8e051
2024;Junior менеджер в отдел продаж (Ярославль);Работут;0;80000;RUB;Гибкий график;Частичная занятость;Ярославская область;Ярославль;694;"Приглашаем начинающего менеджера в отдел продаж для продвижения услуг телевидения и интернета! Мы предлагаем: График работы от 4 часов в день, в удобное для Вас время; Выходные по согласованию с руководителем; Стабильные выплаты-без задержек; Можно совмещать с учёбой/работой; Обеспечение полноценного рабочего места (ПК, гарнитура, необходимые программы); Постоянные Акции и Бонусы У нас действует «Акция приведи друга» Обучение и наставничество с опытными сотрудниками; Амбициозный молодой коллектив; Возможность карьерного роста; Можно без опыта- всему научим; Чем предстоит заниматься: Консультирование клиентов по телефону по вопросам подключения домашнего интернета; Оформление заявок на подключение; Продвижение рекламы; Личные продажи; Что для нас важно: Навыки ведения телефонных переговоров; Грамотная устная и письменная речь; Навыки работы на ПК на уровне уверенного пользователя. Откликайтесь на вакансию, мы внимательно просматриваем каждое резюме! Если Вам не ответили на звонок, мы с Вами обязательно свяжемся. Больше информации в нашем приложении Работут и на нашем сайте";https://hh.ru/vacancy/103224330;f64f95b4a0dba4cb01813e00b1a9b0d3
2025;Подсобный рабочий;"ОБЩЕСТВО С ОГРАНИЧЕННОЙ ОТВЕТСТВЕННОСТЬЮ ""ГОТЭК-ПОЛИПАК ПЕРЕСЛАВЛЬ""";23000;23000;RUB;;Частичная занятость;Ярославская область;Ярославль;904;Должностные обязанности в соответствии с трудовым договором и должностной инструкцией. Режим работы - 2 часа в день. Оплата в зависимости от отработанного времени (4810,5 р. к начислению) Ответственность, коммуникабельность, умение работать в команде. Вакансия для несовершеннолетних. Социальный пакет Работа на 0.25 ставки, (заработная плата при условии работы на условиях неполного рабочего времени = 4 750 р. в месяц) Продолжительность рабочего дня - 2 часа (5 дней в неделю).;https://trudvsem.ru/vacancy/card/1157627004336/4b2ceb38-dd4d-11ef-a3fa-cb26dff57dd7;4bc05f9184e4b715b4bd36404242bc1d
2025;Электромонтер по ремонту и обслуживанию электрооборудования;"ПУБЛИЧНОЕ АКЦИОНЕРНОЕ ОБЩЕСТВО ""ОДК-САТУРН""";23000;23000;RUB;;Полная занятость;Ярославская область;Ярославль;1361;В соответствии с трудовым договором и должностной инструкцией Прием на работу по результатам собеседования. Ответственность. Образование: Среднее Режим работы односменный (до 16 лет: с 8-00 до 14-00, от 16 до 18 лет: с 8-00 до 16-00 (1 час обед)). Медицинское обслуживание, санаторно-курортное обеспечение, условия для приема пищи во время перерыва;https://trudvsem.ru/vacancy/card/1027601106169/d8f43200-2b47-11f0-ab63-cb26dff57dd7;7d7ef43e21d8503909213a4856738e7a
2025;Контролер измерительных приборов и специального инструмента;"ПУБЛИЧНОЕ АКЦИОНЕРНОЕ ОБЩЕСТВО ""ОДК-САТУРН""";23000;23000;RUB;;Полная занятость;Ярославская область;Ярославль;1229;В соответствии с трудовым договором и должностной инструкцией Прием на работу по результатам собеседования. Ответственность. Образование: Среднее Режим работы односменный (до 16 лет: с 8-00 до 14-00, от 16 до 18 лет: с 8-00 до 16-00 (1 час обед)). Медицинское обслуживание, санаторно-курортное обеспечение, условия для приема пищи во время перерыва;https://trudvsem.ru/vacancy/card/1027601106169/01ca2c08-4512-11f0-a0cc-cb26dff57dd7;067cf77774949085ee8728e3d64112b2
2025;Рабочий зеленого хозяйства;"ПУБЛИЧНОЕ АКЦИОНЕРНОЕ ОБЩЕСТВО ""ОДК-САТУРН""";23000;23000;RUB;;Полная занятость;Ярославская область;Ярославль;904;В соответствии с трудовым договором и должностной инструкцией Прием на работу по результатам собеседования. Ответственность. Образование: Среднее Режим работы односменный (до 16 лет: с 8-00 до 14-00, от 16 до 18 лет: с 8-00 до 16-00 (1 час обед)). Медицинское обслуживание, санаторно-курортное обеспечение, условия для приема пищи во время перерыва;https://trudvsem.ru/vacancy/card/1027601106169/335c9a08-4512-11f0-ae82-e7d0d2cf29b1;2fe128425ac4ad24a036a67a71f1ce58
2025;Распределитель работ;"ПУБЛИЧНОЕ АКЦИОНЕРНОЕ ОБЩЕСТВО ""ОДК-САТУРН""";23000;23000;RUB;;Полная занятость;Ярославская область;Ярославль;904;В соответствии с трудовым договором и должностной инструкцией. Прием на работу по результатам собеседования. Ответственность. Образование: Среднее Режим работы односменный (до 16 лет: с 8-00 до 14-00, от 16 до 18 лет: с 8-00 до 16-00 (1 час обед)). Медицинское обслуживание, санаторно-курортное обеспечение, условия для приема пищи во время перерыва;https://trudvsem.ru/vacancy/card/1027601106169/211d70f8-5cbc-11f0-bf73-d549be31d974;5017a5da83223c08bfefff194b9196f4
2025;Слесарь по ремонту автомобилей;"ПУБЛИЧНОЕ АКЦИОНЕРНОЕ ОБЩЕСТВО ""ОДК-САТУРН""";23000;23000;RUB;;Полная занятость;Ярославская область;Ярославль;93;В соответствии с трудовым договором и должностной инструкцией Прием на работу по результатам собеседования. Ответственность. Образование: Среднее Режим работы односменный (до 16 лет: с 8-00 до 14-00, от 16 до 18 лет: с 8-00 до 16-00 (1 час обед)). Медицинское обслуживание, санаторно-курортное обеспечение, условия для приема пищи во время перерыва;https://trudvsem.ru/vacancy/card/1027601106169/6205cac0-4512-11f0-a0cc-cb26dff57dd7;32531f8b6a213d98bd00c707374bae2a
2025;Токарь;"ПУБЛИЧНОЕ АКЦИОНЕРНОЕ ОБЩЕСТВО ""ОДК-САТУРН""";23000;23000;RUB;;Полная занятость;Ярославская область;Ярославль;900;В соответствии с трудовым договором и должностной инструкцией Прием на работу по результатам собеседования. Ответственность. Образование: Среднее Режим работы односменный (до 16 лет: с 8-00 до 14-00, от 16 до 18 лет: с 8-00 до 16-00 (1 час обед)). Медицинское обслуживание, санаторно-курортное обеспечение, условия для приема пищи во время перерыва;https://trudvsem.ru/vacancy/card/1027601106169/2cbf9318-55a6-11f0-9d55-d549be31d974;74a326a2f4c997641bd7782731ff1c9d
2025;Электромонтер по ремонту и обслуживанию электрооборудования;"ПУБЛИЧНОЕ АКЦИОНЕРНОЕ ОБЩЕСТВО ""ОДК-САТУРН""";23000;23000;RUB;;Полная занятость;Ярославская область;Ярославль;1361;В соответствии с трудовым договором и должностной инструкцией Прием на работу по результатам собеседования. Ответственность. Образование: Среднее Режим работы односменный (до 16 лет: с 8-00 до 14-00, от 16 до 18 лет: с 8-00 до 16-00 (1 час обед)). Медицинское обслуживание, санаторно-курортное обеспечение, условия для приема пищи во время перерыва;https://trudvsem.ru/vacancy/card/1027601106169/2ee462e8-4513-11f0-a0cc-cb26dff57dd7;7d7ef43e21d8503909213a4856738e7a
2024;Работник предприятия «Вкусно – и точка»;Вкусно — и точка;0;51000;RUB;Сменный график;Частичная занятость;Ярославская область;Ярославль;880;ТЕПЕРЬ ЗАРПЛАТА ВЫШЕ!В дружной команде «Вкусно – и точка» вы будете: Принимать гостей и дарить им качественный сервис в зале и на кассе Готовить блюда из нашего меню Поддерживать зал в чистом и красивом виде, а гостей — в прекрасном настроении! Мы гарантируем: Официальное трудоустройство с первого дня Гарантированный доход без штрафов, выплаты 2 раза в месяц Премия за полную выработку, премия за любые временные возможности, премия «Приведи друга», доплата за работу в вечерние и ночные часы Бесплатное оформление медицинской книжки, бесплатное питание и униформу Оплачиваемые больничные листы и отпуска, в том числе учебные Возможность прохождения учебной практики Требования к кандидатам: Наличие документов, необходимых для трудоустройства по ТК РФ Возраст от 15 лет Опыт не требуется;https://hh.ru/vacancy/106636149;2e4a763346cc9b5edc6d047c4837dfdb
2024;Работник предприятия «Вкусно – и точка»;Вкусно — и точка;0;45000;RUB;Сменный график;Частичная занятость;Ярославская область;Рыбинск;880;ТЕПЕРЬ ЗАРПЛАТА ВЫШЕ!В дружной команде «Вкусно – и точка» вы будете: Принимать гостей и дарить им качественный сервис в зале и на кассе Готовить блюда из нашего меню Поддерживать зал в чистом и красивом виде, а гостей — в прекрасном настроении! Мы гарантируем: Официальное трудоустройство с первого дня Гарантированный доход без штрафов, выплаты 2 раза в месяц Премия за полную выработку, премия за любые временные возможности, премия «Приведи друга», доплата за работу в вечерние и ночные часы Бесплатное оформление медицинской книжки, бесплатное питание и униформу Оплачиваемые больничные листы и отпуска, в том числе учебные Возможность прохождения учебной практики Требования к кандидатам: Наличие документов, необходимых для трудоустройства по ТК РФ Возраст от 15 лет Опыт не требуется;https://hh.ru/vacancy/106636364;2e4a763346cc9b5edc6d047c4837dfdb
2024;Работник предприятия «Вкусно – и точка»;Вкусно — и точка;0;45000;RUB;Сменный график;Частичная занятость;Ярославская область;Ростов (Ярославская область);880;ТЕПЕРЬ ЗАРПЛАТА ВЫШЕ!В дружной команде «Вкусно – и точка» вы будете: Принимать гостей и дарить им качественный сервис в зале и на кассе Готовить блюда из нашего меню Поддерживать зал в чистом и красивом виде, а гостей — в прекрасном настроении! Мы гарантируем: Официальное трудоустройство с первого дня Гарантированный доход без штрафов, выплаты 2 раза в месяц Премия за полную выработку, премия за любые временные возможности, премия «Приведи друга», доплата за работу в вечерние и ночные часы Бесплатное оформление медицинской книжки, бесплатное питание и униформу Оплачиваемые больничные листы и отпуска, в том числе учебные Возможность прохождения учебной практики Требования к кандидатам: Наличие документов, необходимых для трудоустройства по ТК РФ Возраст от 15 лет Опыт не требуется;https://hh.ru/vacancy/106636366;2e4a763346cc9b5edc6d047c4837dfdb
2024;Курьер на подработку с ежедневными выплатами;Птицына Анастасия Андреевна;69420;139037;RUB;Сменный график;Частичная занятость;Ярославская область;Тутаев;573;Заработай в сезон БОЛЬШЕ с высокими тарифами 16+! Требуются курьеры, у нас свободный график (можно работать у дома)!Можно работать пешком или на любом своем транспорте. ❗️❗️МОЖНО работать НА АЙФОНЕ❗️❗️И на андроиде тоже можно. ✔️ СВОБОДНЫЙ ГРАФИК ✔️ ОПЛАТА 3.500- 4.000- 5.600 за день. Зависит от времени работы. ✔️ ПРИНИМАЕМ БЕЗ ОПЫТА. Обучим - покажем. ❗️Оформление без записи в трудовую книжку! ПО РАБОТЕ: Можно использовать как подработку(Легко совмещать с учебой или работой) Район на выбор(10 мин среднее время доставки) Заказы на доставку собраны и оплачены. Вы только доставляете. Чаевые и доплаты 100% ваши,за заказы комиссии нет! Прием ЕЖЕДНЕВНО (даже в выходные)! ДОХОД: Оплата за 4 часа - до 4.000 руб.(зависит от района и времени суток) ЖМИ ОТКЛИКНУТЬСЯ Мы пришлем информацию в ответном сообщении в течение пары минут и скоро напишем в WhatsApp Данная вакансия также подойдет, если вы искали: работа курьером, курьер, курьер с ежедневной оплатой, курьер пеший, курьер подработка, курьер выходного дня, свободный график, пешком, яндекс доставка, доставщик яндекс еда, яндекс лавка, яндекс про, яндекс маркет, сбермаркет, деливери клаб, delivery club, dostavista, достависта, курьер додо, озон, сдек, доставка суши, доставка еды, еду, доставка документов посылок, устроиться курьером, работа в районе, курьер с ежедневной оплатой, подработка с ежедневными выплатами, работа рядом с домом, без опыта, оплата каждый день. ЖМИ ОТКЛИКНУТЬСЯ!;https://hh.ru/vacancy/105164201;cc0f9780a705b90aa8b442e9f5efde92
2025;Подсобный рабочий (квота для несовершеннолетних);"ОБЩЕСТВО С ОГРАНИЧЕННОЙ ОТВЕТСТВЕННОСТЬЮ ""ТЕХНОЦЕНТР""";41040;41040;RUB;Полный день;Полная занятость;Ярославская область;Ярославль;0;В ыполнять вспомогательные работы на производстве. Должен быть физически крепким, уметь рассчитывать нагрузку и быстро выполнять поставленные задачи.;https://trudvsem.ru/vacancy/card/1047601800608/923bf148-3f79-11f0-8396-e7d0d2cf29b1;9d880f83341bf51fdc051229eab3b762
2025;подсобный рабочий;"ОБЩЕСТВО С ОГРАНИЧЕННОЙ ОТВЕТСТВЕННОСТЬЮ ""7-Я""";23000;23000;RUB;;Полная занятость;Ярославская область;Ярославль;904;Комплектация продукции Приборка территории Отсутствие медицинских противопоказаний;https://trudvsem.ru/vacancy/card/1037600001108/2b841885-2241-11ee-8248-9586bb63c653;5f6a2f174106315c8af40803dfdb92fd
2025;подсобный рабочий;"ОБЩЕСТВО С ОГРАНИЧЕННОЙ ОТВЕТСТВЕННОСТЬЮ ""ДИЗАЙН""";23000;23000;RUB;Полный день;Полная занятость;Ярославская область;Ярославль;904;комплектация продукции приборка территории отсутствие медицинских противопоказаний;https://trudvsem.ru/vacancy/card/1057600037000/3d806b45-f86e-11ec-ac42-d768660431c4;857e5f77eb83e95f91a7ef542fda7796
2025;подсобный рабочий;"ЗАКРЫТОЕ АКЦИОНЕРНОЕ ОБЩЕСТВО ""КРАСНЫЙ ПЕРЕВАЛ""";23000;23000;RUB;;Полная занятость;Ярославская область;Ярославль;904;"подготовка продукции;уборка территории отсутствие противопоказаний к данному виду деятельности";https://trudvsem.ru/vacancy/card/1027600510277/3bbd4535-f873-11ec-aadb-57fc951f3846;bb986478aa313e7d189101bbdb18c320
2025;Пеший курьер;Птицына Анастасия Андреевна;158400;197500;RUB;Гибкий график;Частичная занятость;Ярославская область;Рыбинск;0;Заработай в сезон БОЛЬШЕ с высокими тарифами 16+ ! Требуются курьеры, у нас свободный график (можно работать у дома)! ❗️❗️МОЖНО работать НА АЙФОНЕ❗️❗️И на андроиде тоже можно. ✔️ СВОБОДНЫЙ ГРАФИК ✔️ ОПЛАТА 3.500- 4.000- 5.600 за день. Зависит от времени работы. ✔️ ПРИНИМАЕМ БЕЗ ОПЫТА. Обучим - покажем. ❗️Оформление без записи в трудовую книжку! ПО РАБОТЕ: Можно использовать как подработку(Легко совмещать с учебой или работой) Район на выбор(10 мин среднее время доставки) Заказы на доставку собраны и оплачены. Вы только доставляете. Чаевые и доплаты 100% ваши,за заказы комиссии нет! Прием ЕЖЕДНЕВНО (даже в выходные)! ДОХОД: Оплата за 4 часа - до 4.000 руб.(зависит от района и времени суток) ЖМИ ОТКЛИКНУТЬСЯ Мы пришлем информацию в ответном сообщении в течение пары минут и скоро напишем в WhatsApp Данная вакансия также подойдет, если вы искали: работа курьером, курьер, курьер с ежедневной оплатой, курьер пеший, курьер подработка, курьер выходного дня, свободный график, пешком, яндекс доставка, доставщик яндекс еда, яндекс лавка, яндекс про, яндекс маркет, сбермаркет, деливери клаб, delivery club, dostavista, достависта, курьер додо, озон, сдек, доставка суши, доставка еды, еду, доставка документов посылок, устроиться курьером, работа в районе, курьер с ежедневной оплатой, подработка с ежедневными выплатами, работа рядом с домом, без опыта, оплата каждый день. ЖМИ ОТКЛИКНУТЬСЯ!;https://hh.ru/vacancy/115069590;d3b9395b0f1b6a13fe37ab8f0e45417f
2025;Курьер-пеший на подработку рядом с домом;Птицына Анастасия Андреевна;158400;197500;RUB;Гибкий график;Частичная занятость;Ярославская область;Ярославль;0;Заработай в сезон БОЛЬШЕ с высокими тарифами 16+ ! Требуются курьеры, у нас свободный график (можно работать у дома)! ❗️❗️МОЖНО работать НА АЙФОНЕ❗️❗️И на андроиде тоже можно. ✔️ СВОБОДНЫЙ ГРАФИК ✔️ ОПЛАТА 3.500- 4.000- 5.600 за день. Зависит от времени работы. ✔️ ПРИНИМАЕМ БЕЗ ОПЫТА. Обучим - покажем. ❗️Оформление без записи в трудовую книжку! ПО РАБОТЕ: Можно использовать как подработку(Легко совмещать с учебой или работой) Район на выбор(10 мин среднее время доставки) Заказы на доставку собраны и оплачены. Вы только доставляете. Чаевые и доплаты 100% ваши,за заказы комиссии нет! Прием ЕЖЕДНЕВНО (даже в выходные)! ДОХОД: Оплата за 4 часа - до 4.000 руб.(зависит от района и времени суток) ЖМИ ОТКЛИКНУТЬСЯ Мы пришлем информацию в ответном сообщении в течение пары минут и скоро напишем в WhatsApp Данная вакансия также подойдет, если вы искали: работа курьером, курьер, курьер с ежедневной оплатой, курьер пеший, курьер подработка, курьер выходного дня, свободный график, пешком, яндекс доставка, доставщик яндекс еда, яндекс лавка, яндекс про, яндекс маркет, сбермаркет, деливери клаб, delivery club, dostavista, достависта, курьер додо, озон, сдек, доставка суши, доставка еды, еду, доставка документов посылок, устроиться курьером, работа в районе, курьер с ежедневной оплатой, подработка с ежедневными выплатами, работа рядом с домом, без опыта, оплата каждый день. ЖМИ ОТКЛИКНУТЬСЯ!;https://hh.ru/vacancy/115069759;bd75ec04a3673ee1a26fdefe0d80b335
2023;Промоутер-распространитель;Ярспецгаз;25000;40000;RUB;Гибкий график;Частичная занятость;Ярославская область;Рыбинск;957;Обязанности: Распространение листовок по почтовым ящикам Предоставление фотоотчетов о проделанной работе Требования: Требуется сотрудник на постоянную работу Желание работать и зарабатывать. Добросовестность, ответственность и честность. Опыт работы не обязателен Возраст от 16 лет Условия: Подробный инструктаж Приступить к работе можно сразу, после собеседования в этот же день Возможность совмещать с учебой и работой! Оплата происходит ежедневно или раз в неделю, сугубо по вашему сделанному объёму Возможно оформление по трудовому договору Ограничений на максимум нет, все зависит только от вашего желания и активности;https://hh.ru/vacancy/82989110;9c47b64dec564ccc9d0ef58120a06907
2025;Курьер в доставку, легкие заказы из Кафе (1-3кг);Работа-Подработка: Курьер, Кладовщик, Сборщик;135000;267000;RUB;Полный день;Частичная занятость;Ярославская область;Ярославль;0;Добрый день уважаемый соискатель!Нам требуется курьер с ежедневной оплатой на подработку или как на основную работу!В данный момент у нас 11 категорий доставок, а именно доставка ЦВЕТОВ, ДОКУМЕНТОВ, ЗООТОВАРОВ, АПТЕКИ, ЭЛЕКТРОНИКА и т.дОбязанности- Доставка небольших посылок (время доставок вы выбираете самостоятельно -сами)- Выполнение заказов через приложение- Очень много заказав- Доставки по районуТребования- Телефон андроид или айфон- Желание зарабатыватьУсловия:- Ежедневные выплаты: до 7000 руб./день.- Близко к дому: доставки в твоем районе.- Легкие заказы: вес до 2 кг.- Гибкое расписание (время и количество рабочих часов выбираете самостоятельно)- Нет обязательного плана по доставкеНажмите ОТКЛИКНУТЬСЯ прямо сейчас и получите все подробности о работе! Также пишите в мессенджерах WhatsApp/Telegram: менеджер 24/7 готов ответить на вопросы и помочь с оформлением. Не упустите свой шанс начать уже сегодня!Также подойдет, если вы искали: «курьер, подработка с ежедневными выплатами, ежедневная оплата, свободный график, ночной курьер, вечерний курьер, доставка, лавка, документы, груз, сервис, пеший курьер, оплата каждый день, подработка, работа рядом с домом, достависта, график, свободный, пеший курьер, работа по району, официальное трудоустройство, зарплата, ЗП, оплата, доставка, работа курьером, курьер, еженедельная, ежедневная, на руки курьеру, подработка, прямой работодатель, ищу работу, время, работа без опыта, оплата сразу, утреннее, дневное, вечернее , время, режим»ОБРАЩАЕМ ВНИМАНИЕ, после отклика на данную вакансию потребуется предоставление информации или выполнение иных действий на сторонних информационных ресурсах.;https://hh.ru/vacancy/126288560;93465bf880b3ce9a7d9870fb32e23950
2023;Курьер легких заказов (подработка);Центр обучения курьеров;60000;125000;RUB;Сменный график;Частичная занятость;Ярославская область;Ярославль;573;Курьер легких заказов (подработка) Только по микрорайону у дома (заказы собраны, и оплачены) ✔️ ЕЖЕДНЕВНЫЕ ВЫПЛАТЫ ✔️ ТЕЛЕФОН НА БАЗЕ АНДРОИД ✔️ ВЫПЛАТЫ 3.000- 5.500 за день (от времени работы) ✔️ ПРИНИМАЕМ БЕЗ ОПЫТА (обучим и поможем) ❗️НЕТ КОМИССИИ С ЗАКАЗОВ - у нас без процентов УСЛОВИЯ РАБОТЫ: Можно использовать как подработку ( Легко совмещать с учебой или работой ) Заказы на доставку собраны и оплачены. Вы только доставляете! Район на выбор, можно менять каждую смену (7-10 мин среднее время доставки ) Чаевые и доплаты 100% ваши, за заказы комиссии нет! Прием ЕЖЕДНЕВНО (и в выходные)! ЗАРАБОТОК: Средняя оплата за 4 часа около 1.800 руб. и выше зависит от скорости работы Условия выплат: Ежедневно на карту до 450 рублей в час + надбавки и бонусы ‼️ Во время повышенного спроса до 550рублей в час ‼️ ЖМИ ОТКЛИКНУТЬСЯ! Также подойдет, если вы искали: документы, работа курьером, курьер, курьер с ежедневной оплатой, курьер пеший, курьер подработка, курьер выходного дня, день, вечер, утро, в ночь, вееромам, вечером, свободный график, пешком, яндекс доставка, доставщик , лавка, яндекс про, яндекс маркет, сбермаркет, деливери клаб, delivery club, dostavista, достависта, курьер додо, озон, сдек, доставка суши, доставка еды, еду, доставка документов посылок, устроиться курьером, работа в районе, курьер с ежедневной оплатой, подработка с ежедневными выплатами, работа рядом с домом, без опыта, оплата каждый день;https://hh.ru/vacancy/77406854;b4eed40ebf7bda30ade072832dd82309
2024;Курьер рядом с домом;Птицына Анастасия Андреевна;81420;139037;RUB;Сменный график;Частичная занятость;Ярославская область;Рыбинск;573;Заработай в сезон БОЛЬШЕ с высокими тарифами 16+ ! Требуются курьеры, у нас свободный график (можно работать у дома)! ❗️❗️МОЖНО работать НА АЙФОНЕ❗️❗️И на андроиде тоже можно. ✔️ СВОБОДНЫЙ ГРАФИК ✔️ ОПЛАТА 3.500- 4.000- 5.600 за день. Зависит от времени работы. ✔️ ПРИНИМАЕМ БЕЗ ОПЫТА. Обучим - покажем. ❗️Оформление без записи в трудовую книжку! ПО РАБОТЕ: Можно использовать как подработку(Легко совмещать с учебой или работой) Район на выбор(10 мин среднее время доставки) Заказы на доставку собраны и оплачены. Вы только доставляете. Чаевые и доплаты 100% ваши,за заказы комиссии нет! Прием ЕЖЕДНЕВНО (даже в выходные)! ДОХОД: Оплата за 4 часа - до 4.000 руб.(зависит от района и времени суток) ЖМИ ОТКЛИКНУТЬСЯ Мы пришлем информацию в ответном сообщении в течение пары минут и скоро напишем в WhatsApp Данная вакансия также подойдет, если вы искали: работа курьером, курьер, курьер с ежедневной оплатой, курьер пеший, курьер подработка, курьер выходного дня, свободный график, пешком, яндекс доставка, доставщик яндекс еда, яндекс лавка, яндекс про, яндекс маркет, сбермаркет, деливери клаб, delivery club, dostavista, достависта, курьер додо, озон, сдек, доставка суши, доставка еды, еду, доставка документов посылок, устроиться курьером, работа в районе, курьер с ежедневной оплатой, подработка с ежедневными выплатами, работа рядом с домом, без опыта, оплата каждый день. ЖМИ ОТКЛИКНУТЬСЯ!;https://hh.ru/vacancy/107999330;67e081e1dec3de31b42ed22314cfd576
2024;Подсобный рабочий;ПЕРВОМАЙСКОЕ РАЙОННОЕ ПОТРЕБИТЕЛЬСКОЕ ОБЩЕСТВО;19300;19300;RUB;Неполный день;Частичная занятость;Ярославская область;Ярославль;904;Мелкие строительные работы, разгрузка, погрузка товаров по магазинам. Обучение на месте, без опыта работы,дисциплинирован, ответственен.;https://trudvsem.ru/vacancy/card/1027601460677/bc6dce55-df73-11ee-a477-d549be31d974;e8266b4aa901497234fce9557245705e
2025;Сканировщик торгового зала;АШАН Ритейл Россия;0;46600;RUB;Гибкий график;Частичная занятость;Ярославская область;Ярославль;514;"МЫ ПОВЫСИЛИ ЗАРАБОТНУЮ ПЛАТУ! Совокупный ежемесячный доход до 46600 руб., по результатам собеседования Возможен дополнительный доход +50% от оклада с учетом подработок Получайте бонусы от 15 000р. до 40 000р. за каждого трудоустроенного друга Графики работы на выбор: 5/2 по 8 часов, плавающие выходные; 2/2 по 11 часов; при желании возможно взять подработки в компании, например, 5/2 по 12 часов возможно трудоустройство по совместительству, с индивидуальным графиком, от 1 дня в неделю возможна подработка для школьников с 14 лет, с индивидуальным графиком Чем предстоит заниматься: выкладка товара на полки, контроль ценников, контроль сроков годности​​​. Пожелания к кандидату: опыт работы не обязателен - проводим обучение. Оставляйте отклик или позвоните нам! Данная вакансия также подойдет, если вы искали: работник торгового зала, АШАН, АТАК, Азбука Вкуса, Вкусвилл, Лента, Пятерочка, Магнит, Перекресток, Билла, Карусель, Дикси, Мясницкий ряд, Верный, Глобус, Вкусно и точка, Самокат, Яндекс еда, Спар, Euro Spar, Магнолия, Красное белое, Fix Price, Мясновъ Мираторг, Ремит, Фикс Прайс, Сбермаркет, Яндекс маркет, ОКЕЙ, МЕГА, ЕвроСпар, Чижик, Леруа Мерлен, Декатлон, Спортмастер, Детский мир, Ярче, Красное и Белое, подработка, свободный график, сменный график, гибкий график, работа рядом с домом, без опыта работы, начало карьеры, начинающий специалист";https://hh.ru/vacancy/117942230;bca12a91e115c18356e60fa245c3dbbd
2025;Курьер в доставку Кафе;Работа-Подработка: Курьер, Кладовщик, Сборщик;115879;235467;RUB;Полный день;Частичная занятость;Ярославская область;Ярославль;573;Добрый день уважаемый соискатель!Нам требуется курьер с ежедневной оплатой на подработку или как на основную работу!В данный момент у нас 11 категорий доставок, а именно доставка ЦВЕТОВ, ДОКУМЕНТОВ, ЗООТОВАРОВ, АПТЕКИ, ЭЛЕКТРОНИКА и т.дОбязанности- Доставка небольших посылок (время доставок вы выбираете самостоятельно -сами)- Выполнение заказов через приложение- Очень много заказав- Доставки по районуТребования- Телефон андроид или айфон- Желание зарабатыватьУсловия:- Ежедневные выплаты: до 7000 руб./день.- Близко к дому: доставки в твоем районе.- Легкие заказы: вес до 2 кг.- Гибкое расписание (время и количество рабочих часов выбираете самостоятельно)- Нет обязательного плана по доставкеНажмите ОТКЛИКНУТЬСЯ прямо сейчас и получите все подробности о работе! менеджер 24/7 готов ответить на вопросы и помочь с оформлением. Не упустите свой шанс начать уже сегодня!Также подойдет, если вы искали: «курьер, подработка с ежедневными выплатами, ежедневная оплата, свободный график, ночной курьер, вечерний курьер, доставка, лавка, документы, груз, сервис, пеший курьер, оплата каждый день, подработка, работа рядом с домом, достависта, график, свободный, пеший курьер, работа по району, официальное трудоустройство, зарплата, ЗП, оплата, доставка, работа курьером, курьер, еженедельная, ежедневная, на руки курьеру, подработка, прямой работодатель, ищу работу, время, работа без опыта, оплата сразу, утреннее, дневное, вечернее , время, режим»ОБРАЩАЕМ ВНИМАНИЕ, после отклика на данную вакансию потребуется предоставление информации или выполнение иных действий на сторонних информационных ресурсах.;https://hh.ru/vacancy/122564713;15638419e4c3d11ea0e7fbd66ae9f66b
2024;Курьер (700-1000р/час, свободный график и ежедневная оплата);Хубулов Георгий;150000;160000;RUB;Гибкий график;Частичная занятость;Ярославская область;Ярославль;573;Требуется курьер на доставку товаров или готовой еды из кафе (НА ВАШ ВЫБОР). Необходимо доставлять готовые заказы до клиента. ✅Ежедневные выплаты 700-1000р/час + все чаевые ВАШИ ✅Гарантированный доход даже при отсутствии заказов! ✅ Оформления по договору ГПХ или самозанятости (на ВАШ выбор) ✅Можно выбрать любой удобный район рядом с домом и доставлять только по нему (небольшое расстояние до 2км, вес до 2кг)! ✅ График полностью СВОБОДНЫЙ (хоть час в день, хоть час в неделю!) Условия: - Выйти на работу можно уже сегодня! Для ускорения нашей с Вами связи большая просьба сразу писать на Ватсап, отклики не рассматриваются. Пишите в любое время дня и ночи, мы всегда на связи! Данная вакансия также подойдет, если вы искали: работа с ежедневной оплатой, по свободному графику, свободный график, подрабатывание, вторичная занятость,утреннее, дневное, вечернее, время, режим, доставка еды, еду, яндекс еда, яндекс.еда, доставщик, еженедельная, сервис, подработка с ежедневными выплатами, без трудовой, без записи в трудовую книжку, ежедневная, яндекс лавка, сбермаркет, заказов для интернет магазина, деливери клаб, delivery club, dostavista, достависта, додо, озон, ozon, сдэк, прямой работодатель, устроиться, работа в районе, без опыта, оплата каждый день,доставка продуктов и питания,доставщик, сбер доставка, устроиться в доставку, подключение в доставку;https://hh.ru/vacancy/108169018;7a44abc8c3a5d5ec9835d4cca54aa998
2025;Контролер измерительных приборов и специального инструмента;"ПУБЛИЧНОЕ АКЦИОНЕРНОЕ ОБЩЕСТВО ""ОДК-САТУРН""";23000;0;RUB;Полный день;Полная занятость;Ярославская область;Ярославль;865;В соответствии с трудовым договором и должностной инструкцией Прием на работу по результатам собеседования. Ответственность. Образование: Среднее Режим работы односменный (до 16 лет: с 8-00 до 14-00, от 16 до 18 лет: с 8-00 до 16-00 (1 час обед)). Медицинское обслуживание, санаторно-курортное обеспечение, условия для приема пищи во время перерыва;https://trudvsem.ru/vacancy/card/1027601106169/253943b8-5571-11ef-861a-cb26dff57dd7;067cf77774949085ee8728e3d64112b2
2025;Архивариус;"ПУБЛИЧНОЕ АКЦИОНЕРНОЕ ОБЩЕСТВО ""ОДК-САТУРН""";23000;0;RUB;Полный день;Полная занятость;Ярославская область;Ярославль;754;В соответствии с трудовым договором и должностной инструкцией Прием на работу по результатам собеседования. Ответственность. Образование: Среднее Режим работы односменный (до 16 лет: с 8-00 до 14-00, от 16 до 18 лет: с 8-00 до 16-00 (1 час обед)). Медицинское обслуживание, санаторно-курортное обеспечение, условия для приема пищи во время перерыва;https://trudvsem.ru/vacancy/card/1027601106169/744e15e8-556f-11ef-87f1-d549be31d974;9efdb519feb1f6cb93eea448f3471223
2025;Подсобный рабочий Ярославского участка (Руководство);"АКЦИОНЕРНОЕ ОБЩЕСТВО ""РН-ЯРОСЛАВЛЬ""";19300;19300;RUB;;Полная занятость;Ярославская область;Ярославль;308;Выполнение вспомогательных работ по заданиям сотрудников подразделений Общества Образование среднее или среднее (полное) общее, или лица, получающие среднее или среднее профессиональное образование Навыки работы на персональном компьютере. Грамотное письмо. Знание Word, Excel на уровне пользователя (навыки оформления и редактирования печатного текста, таблиц, схем). Расширенный пакет социальных гарантий и льгот: Программа страхования жизни и здоровья от несчастных случаев, материальная помощь в определенных жизненных ситуациях, корпоративное пенсионное обеспечение, добровольное медицинское страхование, и т.п.;https://trudvsem.ru/vacancy/card/1087604014827/1fbb9f28-ad85-11ef-88d8-cb26dff57dd7;47b82f24eae3c1617551837a2d95c68d
2024;Менеджер по работе с клиентами;Ростелеком;0;90000;RUB;Полный день;Частичная занятость;Ярославская область;Ярославль;714;"Ростелеком ищет в свою команду массового сегмента (B2C) амбициозного специалиста по продажам, который будет расти вместе с нами. Нам важно найти единомышленника, готового быстро обучаться и легко находящего подход к клиентам. Прекрасный старт в начале карьеры! Чем предстоит заниматься: Активные продажи услуг Ростелекома: работать как уже с действующим клиентами, так и осуществлять поиск новых; Помогать клиентам и консультировать их в выборе наиболее подходящих и выгодных тарифов: например, интернет, умная колонка «Маруся», интерактивное ТВ, умный дом, видеонаблюдение, оборудование, мобильная связь. Формировать заявки на подключение услуг, а также вести отчетность. Что мы от вас ожидаем: Рассматриваем от 16 лет; Рассмотрим кандидатов без опыта работы, мы всему научим; Развитые навыки коммуникации, грамотная и четкая речь; Активная жизненная позиция, нацеленность на результат; Что мы предлагаем: Средний уровень дохода от 20 000₽ в месяц и выше, ежемесячные премии по результатам работы. Все в твоих руках! Гибкий график на выбор: 5/2 или 2/2; Можно совмещать с основной работой или учебой: занятость в день от 4 часов. Оформление по договору ГПХ; Наставники обучат техникам продаж и коммуникациям с клиентами, также для профессионального и личного развития предоставляется доступ к корпоративному онлайн-университету и электронным библиотекам Поддержка опытных коллег;";https://hh.ru/vacancy/100809764;638595ca4f42508666e0d659b48c9a4a
2024;Менеджер по работе с клиентами;Ростелеком;0;90000;RUB;Гибкий график;Частичная занятость;Ярославская область;Ярославль;714;"Ростелеком ищет в свою команду массового сегмента (B2C) амбициозного специалиста по продажам, который будет расти вместе с нами. Нам важно найти единомышленника, готового быстро обучаться и легко находящего подход к клиентам. Прекрасный старт в начале карьеры! Чем предстоит заниматься: Активные продажи услуг Ростелекома: работать как уже с действующим клиентами, так и осуществлять поиск новых; Помогать клиентам и консультировать их в выборе наиболее подходящих и выгодных тарифов: например, интернет, умная колонка «Маруся», интерактивное ТВ, умный дом, видеонаблюдение, оборудование, мобильная связь. Формировать заявки на подключение услуг, а также вести отчетность. Что мы от вас ожидаем: Рассмотрим кандидатов без опыта работы, мы всему научим; Развитые навыки коммуникации, грамотная и четкая речь; Активная жизненная позиция, нацеленность на результат; Что мы предлагаем: Средний уровень дохода от 20 000₽ в месяц и выше, ежемесячные премии по результатам работы. Все в твоих руках! Гибкий график на выбор: 5/2 или 2/2; Можно совмещать с основной работой или учебой: занятость в день от 4 часов. Оформление по договору ГПХ; Наставники обучат техникам продаж и коммуникациям с клиентами, также для профессионального и личного развития предоставляется доступ к корпоративному онлайн-университету и электронным библиотекам Поддержка опытных коллег;";https://hh.ru/vacancy/103355737;638595ca4f42508666e0d659b48c9a4a
2023;Утренний/вечерний курьер на лёгкие посылки до 2 кг;Птицына Анастасия Андреевна;89420;142037;RUB;Гибкий график;Частичная занятость;Ярославская область;Ярославль;573;Заработай осенью с высокими тарифами 14+! Требуются курьеры, у нас свободный график (можно работать у дома)! ❗️❗️МОЖНО работать НА АЙФОНЕ❗️❗️И на андроиде тоже можно. ✔️ С ЕЖЕДНЕВНЫМИ ВЫПЛАТАМИ ✔️ ОПЛАТА 3.500- 4.000- 5.400 за день (зависит от времени работы) ✔️ ПРИНИМАЕМ БЕЗ ОПЫТА (обучим - покажем) ❗️Оформление без записи в трудовую книжку! ПО РАБОТЕ: Можно использовать как подработку(Легко совмещать с учебой или работой) Район на выбор, можно менять каждую смену(7-10 мин среднее время доставки) Заказы на доставку собраны и оплачены. Вы только доставляете(Вес до 5 кг) Чаевые и доплаты 100% ваши,за заказы комиссии нет! Прием ЕЖЕДНЕВНО (даже в выходные)! ДОХОД: Средняя оплата за 4 часа - около 3.000 руб. Акция приведи друга - получи до 10тр ЖМИ ОТКЛИКНУТЬСЯ Мы пришлем информацию в ответном сообщении в течение пары минут и чуть позднее напишем в WhatsApp Данная вакансия также подойдет, если вы искали: работа курьером, курьер, курьер с ежедневной оплатой, курьер пеший, курьер подработка, курьер выходного дня, свободный график, пешком, яндекс доставка, доставщик яндекс еда, яндекс лавка, яндекс про, яндекс маркет, сбермаркет, деливери клаб, delivery club, dostavista, достависта, курьер додо, озон, сдек, доставка суши, доставка еды, еду, доставка документов посылок, устроиться курьером, работа в районе, курьер с ежедневной оплатой, подработка с ежедневными выплатами, работа рядом с домом, без опыта, оплата каждый день. ЖМИ ОТКЛИКНУТЬСЯ;https://hh.ru/vacancy/87921225;344c9f3aefc44130b355ea4863722c84
2025;Подсобный рабочий;"ПЕРВОМАЙСКИЙ ФИЛИАЛ АКЦИОНЕРНОГО ОБЩЕСТВА ""ЯРДОРМОСТ""";23000;23000;RUB;;Полная занятость;Ярославская область;Ярославль;904;Выполнение подсобных и вспомогательных работ на территории производственной базы филиала, в помещениях РММ, объектах строительства, ремонта и содержания автодорог. Трудолюбие, коммуникабельность, дисциплинированность Полный социальный пакет, материальная поддержка при определенных жизненных ситуациях;https://trudvsem.ru/vacancy/card/d0a657f0-646d-11ef-bb40-e7d0d2cf29b1/91e4f628-089b-11f0-9cb9-d549be31d974;6981c4c0abba3a3bee9172062b6d4d65
2025;Разнорабочий;"ОБЩЕСТВО С ОГРАНИЧЕННОЙ ОТВЕТСТВЕННОСТЬЮ ""БАРЛЕЙ Б.С.""";23000;23000;RUB;;Полная занятость;Ярославская область;Ярославль;967;Обеспечение помощи специалистам на своем участке работ. Участие в уборке и выносе мусора после произведенных работ на территории предприятия. Помощь в устранении поломок оборудования в пределах своей компетенции. Хранение выданного инвентаря, спецодежды и уход за ними. Переноска грузов, их погрузка и разгрузка. Взаимодействие с коллегами по проведению необходимых вспомогательных работ. Отслеживание ситуации по возможным поломкам оборудования и другим возможным проблемным моментам. Помощь специалистам в чистке и мойке инвентаря и инструментов. Поддержание норм безопасности на предприятии Коммуникабельнось, дисциплинированность;https://trudvsem.ru/vacancy/card/1047602211623/80e8fbd8-2f35-11f0-8a59-cb26dff57dd7;e153dfc068e497dc982dc8303e61450b
2024;подсобный рабочий;"АКЦИОНЕРНОЕ ОБЩЕСТВО ""ЯРДОРМОСТ""";19242;0;RUB;Неполный день;Полная занятость;Ярославская область;Ярославль;904;Поддержание чистоты производственных помещений, складов и прилегающих к ним территорий, обеспечение сохранности инвентаря, оборудования, помощь в работе другим сотрудникам предприятия. Дисциплинированность, коммуникабельность, ответственность;https://trudvsem.ru/vacancy/card/1187627037070/e8930365-f7c9-11ee-b4ac-d549be31d974;41316fffbf660a042d68141b7239485a
2023;Сканировщик на пункт выдачи легких заказов выходного дня (Подработка);Кондратьева Наталья Михайловна;86200;124820;RUB;Гибкий график;Частичная занятость;Ярославская область;Ярославль;573;"Сборщик интернет-заказов (на подработку). Сборка только у дома. (В своем районе). Вы только собираете, по желанию, можно доставлять и получать дополнительный доход. ❗ Готовы рассмотреть кандидатов с 16 лет НАЖИМАЙТЕ ОТКЛИК НА ВАКАНСИЮ - СРАЗУ ОТПРАВИМ ПОДРОБНОСТИ ✔️ Рассмотрим с любой платформой телефона (андроид или IOS) ✔️ Работа только в вашем районе; ✔️ Море заказов! Успейте заработать в сезон ❗ ЕЖЕНЕДЕЛЬНЫЕ ВЫПЛАТЫ. Официально на карту ❗ ОПЛАТА 1800-3200 за день (часовая ставка - Гарантия) ❗ БЕЗ ОПЫТА. (моментальное вводное обучение) ✅ УСЛОВИЯ РАБОТЫ: • МОЖНО ИСПОЛЬЗОВАТЬ КАК ПОДРАБОТКУ • ЛЮБОЙ РАЙОН ГОРОДА (даже рядом с домом)! • ВЫПЛАТЫ ЕЖЕНЕДЕЛЬНО. Платим даже если нет заказов! • Самые высокие ставки по городу • Чаевые и доплаты 100% ваши, абсолютно НЕТ КОМИССИЙ! • Прием ЕЖЕДНЕВНО (и в выходные)! Начать можно сразу после оформления! ✅ СУТЬ РАБОТЫ: • Собирать заказы в удобном районе • Можно еще доставлять собранные заказы, увеличивая доход (по желанию) ✅ ЗАРАБОТОК: • Средняя оплата за 4 часа от 1000 руб и выше зависит от часов работы! • Еженедельно на карту до 260 рублей в час + надбавки и бонусы • Во время повышенного спроса до 300 рублей в час ЖМИ ОТКЛИКНУТЬСЯ - сразу отправим подробности «подработка , моментальный вывод, подработка с ежедневными выплатами, работа рядом с домом, работа на районе, доставка документов, доставка грузов, оплата каждый день, еженедельная оплата, ежедневная оплата, доставщик яндекс еда, прямой работодатель, деливери клаб, достависта, додо пицца, доставка суши, доставка роллов, delivery club, dostavista, gett, uber, убер, яндекс го, яндекс go, гетт доставка, работа, ищу работу, подработка в вечернее время, работа в утреннее время, работа в дневное время, режим работы, сдэк, сдек, , подключиться на доставку, подработка на выходные, яндекс доставка, яндекс курьерская доставка, яндекс маркет доставка, доставка»";https://hh.ru/vacancy/87598580;d61d4989d43aeb8343608c59875309b6
2025;Курьер в доставку (легкие заказы из Кафе, 1-3 кг);Работа-Подработка: Курьер, Кладовщик, Сборщик;135000;220000;RUB;Полный день;Частичная занятость;Ярославская область;Ярославль;0;Добрый день уважаемый соискатель!Нам требуется курьер с ежедневной оплатой на подработку или как на основную работу!В данный момент у нас 11 категорий доставок, а именно доставка ЦВЕТОВ, ДОКУМЕНТОВ, ЗООТОВАРОВ, АПТЕКИ, ЭЛЕКТРОНИКА и т.дОбязанности- Доставка небольших посылок (время доставок вы выбираете самостоятельно -сами)- Выполнение заказов через приложение- Очень много заказав- Доставки по районуТребования- Телефон андроид или айфон- Желание зарабатыватьУсловия:- Ежедневные выплаты: до 7000 руб./день.- Близко к дому: доставки в твоем районе.- Легкие заказы: вес до 2 кг.- Гибкое расписание (время и количество рабочих часов выбираете самостоятельно)- Нет обязательного плана по доставкеНажмите ОТКЛИКНУТЬСЯ прямо сейчас и получите все подробности о работе! Также пишите в мессенджерах WhatsApp/Telegram: менеджер 24/7 готов ответить на вопросы и помочь с оформлением. Не упустите свой шанс начать уже сегодня!Также подойдет, если вы искали: «курьер, подработка с ежедневными выплатами, ежедневная оплата, свободный график, ночной курьер, вечерний курьер, доставка, лавка, документы, груз, сервис, пеший курьер, оплата каждый день, подработка, работа рядом с домом, достависта, график, свободный, пеший курьер, работа по району, официальное трудоустройство, зарплата, ЗП, оплата, доставка, работа курьером, курьер, еженедельная, ежедневная, на руки курьеру, подработка, прямой работодатель, ищу работу, время, работа без опыта, оплата сразу, утреннее, дневное, вечернее , время, режим»;https://hh.ru/vacancy/126341553;d1664de1ce06de76df4acff3807a335b
2025;Сотрудник ресторана KFC / ROSTIC`S;ЭЙ КЕЙ РЕСТОРАНТС РАША;0;0;;Гибкий график;Полная занятость;Ярославская область;Ярославль;734;"Первая работа в команде KFC / ROSTIC`S! Принимаем на работу с 16 лет. ‍Обучение доступное каждому – обучим с нуля всему, что необходимо; Стабильная работа с официальной заработной платой и стабильным выплатами; Работа в удобном для тебя месте – возле дома или учебы; График работы на твой выбор - 5/2; 2/2; 4/3 и т.д. или подработка от 4-х часов в день; Отличный старт карьеры! Ты можешь пройти обучение и стать тренером, менеджером и даже директором Медицинская книжка и питание за счет компании. За каждого друга, которого ты приведешь к нам, мы выплатим тебе премию в 15000 рублей. Только у нас расширенный пакет льгот для каждого сотрудника: Мы ценим спорт и ЗОЖ: ты получишь скидки на фитнес или сможешь присоединиться к бесплатным тренировкам с нами по футболу или волейболу; Мы развиваем и постоянно обучаем нашу команду: ты получишь доступ к бесплатной онлайн-библиотеке и скидки на обучающие курсы для твоего развития; Мы заботимся о твоем жизни вне работы: у нас есть корпоративные скидки более, чем у 6000 партнеров ( развлечение, медицина, покупки и многое другое) Корпоративный тариф на мобильную связь; Корпоративные турниры по кибер-спорту и многое другое! Эта вакансия тебе подойдет если ты ищешь работу: повар, кассир, работа без опыта, работник кухни, комплектовщик, работник кассы, бариста, заготовщик, помощник повара, уборщик, уборщица, подработка, кфс. Если у тебя есть опыт работы: Вкусно и точка, Бургер Кинг, Теремок, Ростикс";https://hh.ru/vacancy/119952736;e667d47a2efe1d33b1e2534931dde991
2024;Курьер рядом с домом;Птицына Анастасия Андреевна;81420;139037;RUB;Сменный график;Частичная занятость;Ярославская область;Ярославль;573;Заработай в сезон БОЛЬШЕ с высокими тарифами 16+ ! Требуются курьеры, у нас свободный график (можно работать у дома)! ❗️❗️МОЖНО работать НА АЙФОНЕ❗️❗️И на андроиде тоже можно. ✔️ СВОБОДНЫЙ ГРАФИК ✔️ ОПЛАТА 3.500- 4.000- 5.600 за день. Зависит от времени работы. ✔️ ПРИНИМАЕМ БЕЗ ОПЫТА. Обучим - покажем. ❗️Оформление без записи в трудовую книжку! ПО РАБОТЕ: Можно использовать как подработку(Легко совмещать с учебой или работой) Район на выбор(10 мин среднее время доставки) Заказы на доставку собраны и оплачены. Вы только доставляете. Чаевые и доплаты 100% ваши,за заказы комиссии нет! Прием ЕЖЕДНЕВНО (даже в выходные)! ДОХОД: Оплата за 4 часа - до 4.000 руб.(зависит от района и времени суток) ЖМИ ОТКЛИКНУТЬСЯ Мы пришлем информацию в ответном сообщении в течение пары минут и скоро напишем в WhatsApp Данная вакансия также подойдет, если вы искали: работа курьером, курьер, курьер с ежедневной оплатой, курьер пеший, курьер подработка, курьер выходного дня, свободный график, пешком, яндекс доставка, доставщик яндекс еда, яндекс лавка, яндекс про, яндекс маркет, сбермаркет, деливери клаб, delivery club, dostavista, достависта, курьер додо, озон, сдек, доставка суши, доставка еды, еду, доставка документов посылок, устроиться курьером, работа в районе, курьер с ежедневной оплатой, подработка с ежедневными выплатами, работа рядом с домом, без опыта, оплата каждый день. ЖМИ ОТКЛИКНУТЬСЯ!;https://hh.ru/vacancy/108034885;67e081e1dec3de31b42ed22314cfd576
2024;Курьер в доставку цветов;Работа сегодня (ИП Холин Андрей Сергеевич);0;224473;RUB;Гибкий график;Частичная занятость;Ярославская область;Ярославль;573;Курьер, легких заказов - подработка без графика. СРОЧНО! Возможное как разовые поручения использовать, совмещение без графикаОбязанности- Доставка небольших посылок. (товары для дома, интернет заказы рестораны, и т.д.) Время доставок вы выбираете самостоятельно -сами.- Выполнение заказов через приложение- Очень много заказав- Доставки по районуТребования- Телефон андроид или айфон- Желание зарабатыватьУсловия:- Оплата заказов Ежедневно- Гибкое расписание (время и количество рабочих часов выбираете самостоятельно)- Нет обязательного плана по доставкеНажмите ОТКЛИКНУТЬСЯ прямо сейчас и получите все подробности о работе! Также пишите в мессенджерах WhatsApp/Telegram: менеджер 24/7 готов ответить на вопросы и помочь с оформлением. Не упустите свой шанс начать уже сегодня!Также подойдет, если вы искали: «курьер, подработка с ежедневными выплатами, ежедневная оплата, свободный график, ночной курьер, вечерний курьер, доставка, лавка, документы, груз, сервис, пеший курьер, оплата каждый день, подработка, работа рядом с домом, достависта, график, свободный, пеший курьер, работа по району, официальное трудоустройство, зарплата, ЗП, оплата, доставка, разнорабочий, оператор, работа курьером, курьер, еженедельная, ежедневная, на руки курьеру, подработка, прямой работодатель, ищу работу, время, работа без опыта, оплата сразу, утреннее, дневное, вечернее , время, режим»ОБРАЩАЕМ ВНИМАНИЕ, после отклика на данную вакансию потребуется предоставление информации или выполнение иных действий на сторонних информационных ресурсах.;https://hh.ru/vacancy/108035071;4f10227dac21baa89954e252a90dd3a7
2024;Курьер (доставка пельменей);Работа сегодня (ИП Холин Андрей Сергеевич);90000;163000;RUB;Гибкий график;Временная занятость;Ярославская область;Ярославль;573;✨ Привет! Мы ищем именно тебя: активных и целеустремленных, готовых к новым достижениям. ✨ Присоединяйся к нашей команде и начинай зарабатывать уже сегодня! ⚡️ Почему это круто: 1️⃣ Заработок до 7000 руб./день — чем активнее ты, тем больше заработок. 2️⃣ Гибкий график — работай, когда тебе удобно: утро, день, вечер. 3️⃣ Работа рядом с домом — забудь о долгих поездках. 4️⃣ Ежедневные выплаты — деньги сразу на карту. ⚡️ Твои задачи: Доставка легких заказов и товаров для дома. Вежливое и дружелюбное общение с клиентами. Обеспечение быстрой и качественной доставки. ⚡️ Что требуется: Смартфон с доступом в интернет. Ответственность и пунктуальность. ⚡️ Наши условия: Гибкий график: работа от 1 до 12 часов в день, 2-3 раза в неделю или полная занятость. Повышенные тарифы: дополнительные премии за работу в пиковые периоды. Финансовые бонусы: за качественное выполнение работы и активность. ⭐ Как присоединиться: Нажми ОТКЛИКНУТЬСЯ и начни работать уже сегодня! Если есть вопросы, пиши нам в WhatsApp — мы всегда на связи, чтобы помочь. ОБРАЩАЕМ ВНИМАНИЕ, после отклика на данную вакансию потребуется предоставление информации или выполнение иных действий на сторонних информационных ресурсах. Не упусти возможность заработать этим летом! Мест ограничено, действуй быстро! Наша вакансия также подойдет вам, если вы искали: работа курьером СберМаркет, работа доставка курьером, пеший курьер, работа пешим курьером, доставщик, курьер, свободный график, гибкий график, удобный график, свободный график, работа рядом с домом, без опыта, начинающий специалист, работа на выходные, в вечернее время, в дневное время, подработка, работа выходного дня, курьер ВкусВилл, курьер Деливери, курьер Яндекс, работа курьером Деливери, работа курьером Самокат, работа курьером Яндекс Лавка, работа курьером Яндекс Еда, Озон, Ozon.;https://hh.ru/vacancy/106557628;46565f14eaf80da193c7758efd859fde
2024;Курьер в доставку Магнит;Работа сегодня (ИП Холин Андрей Сергеевич);82500;155500;RUB;Гибкий график;Частичная занятость;Ярославская область;Ярославль;573;СPOЧНО ТРЕБУЮТСЯ КУРЬEРЫ! Чaевые 100% вaши. Нe штpaфуeм. Heт кoмиccии c заказов. Гибкий гpaфик. Eженeдельные выплaты. Доcтaвкa заказов в удобном райoне. Мы – ceмья мaгазинов Мaгнит!Пpисoeдиниcь к нашей команде и достaвляй зaказы! Ты сможешь заpaбaтывaть до 5500 рублeй в день ❗️✅ Пoчeму МAГHИТ? Лeгко совмещать с учебой или другой занятостью Еженедельные выплаты на банковскую карту Гибкий график (смены от 5 часов) Большое количество заказов (и будет еще больше) Нет штрафов. Нет комиссии с заказов. Доставляй заказы в удобном для тебя районе Чаевые 100% твои ✅ Мы ждем от тебя: Устройство на базе Аndrоid Действующий статус самозанятого или готовность его оформить (мы помогаем) Опыт не главное. Качественное обучение и suрроrt на нашей стороне. ✅ КАК НАЧАТЬ выполнять заказы: Откликнись на вакансию Оформись дистанционно без посещения офисаЖдем твой отклик! ОБРАЩАЕМ ВНИМАНИЕ, места ограниченуы способ доставки любой. Принимаем ежедневно даже в выходные и праздничные дни. Также подойдет, если вы искали: «курьер, подработка с ежедневными выплатами, ежедневная оплата, свободный график, вечерам, ночной курьер, доставка, лавка, документы, груз, сервис, курьер, оплата каждый день, официальное трудоустройство, на подработку, работа рядом с домом, достависта, по графику, прямой работодатель, свободный, , работа по району, по утрам, утром, яндекс маркет, сбермаркет, деливери клаб, delivery club, dostavista, в свободное время, по выходным, достависта, зарплата, зп, днем, пешком, после работы, оплата, доставка, работа курьером, еженедельная, пеший, ежедневная, на руки курьеру, подработкой, яндекс , яндекс лавка, яндекс еда, яндекс го, ищу работу, время, работа без опыта, оплата сразу, утреннее, дневное, вечернее , время, режим» Оставляйте отклик, ставьте лайк ❤ для нас это очень важно.;https://hh.ru/vacancy/105290834;ebe138c81f6412c8574022c32575b628
2025;Курьер праздничных заказов (из аптек, магазинов и ресторанов);Работа сегодня (ИП Холин Андрей Сергеевич);108000;138000;RUB;Полный день;Частичная занятость;Ярославская область;Ярославль;0;✨ Привет! Мы ищем именно тебя: активного и целеустремленного, готового к новым достижениям. ✨ Курьер, легких заказов - подработка без графика. СРОЧНО! Возможное как разовые поручения использовать.Обязанности: Доставка небольших посылок. (товары для дома, интернет заказы рестораны, и т.д.) Время доставок вы выбираете самостоятельно -сами. Выполнение заказов через приложение Очень много заказав Соблюдение стандартов компании Доставки по району Требования: Телефон андройд или айос желание зарабатывать Условия: Оплата заказов Ежедневно Гибкое расписание (время и количество рабочих часов выбираете самостоятельно) Регистрация на сайте Нет обязательного плана по доставке.» Нажмите ОТКЛИКНУТЬСЯ прямо сейчас и получите все подробности о работе! Также пишите в мессенджерах WhatsApp/Telegram: менеджер 24/7 готов ответить на вопросы и помочь с оформлением. Не упустите свой шанс начать уже сегодня! Также подойдет, если вы искали: «курьер, подработка с ежедневными выплатами, ежедневная оплата, свободный график, ночной курьер, вечерний курьер, доставка, лавка, документы, груз, сервис, пеший курьер, оплата каждый день, подработка, работа рядом с домом, достависта, график, свободный, пеший курьер, работа по району, официальное трудоустройство, зарплата, ЗП, оплата, доставка, разнорабочий, оператор, работа курьером, курьер, еженедельная, ежедневная, на руки курьеру, подработка, прямой работодатель, ищу работу, время, работа без опыта, оплата сразу, утреннее, дневное, вечернее , время, режим» ОБРАЩАЕМ ВНИМАНИЕ, после отклика на данную вакансию потребуется предоставление информации или выполнение иных действий на сторонних информационных ресурсах. Мста ограничены способ доставки любой. Принимаем ежедневно даже в выходные и праздничные дни. Оставляйте отклик, ставьте лайк ❤ для нас это очень важно. ЗВОНИТЕ ИЛИ ПИШИТЕ В МЕССЕНДЖЕРЫ - сразу отправим подробности ☎️ ⬇️ ЖМИТЕ ОТКЛИКНУТЬСЯ ⬇️;https://hh.ru/vacancy/115089507;c9307272e763e98f6f38571043b35cd4
2024;Курьер-пеший рядом с домом;Птицына Анастасия Андреевна;81420;139037;RUB;Гибкий график;Частичная занятость;Ярославская область;Ярославль;573;Привет, мы ищем именно тебя!Курьер, легких заказов- подработка без графика и в твоем районе! Доставка из магазинов• Удобный район• Гибкий график. Сам определяешь свой рабочий график• Доход за смену: до 6500 руб/день+ Все чаевые ваши+ Заказы уже оплачены, вам не нужно принимать наличные и нести материальную ответственность ЖМИ ОТКЛИКНУТЬСЯ Мы пришлем информацию в ответном сообщении в течение пары минут и скоро напишем в WhatsApp Данная вакансия также подойдет, если вы искали: работа курьером, курьер, курьер с ежедневной оплатой, курьер пеший, курьер подработка, курьер выходного дня, свободный график, пешком, яндекс доставка, доставщик яндекс еда, яндекс лавка, яндекс про, яндекс маркет, сбермаркет, деливери клаб, delivery club, dostavista, достависта, курьер додо, озон, сдек, доставка суши, доставка еды, еду, доставка документов посылок, устроиться курьером, работа в районе, курьер с ежедневной оплатой, подработка с ежедневными выплатами, работа рядом с домом, без опыта, оплата каждый день. ЖМИ ОТКЛИКНУТЬСЯ!;https://hh.ru/vacancy/108210252;3b949aa364bb48d54622f7e1ec5b6700
2025;уборщик территорий;"ОБЩЕСТВО С ОГРАНИЧЕННОЙ ОТВЕТСТВЕННОСТЬЮ ""РЫБИНСКАЯ ВЕРФЬ""";23000;23000;RUB;;Частичная занятость;Ярославская область;Ярославль;0;уборка территории квота для несовершеннолетних;https://trudvsem.ru/vacancy/card/1187627030766/d89412d5-7a83-11ec-9ce0-4febb26dc4ec;ba089f609dcc50204e0523f4357db987
2023;Курьер Легких Заказов (Яндекс Еда);Центр обучения курьеров;60000;115000;RUB;Гибкий график;Частичная занятость;Ярославская область;Ярославль;573;Курьер легких заказов до 3 кг (подработка) Только по микрорайону у дома (заказы собраны, и оплачены) ✔️ ЕЖЕДНЕВНЫЕ ВЫПЛАТЫ ✔️ ТЕЛЕФОН НА БАЗЕ АНДРОИД ✔️ ВЫПЛАТЫ 3.000- 5.500 за день (от времени работы) ✔️ ПРИНИМАЕМ БЕЗ ОПЫТА (обучим и поможем) ❗️НЕТ КОМИССИИ С ЗАКАЗОВ - у нас без процентов УСЛОВИЯ РАБОТЫ: Можно использовать как подработку ( Легко совмещать с учебой или работой ) Заказы на доставку собраны и оплачены. Вы только доставляете! Район на выбор, можно менять каждую смену (7-10 мин среднее время доставки ) Чаевые и доплаты 100% ваши, за заказы комиссии нет! Прием ЕЖЕДНЕВНО (и в выходные)! ЗАРАБОТОК: Средняя оплата за 4 часа около 1.800 руб. и выше зависит от скорости работы Условия выплат: Ежедневно на карту до 450 рублей в час + надбавки и бонусы ‼️ Во время повышенного спроса до 550рублей в час ‼️ ЖМИ ОТКЛИКНУТЬСЯ!Также подойдет, если вы искали: документы, работа курьером, курьер, курьер с ежедневной оплатой, курьер пеший, курьер подработка, курьер выходного дня, день, вечер, утро, в ночь, вееромам, вечером, свободный график, пешком, яндекс доставка, доставщик , лавка, яндекс про, яндекс маркет, сбермаркет, деливери клаб, delivery club, dostavista, достависта, курьер додо, озон, сдек, доставка суши, доставка еды, еду, доставка документов посылок, устроиться курьером, работа в районе, курьер с ежедневной оплатой, подработка с ежедневными выплатами, работа рядом с домом, без опыта, оплата каждый день, доставщик;https://hh.ru/vacancy/78979191;2a34f15bde4f930f3f6a60305cd38d06
2024;Утренний/вечерний курьер на лёгкие посылки - подработка;Птицына Анастасия Андреевна;89420;139037;RUB;Гибкий график;Частичная занятость;Ярославская область;Ярославль;573;Заработай на НОВЫЙ ГОД с высокими тарифами 14+! Требуются курьеры, у нас свободный график (можно работать у дома)! ❗️❗️МОЖНО работать НА АЙФОНЕ❗️❗️И на андроиде тоже можно. ✔️ ЕЖЕДНЕВНЫЕ ВЫПЛАТЫ ✔️ ОПЛАТА 3.500- 4.000- 6.400 за день (зависит от времени работы) ✔️ ПРИНИМАЕМ БЕЗ ОПЫТА (обучим - покажем) ❗️Оформление без записи в трудовую книжку! ПО РАБОТЕ: Можно использовать как подработку(Легко совмещать с учебой или работой) Район на выбор, можно менять каждую смену(7-10 мин среднее время доставки) Заказы на доставку собраны и оплачены. Вы только доставляете(Вес до 5 кг) Чаевые и доплаты 100% ваши,за заказы комиссии нет! Прием ЕЖЕДНЕВНО (даже в выходные)! ДОХОД: Средняя оплата за 4 часа - около 3.000 руб. Акция приведи друга - получи до 10тр ЖМИ ОТКЛИКНУТЬСЯ Мы пришлем информацию в ответном сообщении в течение пары минут и чуть позднее напишем в WhatsApp Данная вакансия также подойдет, если вы искали: работа курьером, курьер, курьер с ежедневной оплатой, курьер пеший, курьер подработка, курьер выходного дня, свободный график, пешком, яндекс доставка, доставщик яндекс еда, яндекс лавка, яндекс про, яндекс маркет, сбермаркет, деливери клаб, delivery club, dostavista, достависта, курьер додо, озон, сдек, доставка суши, доставка еды, еду, доставка документов посылок, устроиться курьером, работа в районе, курьер с ежедневной оплатой, подработка с ежедневными выплатами, работа рядом с домом, без опыта, оплата каждый день. ЖМИ ОТКЛИКНУТЬСЯ;https://hh.ru/vacancy/91196999;6c79daf69277f17d4f76562d9a86ff1a
2024;Курьер в Яндекс Еда/Лавка;Премьер;0;135000;RUB;Гибкий график;Частичная занятость;Ярославская область;Ярославль;573;Курьер к партнеру сервиса Яндекс Еда/Лавка (ежедневные выплаты)Способ доставки ЛЮБОЙ!❗️Найм открыт 16+❗️​​​​​​​УСЛОВИЯ: Доход до 6000 руб в день Выплаты ЕЖЕДНЕВНЫЕ Работаете в любом удобном районе для вас Удобное расписание. от 1-4 часа в день, в любой день Возможно совмещение с учебой или работой Быстрое подключение к сервису ОБЯЗАННОСТИ: Доставка заказов (для вашего удобства ограничен радиус доставки) Только доставка, без сбора ТРЕБОВАНИЯ: Наличие устройства смартфона Android или IOS ❗️Оставляйте заявку прямо сейчас! ⬇️ ЖМИТЕ ОТКЛИКНУТЬСЯ! ⬇️​​​​​​​​​​​​​​​​​​​​​​​​​​​​Также подойдет, если вы искали: «курьер, подработка с ежедневными выплатами, ежедневная оплата, свободный график, ночной курьер, доставка, лавка, документы, груз, сервис, оплата каждый день, подработку, вкусвилл, dostavista, доставита, работа рядом с домом, достависта, еду, еде, график, свободное расписание, самокат, курьерист, совмещение, по выходным, утром, днем, вечером, промоутер, сборщик, упаковщик, работа по району, прямой работодатель, официальное трудоустройство, зарплата, оплата, доставка, работа курьером, курьер, еженедельная, ежедневная, на руки курьеру, подработкой, прямой работодатель, ищу работу, время, работа без опыта, оплата сразу, утреннее, дневное, вечернее , время, режим»;https://hh.ru/vacancy/103439835;dd5660a37e799e094cccfc20e4fd89fd
2024;Курьер (700-1000р/час, свободный график и ежедневная оплата);Хубулов Георгий;150000;160000;RUB;Гибкий график;Частичная занятость;Ярославская область;Ярославль;573;Требуется курьер на доставку товаров или готовой еды из кафе (НА ВАШ ВЫБОР). Необходимо доставлять готовые заказы до клиента. ✅Ежедневные выплаты 700-1000р/час + все чаевые ВАШИ ✅Гарантированный доход даже при отсутствии заказов! ✅ Оформления по договору ГПХ или самозанятости (на ВАШ выбор) ✅Можно выбрать любой удобный район рядом с домом и доставлять только по нему (небольшое расстояние до 2км, вес до 2кг)! ✅ График полностью СВОБОДНЫЙ (хоть час в день, хоть час в неделю!) Условия: - Выйти на работу можно уже сегодня! Для ускорения нашей с Вами связи большая просьба сразу писать на Ватсап, отклики не рассматриваются. Пишите в любое время дня и ночи, мы всегда на связи! Данная вакансия также подойдет, если вы искали: работа с ежедневной оплатой, по свободному графику, свободный график, подрабатывание, вторичная занятость,утреннее, дневное, вечернее, время, режим, доставка еды, еду, яндекс еда, яндекс.еда, доставщик, еженедельная, сервис, подработка с ежедневными выплатами, без трудовой, без записи в трудовую книжку, ежедневная, яндекс лавка, сбермаркет, заказов для интернет магазина, деливери клаб, delivery club, dostavista, достависта, додо, озон, ozon, сдэк, прямой работодатель, устроиться, работа в районе, без опыта, оплата каждый день,доставка продуктов и питания,доставщик, сбер доставка, устроиться в доставку, подключение в доставку;https://hh.ru/vacancy/108229007;7a44abc8c3a5d5ec9835d4cca54aa998
2024;Курьер;Птицына Анастасия Андреевна;81420;139037;RUB;Гибкий график;Частичная занятость;Ярославская область;Рыбинск;573;Привет, мы ищем именно тебя!Курьер, легких заказов- подработка без графика и в твоем районе! Доставка из магазинов• Удобный район• Гибкий график. Сам определяешь свой рабочий график• Доход за смену: до 6500 руб/день+ Все чаевые ваши+ Заказы уже оплачены, вам не нужно принимать наличные и нести материальную ответственность ЖМИ ОТКЛИКНУТЬСЯ Мы пришлем информацию в ответном сообщении в течение пары минут и скоро напишем в WhatsApp Данная вакансия также подойдет, если вы искали: работа курьером, курьер, курьер с ежедневной оплатой, курьер пеший, курьер подработка, курьер выходного дня, свободный график, пешком, яндекс доставка, доставщик яндекс еда, яндекс лавка, яндекс про, яндекс маркет, сбермаркет, деливери клаб, delivery club, dostavista, достависта, курьер додо, озон, сдек, доставка суши, доставка еды, еду, доставка документов посылок, устроиться курьером, работа в районе, курьер с ежедневной оплатой, подработка с ежедневными выплатами, работа рядом с домом, без опыта, оплата каждый день. ЖМИ ОТКЛИКНУТЬСЯ!;https://hh.ru/vacancy/108048486;5f6baf683c9ad838bc6024d339f76dcb
2024;Подсобный рабочий;"АКЦИОНЕРНОЕ ОБЩЕСТВО ""ЯРДОРМОСТ""";19300;19300;RUB;Неполный день;Частичная занятость;Ярославская область;Ярославль;904;Выполнение подсобных и вспомогательных работ на территории производственной базы филиала, в помещениях РММ, объектах строительства, ремонта и содержания автодорог. Трудолюбие, коммуникабельность, дисциплинированность, ответственность, честность.;https://trudvsem.ru/vacancy/card/1187627037070/e2b7cdc5-0176-11ef-a568-295bfdef1967;bef6681a2b008a07b86bc6c60b7ccbe0
2025;подсобный рабочий;"ОБЩЕСТВО С ОГРАНИЧЕННОЙ ОТВЕТСТВЕННОСТЬЮ ПРОИЗВОДСТВЕННО-КОММЕРЧЕСКАЯ ФИРМА ""СИЛУЭТ""";25000;35000;RUB;;Полная занятость;Ярославская область;Ярославль;904;сортировка продукции по асортименту укладка продукции по асортименту перемещение продукции по участкам ответственность, исполнительность;https://trudvsem.ru/vacancy/card/1037600201540/f80bbad0-2031-11f0-b6d4-cb26dff57dd7;5bd7ffdcae4276c703e7af78425ef97d
2024;Курьер легких заказов (в доставку кафе и рестораны);Работа сегодня (ИП Холин Андрей Сергеевич);100000;168000;RUB;Гибкий график;Частичная занятость;Ярославская область;Ярославль;573;Ищете подработку с высоким доходом? Мы рады предложить вам новые условия с гарантированным доходом, который выше, чем у других курьерских сервисов. При полной занятости до 6 500 рублей ежедневно! Программа Приведи друга позволит вам получить дополнительный бонус за каждого кто начнет работу. Наши преимущества: 1. Оформление ежедневно!2. Выплаты ежедневно!3. График полностью свободный!4. Заказы всегда есть, это показатель стабильности!5. Заказы можно брать рядом с вашим домом! Условия: ✅ Гарантированно до 650 рублей в час + премии и бонусы, зависит от выбранного вами лично графика.✅ Во время пикового спроса до 780 рублей в час!✅ Доход до 6 500 рублей в день.✅ НЕТ ПРОЦЕНТОВ С ЗАКАЗОВ И КОМИССИИ ! Оставьте отклик, и мы свяжемся с вами в WhatsApp и на сайте. Обязанности: ✅ Доставка продуктов, запакованной герметично еды и других заказов✅ Все товары оплачены и упакованы, вам только доставлять!✅ Работаете только в своем районе. Требования: Любой телефон: iPhone или Android. Медкнижка не требуется. Форма не требуется. Полный комфорт в оформлении, бесплатный инвентарь и дождевик. Любое гражданство. Опыт не обязателен. ❗️ НАЖМИТЕ ОТКЛИК НА ВАКАНСИЮ – МЫ ПОДРОБНЕЕ РАССКАЖЕМ В ЧАТЕ СРАЗУ! «курьер, подработка с ежедневными выплатами, ежедневная оплата, свободный график, ночной курьер, доставка, документы, груз, сервис, оплата каждый день, подработка, работа рядом с домом, график, свободный, работа по району, официальное трудоустройство, зарплата, ЗП, оплата, доставка, работа курьером в деливери клаб, курьер, еженедельная, ежедневная, на руки курьеру, подработка, прямой работодатель, ищу работу, время, работа без опыта, оплата сразу, утреннее, дневное, вечернее, время, режим».;https://hh.ru/vacancy/104571645;5f0bfd5bbe667b78e6c3faf5f76a7c8d
2023;Промоутер-распространитель;ТТК-Связь;10000;25000;RUB;Гибкий график;Частичная занятость;Ярославская область;Ярославль;957;"Компания ТTК в пoиcках активногo Промоутера-распространителя рекламных листовок! Мы предоставляем качественные услуги связи населению нашего города, с нами выгодно, потому что мы магистральный федеральный провайдер, наши клиенты довольны, и рекомендуют нас друзьям и соседям. Берем с 16 лет! БЕЗ ОПЫТА РАБОТЫ! Опыт в данной сфере приветствуется! Обязанности: - Распространение рекламных листовок внутри подъездов; - Фотоотчет проделанной работы. Мы предлагаем: - Свободный график работы от 4-х часов в день; - Возможность совмещать с учебой/работой; - Сдельную оплату труда; - Свободный график работы. Готовы работать? Записывайтесь на собеседование, зарабатывайте и развивайтесь с нами!";https://hh.ru/vacancy/89123908;62aa70fb694790424fff048cd7f54150
2023;Утренний/вечерний курьер на лёгкие посылки до 2кг;Птицына Анастасия Андреевна;89420;142037;RUB;Гибкий график;Частичная занятость;Ярославская область;Ярославль;573;Заработай осенью с высокими тарифами 14+! Требуются курьеры, у нас свободный график (можно работать у дома)! ❗️❗️МОЖНО работать НА АЙФОНЕ❗️❗️И на андроиде тоже можно. ✔️ С ЕЖЕДНЕВНЫМИ ВЫПЛАТАМИ ✔️ ОПЛАТА 3.500- 4.000- 5.400 за день (зависит от времени работы) ✔️ ПРИНИМАЕМ БЕЗ ОПЫТА (обучим - покажем) ❗️Оформление без записи в трудовую книжку! ПО РАБОТЕ: Можно использовать как подработку(Легко совмещать с учебой или работой) Район на выбор, можно менять каждую смену(7-10 мин среднее время доставки) Заказы на доставку собраны и оплачены. Вы только доставляете(Вес до 5 кг) Чаевые и доплаты 100% ваши,за заказы комиссии нет! Прием ЕЖЕДНЕВНО (даже в выходные)! ДОХОД: Средняя оплата за 4 часа - около 3.000 руб. Акция приведи друга - получи до 10тр ЖМИ ОТКЛИКНУТЬСЯ Мы пришлем информацию в ответном сообщении в течение пары минут и чуть позднее напишем в WhatsApp Данная вакансия также подойдет, если вы искали: работа курьером, курьер, курьер с ежедневной оплатой, курьер пеший, курьер подработка, курьер выходного дня, свободный график, пешком, яндекс доставка, доставщик яндекс еда, яндекс лавка, яндекс про, яндекс маркет, сбермаркет, деливери клаб, delivery club, dostavista, достависта, курьер додо, озон, сдек, доставка суши, доставка еды, еду, доставка документов посылок, устроиться курьером, работа в районе, курьер с ежедневной оплатой, подработка с ежедневными выплатами, работа рядом с домом, без опыта, оплата каждый день. ЖМИ ОТКЛИКНУТЬСЯ;https://hh.ru/vacancy/87655070;3c5fa50271369b29df8942d2c7238dff
2023;Утренний/вечерний курьер на лёгкие посылки до 2кг;Птицына Анастасия Андреевна;89420;142037;RUB;Гибкий график;Частичная занятость;Ярославская область;Ярославль;573;Заработай осенью с высокими тарифами 14+! Требуются курьеры, у нас свободный график (можно работать у дома)! ❗️❗️МОЖНО работать НА АЙФОНЕ❗️❗️И на андроиде тоже можно. ✔️ С ЕЖЕДНЕВНЫМИ ВЫПЛАТАМИ ✔️ ОПЛАТА 3.500- 4.000- 5.400 за день (зависит от времени работы) ✔️ ПРИНИМАЕМ БЕЗ ОПЫТА (обучим - покажем) ❗️Оформление без записи в трудовую книжку! ПО РАБОТЕ: Можно использовать как подработку(Легко совмещать с учебой или работой) Район на выбор, можно менять каждую смену(7-10 мин среднее время доставки) Заказы на доставку собраны и оплачены. Вы только доставляете(Вес до 5 кг) Чаевые и доплаты 100% ваши,за заказы комиссии нет! Прием ЕЖЕДНЕВНО (даже в выходные)! ДОХОД: Средняя оплата за 4 часа - около 3.000 руб. Акция приведи друга - получи до 10тр ЖМИ ОТКЛИКНУТЬСЯ Мы пришлем информацию в ответном сообщении в течение пары минут и чуть позднее напишем в WhatsApp Данная вакансия также подойдет, если вы искали: работа курьером, курьер, курьер с ежедневной оплатой, курьер пеший, курьер подработка, курьер выходного дня, свободный график, пешком, яндекс доставка, доставщик яндекс еда, яндекс лавка, яндекс про, яндекс маркет, сбермаркет, деливери клаб, delivery club, dostavista, достависта, курьер додо, озон, сдек, доставка суши, доставка еды, еду, доставка документов посылок, устроиться курьером, работа в районе, курьер с ежедневной оплатой, подработка с ежедневными выплатами, работа рядом с домом, без опыта, оплата каждый день. ЖМИ ОТКЛИКНУТЬСЯ;https://hh.ru/vacancy/87655069;3c5fa50271369b29df8942d2c7238dff
2024;Курьер-пеший рядом с домом;Птицына Анастасия Андреевна;81420;139037;RUB;Гибкий график;Частичная занятость;Ярославская область;Ярославль;573;Привет, мы ищем именно тебя!Курьер, легких заказов- подработка без графика и в твоем районе! Доставка из магазинов• Удобный район• Гибкий график. Сам определяешь свой рабочий график• Доход за смену: до 6500 руб/день+ Все чаевые ваши+ Заказы уже оплачены, вам не нужно принимать наличные и нести материальную ответственность ЖМИ ОТКЛИКНУТЬСЯ Мы пришлем информацию в ответном сообщении в течение пары минут и скоро напишем в WhatsApp Данная вакансия также подойдет, если вы искали: работа курьером, курьер, курьер с ежедневной оплатой, курьер пеший, курьер подработка, курьер выходного дня, свободный график, пешком, яндекс доставка, доставщик яндекс еда, яндекс лавка, яндекс про, яндекс маркет, сбермаркет, деливери клаб, delivery club, dostavista, достависта, курьер додо, озон, сдек, доставка суши, доставка еды, еду, доставка документов посылок, устроиться курьером, работа в районе, курьер с ежедневной оплатой, подработка с ежедневными выплатами, работа рядом с домом, без опыта, оплата каждый день. ЖМИ ОТКЛИКНУТЬСЯ!;https://hh.ru/vacancy/108237663;3b949aa364bb48d54622f7e1ec5b6700
2025;Курьер на склад (легкие заказы для дома 1-3кг);Работа-Подработка: Курьер, Кладовщик, Сборщик;135000;267000;RUB;Полный день;Частичная занятость;Ярославская область;Ярославль;0;Добрый день уважаемый соискатель!Нам требуется курьер с ежедневной оплатой на подработку или как на основную работу!В данный момент у нас 11 категорий доставок, а именно доставка ЦВЕТОВ, ДОКУМЕНТОВ, ЗООТОВАРОВ, АПТЕКИ, ЭЛЕКТРОНИКА и т.дОбязанности- Доставка небольших посылок (время доставок вы выбираете самостоятельно -сами)- Выполнение заказов через приложение- Очень много заказав- Доставки по районуТребования- Телефон андроид или айфон- Желание зарабатыватьУсловия:- Ежедневные выплаты: до 7000 руб./день.- Близко к дому: доставки в твоем районе.- Легкие заказы: вес до 2 кг.- Гибкое расписание (время и количество рабочих часов выбираете самостоятельно)- Нет обязательного плана по доставкеНажмите ОТКЛИКНУТЬСЯ прямо сейчас и получите все подробности о работе! Также пишите в мессенджерах WhatsApp/Telegram: менеджер 24/7 готов ответить на вопросы и помочь с оформлением. Не упустите свой шанс начать уже сегодня!Также подойдет, если вы искали: «курьер, подработка с ежедневными выплатами, ежедневная оплата, свободный график, ночной курьер, вечерний курьер, доставка, лавка, документы, груз, сервис, пеший курьер, оплата каждый день, подработка, работа рядом с домом, достависта, график, свободный, пеший курьер, работа по району, официальное трудоустройство, зарплата, ЗП, оплата, доставка, работа курьером, курьер, еженедельная, ежедневная, на руки курьеру, подработка, прямой работодатель, ищу работу, время, работа без опыта, оплата сразу, утреннее, дневное, вечернее , время, режим»ОБРАЩАЕМ ВНИМАНИЕ, после отклика на данную вакансию потребуется предоставление информации или выполнение иных действий на сторонних информационных ресурсах.;https://hh.ru/vacancy/126449122;fc147b3f834d0a73ad176afc62f27683
2025;подсобный рабочий;КОЛХОЗ ИМЕНИ КАЛИНИНА;22440;22440;RUB;;;Ярославская область;Ярославль;104;в соответствии с договором коммуникабельность;https://trudvsem.ru/vacancy/card/1027601120348/fc6d1588-42d5-11f0-b6c8-e7d0d2cf29b1;f64ccdd8c2b177584c4d3acf7f711feb
2025;Курьер пеший;Птицына Анастасия Андреевна;158400;197500;RUB;Гибкий график;Частичная занятость;Ярославская область;Ярославль;0;Заработай в сезон БОЛЬШЕ с высокими тарифами 16+ ! Требуются курьеры, у нас свободный график (можно работать у дома)! ❗️❗️МОЖНО работать НА АЙФОНЕ❗️❗️И на андроиде тоже можно. ✔️ СВОБОДНЫЙ ГРАФИК ✔️ ОПЛАТА 3.500- 4.000- 5.600 за день. Зависит от времени работы. ✔️ ПРИНИМАЕМ БЕЗ ОПЫТА. Обучим - покажем. ❗️Оформление без записи в трудовую книжку! ПО РАБОТЕ: Можно использовать как подработку(Легко совмещать с учебой или работой) Район на выбор(10 мин среднее время доставки) Заказы на доставку собраны и оплачены. Вы только доставляете. Чаевые и доплаты 100% ваши,за заказы комиссии нет! Прием ЕЖЕДНЕВНО (даже в выходные)! ДОХОД: Оплата за 4 часа - до 4.000 руб.(зависит от района и времени суток) ЖМИ ОТКЛИКНУТЬСЯ Мы пришлем информацию в ответном сообщении в течение пары минут и скоро напишем в WhatsApp Данная вакансия также подойдет, если вы искали: работа курьером, курьер, курьер с ежедневной оплатой, курьер пеший, курьер подработка, курьер выходного дня, свободный график, пешком, яндекс доставка, доставщик яндекс еда, яндекс лавка, яндекс про, яндекс маркет, сбермаркет, деливери клаб, delivery club, dostavista, достависта, курьер додо, озон, сдек, доставка суши, доставка еды, еду, доставка документов посылок, устроиться курьером, работа в районе, курьер с ежедневной оплатой, подработка с ежедневными выплатами, работа рядом с домом, без опыта, оплата каждый день. ЖМИ ОТКЛИКНУТЬСЯ!;https://hh.ru/vacancy/115144206;53c7aa10087ed99c8a934e53f8c94d68
2025;Курьер пеший;Птицына Анастасия Андреевна;158400;197500;RUB;Гибкий график;Частичная занятость;Ярославская область;Рыбинск;0;Заработай в сезон БОЛЬШЕ с высокими тарифами 16+ ! Требуются курьеры, у нас свободный график (можно работать у дома)! ❗️❗️МОЖНО работать НА АЙФОНЕ❗️❗️И на андроиде тоже можно. ✔️ СВОБОДНЫЙ ГРАФИК ✔️ ОПЛАТА 3.500- 4.000- 5.600 за день. Зависит от времени работы. ✔️ ПРИНИМАЕМ БЕЗ ОПЫТА. Обучим - покажем. ❗️Оформление без записи в трудовую книжку! ПО РАБОТЕ: Можно использовать как подработку(Легко совмещать с учебой или работой) Район на выбор(10 мин среднее время доставки) Заказы на доставку собраны и оплачены. Вы только доставляете. Чаевые и доплаты 100% ваши,за заказы комиссии нет! Прием ЕЖЕДНЕВНО (даже в выходные)! ДОХОД: Оплата за 4 часа - до 4.000 руб.(зависит от района и времени суток) ЖМИ ОТКЛИКНУТЬСЯ Мы пришлем информацию в ответном сообщении в течение пары минут и скоро напишем в WhatsApp Данная вакансия также подойдет, если вы искали: работа курьером, курьер, курьер с ежедневной оплатой, курьер пеший, курьер подработка, курьер выходного дня, свободный график, пешком, яндекс доставка, доставщик яндекс еда, яндекс лавка, яндекс про, яндекс маркет, сбермаркет, деливери клаб, delivery club, dostavista, достависта, курьер додо, озон, сдек, доставка суши, доставка еды, еду, доставка документов посылок, устроиться курьером, работа в районе, курьер с ежедневной оплатой, подработка с ежедневными выплатами, работа рядом с домом, без опыта, оплата каждый день. ЖМИ ОТКЛИКНУТЬСЯ!;https://hh.ru/vacancy/115146364;53c7aa10087ed99c8a934e53f8c94d68
2025;Банкетный официант;Ресторан АлхимIQ;30000;0;RUB;Полный день;Частичная занятость;Ярославская область;Ярославль;880;Привет! Мы команда банкетного комплекса АлхимIQ (пр. Ленина, 10) Работаем на рынке уже 7 лет и каждый год проводим около 600 мероприятий: свадьбы, дни рождения, юбилеи, выездные кейтеринги и пр. Сейчас мы открыли набор в Сервис-команду: Это официанты Работа в нашем банкетном комплексе - это возможность заработать в период обучения или совмещение с основной работой. И это очень удобно так как: Это идеальный вариант для начала карьеры и первого опыта работы, а также для подработки в свободное время Мы принимаем с 14 лет при наличии разрешения от родителей Мы обучаем профессии онлайн Вы сдаете аттестацию тоже онлайн Первый же ваш выход на работу будет оплачен Чем выше ваш профессионализм, тем больше вы зарабатываете (минимальная ставка 1000 р, максимальная 3500 р/за банкет) Оплата производится 1 раз в неделю Вы сами выбираете мероприятия, на которых вы будете работать (информация отправляется в рабочий чат). Вы можете работать как в будни, так и вы в выходные дни, так как мероприятия идут почти каждый день. Если вакансия интересна, оставляй свой отклик. После этого тебе придет сообщение в чате с приглашением на встречу. После ответа на приглашение в чате мы вышлем детальную информацию по встрече.;https://hh.ru/vacancy/122708118;4c8fe94a34a6ba606cec361f6e40dc4f
2025;Курьер в доставку Кафе (легкие заказы 2-3 кг);Работа-Подработка: Курьер, Кладовщик, Сборщик;135000;220000;RUB;Полный день;Частичная занятость;Ярославская область;Ярославль;0;Добрый день уважаемый соискатель!Нам требуется курьер с ежедневной оплатой на подработку или как на основную работу!В данный момент у нас 11 категорий доставок, а именно доставка ЦВЕТОВ, ДОКУМЕНТОВ, ЗООТОВАРОВ, АПТЕКИ, ЭЛЕКТРОНИКА и т.дОбязанности- Доставка небольших посылок (время доставок вы выбираете самостоятельно -сами)- Выполнение заказов через приложение- Очень много заказав- Доставки по районуТребования- Телефон андроид или айфон- Желание зарабатыватьУсловия:- Ежедневные выплаты: до 7000 руб./день.- Близко к дому: доставки в твоем районе.- Легкие заказы: вес до 2 кг.- Гибкое расписание (время и количество рабочих часов выбираете самостоятельно)- Нет обязательного плана по доставкеНажмите ОТКЛИКНУТЬСЯ прямо сейчас и получите все подробности о работе! Также пишите в мессенджерах WhatsApp/Telegram: менеджер 24/7 готов ответить на вопросы и помочь с оформлением. Не упустите свой шанс начать уже сегодня!Также подойдет, если вы искали: «курьер, подработка с ежедневными выплатами, ежедневная оплата, свободный график, ночной курьер, вечерний курьер, доставка, лавка, документы, груз, сервис, пеший курьер, оплата каждый день, подработка, работа рядом с домом, достависта, график, свободный, пеший курьер, работа по району, официальное трудоустройство, зарплата, ЗП, оплата, доставка, работа курьером, курьер, еженедельная, ежедневная, на руки курьеру, подработка, прямой работодатель, ищу работу, время, работа без опыта, оплата сразу, утреннее, дневное, вечернее , время, режим»;https://hh.ru/vacancy/125138734;73bea92cb894165a13f98274a03b4b22
2024;Утренний/вечерний курьер на лёгкие посылки - подработка;Птицына Анастасия Андреевна;89420;139037;RUB;Гибкий график;Частичная занятость;Ярославская область;Ярославль;573;Заработай в сезон БОЛЬШЕ с высокими тарифами 14+! Требуются курьеры, у нас свободный график (можно работать у дома)! ❗️❗️МОЖНО работать НА АЙФОНЕ❗️❗️И на андроиде тоже можно. ✔️ ЕЖЕДНЕВНЫЕ ВЫПЛАТЫ ✔️ ОПЛАТА 3.500- 4.000- 6.400 за день (зависит от времени работы) ✔️ ПРИНИМАЕМ БЕЗ ОПЫТА (обучим - покажем) ❗️Оформление без записи в трудовую книжку! ПО РАБОТЕ: Можно использовать как подработку(Легко совмещать с учебой или работой) Район на выбор, можно менять каждую смену(7-10 мин среднее время доставки) Заказы на доставку собраны и оплачены. Вы только доставляете(Вес до 5 кг) Чаевые и доплаты 100% ваши,за заказы комиссии нет! Прием ЕЖЕДНЕВНО (даже в выходные)! ДОХОД: Средняя оплата за 4 часа - около 3.000 руб. Акция приведи друга - получи до 10тр ЖМИ ОТКЛИКНУТЬСЯ Мы пришлем информацию в ответном сообщении в течение пары минут и чуть позднее напишем в WhatsApp Данная вакансия также подойдет, если вы искали: работа курьером, курьер, курьер с ежедневной оплатой, курьер пеший, курьер подработка, курьер выходного дня, свободный график, пешком, яндекс доставка, доставщик яндекс еда, яндекс лавка, яндекс про, яндекс маркет, сбермаркет, деливери клаб, delivery club, dostavista, достависта, курьер додо, озон, сдек, доставка суши, доставка еды, еду, доставка документов посылок, устроиться курьером, работа в районе, курьер с ежедневной оплатой, подработка с ежедневными выплатами, работа рядом с домом, без опыта, оплата каждый день. ЖМИ ОТКЛИКНУТЬСЯ;https://hh.ru/vacancy/92682305;64ca2c59568bd3d591dda9b6fa4bf37e
2024;Утренний/вечерний курьер на лёгкие посылки, подработка;Птицына Анастасия Андреевна;89420;139037;RUB;Гибкий график;Частичная занятость;Ярославская область;Ярославль;573;Заработай в сезон БОЛЬШЕ с высокими тарифами 14+! Требуются курьеры, у нас свободный график (можно работать у дома)! ❗️❗️МОЖНО работать НА АЙФОНЕ❗️❗️И на андроиде тоже можно. ✔️ ЕЖЕДНЕВНЫЕ ВЫПЛАТЫ ✔️ ОПЛАТА 3.500- 4.000- 6.400 за день (зависит от времени работы) ✔️ ПРИНИМАЕМ БЕЗ ОПЫТА (обучим - покажем) ❗️Оформление без записи в трудовую книжку! ПО РАБОТЕ: Можно использовать как подработку(Легко совмещать с учебой или работой) Район на выбор, можно менять каждую смену(7-10 мин среднее время доставки) Заказы на доставку собраны и оплачены. Вы только доставляете(Вес до 5 кг) Чаевые и доплаты 100% ваши,за заказы комиссии нет! Прием ЕЖЕДНЕВНО (даже в выходные)! ДОХОД: Средняя оплата за 4 часа - около 3.000 руб. Акция приведи друга - получи до 10тр ЖМИ ОТКЛИКНУТЬСЯ Мы пришлем информацию в ответном сообщении в течение пары минут и чуть позднее напишем в WhatsApp Данная вакансия также подойдет, если вы искали: работа курьером, курьер, курьер с ежедневной оплатой, курьер пеший, курьер подработка, курьер выходного дня, свободный график, пешком, яндекс доставка, доставщик яндекс еда, яндекс лавка, яндекс про, яндекс маркет, сбермаркет, деливери клаб, delivery club, dostavista, достависта, курьер додо, озон, сдек, доставка суши, доставка еды, еду, доставка документов посылок, устроиться курьером, работа в районе, курьер с ежедневной оплатой, подработка с ежедневными выплатами, работа рядом с домом, без опыта, оплата каждый день. ЖМИ ОТКЛИКНУТЬСЯ;https://hh.ru/vacancy/92682345;31d59cb39094d896af575de655c84fbb
2024;Подсобный рабочий;"ОБЩЕСТВО С ОГРАНИЧЕННОЙ ОТВЕТСТВЕННОСТЬЮ ""ГОТЭК-ПОЛИПАК ПЕРЕСЛАВЛЬ""";19300;0;RUB;Неполный день;Частичная занятость;Ярославская область;Ярославль;904;Должностные обязанности в соответствии с трудовым договором и должностной инструкцией. Режим работы - 2 часа в день. Оплата в зависимости от отработанного времени (4810,5 р. к начислению) Ответственность, коммуникабельность, умение работать в команде. Вакансия для несовершеннолетних. Социальный пакет Работа на 0.25 ставки, (заработная плата при условии работы на условиях неполного рабочего времени = 4 810,5 р. в месяц) Продолжительность рабочего дня - 2 часа (5 дней в неделю).;https://trudvsem.ru/vacancy/card/1157627004336/73902c88-45aa-11ef-8517-cb26dff57dd7;2d75706f7cc9d164d602eb842883a34f
2023;Сборщик заказов (подработка);Квазар;30000;82500;RUB;Гибкий график;Частичная занятость;Ярославская область;Ярославль;1052;Открыта вакансия Сборщик заказов на подработку или полный день. Свободный график от 4 часов в день, еженедельные выплаты, возможен выход на работу в день обращения Преимущества стать сборщиком: Большое количество заказов Гибкий грaфик от 1 дня в неделю Доход за смену до 2500 рублей Работа в магазинах рядом с домом Можно без опыта Прямой работодатель Обязанности сборщика интернет заказов: Собирать заказы на территории супермаркетов и гипермаркетов (Магнит, Окей, Ашан, Лента, Пятерочка, Перекресток, METRO) через смарфтон или планшет на базе Android Оставляй отклик, чтобы стать сборщиком онлайн заказов!;https://hh.ru/vacancy/87705103;11e7add512ea870ee34238b56a0b3219
2025;Подсобный рабочий Ярославского участка (Руководство);"АКЦИОНЕРНОЕ ОБЩЕСТВО ""РН-ЯРОСЛАВЛЬ""";23000;23000;RUB;;Полная занятость;Ярославская область;Ярославль;308;Выполнение вспомогательных работ по заданиям сотрудников подразделений Общества Образование среднее или среднее (полное) общее, или лица, получающие среднее или среднее профессиональное образование Навыки работы на персональном компьютере. Грамотное письмо. Знание Word, Excel на уровне пользователя (навыки оформления и редактирования печатного текста, таблиц, схем). Расширенный пакет социальных гарантий и льгот: Программа страхования жизни и здоровья от несчастных случаев, материальная помощь в определенных жизненных ситуациях, корпоративное пенсионное обеспечение, добровольное медицинское страхование, и т.п.;https://trudvsem.ru/vacancy/card/1087604014827/a9330f6a-e3bb-11ef-9a52-e7d0d2cf29b1;eb2de562c2a0f3b0fa0a17b4e62725a5
2025;Подсобный рабочий;"ОБЩЕСТВО С ОГРАНИЧЕННОЙ ОТВЕТСТВЕННОСТЬЮ ""АЛЬЯНС""";25000;25000;RUB;;Полная занятость;Ярославская область;Ярославль;396;Погрузка и разгрузка товарно-материальных ценностей. Перемещение грузов на хранение в складские помещения и распределение их в соответствующие отсеки. Упаковка грузов в необходимую тару. Работа с приборами и инвентарем в рамках получаемых от непосредственного руководителя заданий и своей компетенции. Поддержание в чистоте производственных помещений, складов и прилегающих территорий. 1. Дисциплинированность 2. Коммуникабельность 3. Ответственность;https://trudvsem.ru/vacancy/card/1087611000707/39f4c7e8-e44e-11ef-9a52-e7d0d2cf29b1;dbca0fa1c26af0d395cd10e726113a42
2024;Менеджер по работе с клиентами;Ростелеком;0;90000;RUB;Гибкий график;Частичная занятость;Ярославская область;Ярославль;714;"Ростелеком ищет в свою команду массового сегмента (B2C) амбициозного специалиста по продажам, который будет расти вместе с нами. Нам важно найти единомышленника, готового быстро обучаться и легко находящего подход к клиентам. Прекрасный старт в начале карьеры! Чем предстоит заниматься: Активные продажи услуг Ростелекома: работать как уже с действующим клиентами, так и осуществлять поиск новых; Помогать клиентам и консультировать их в выборе наиболее подходящих и выгодных тарифов: например, интернет, умная колонка «Маруся», интерактивное ТВ, умный дом, видеонаблюдение, оборудование, мобильная связь. Формировать заявки на подключение услуг, а также вести отчетность. Что мы от вас ожидаем: Рассматриваем от 16 лет; Рассмотрим кандидатов без опыта работы, мы всему научим; Развитые навыки коммуникации, грамотная и четкая речь; Активная жизненная позиция, нацеленность на результат; Что мы предлагаем: Средний уровень дохода от 20 000₽ в месяц и выше, ежемесячные премии по результатам работы. Все в твоих руках! Гибкий график на выбор: 5/2 или 2/2; Можно совмещать с основной работой или учебой: занятость в день от 4 часов. Оформление по договору ГПХ; Наставники обучат техникам продаж и коммуникациям с клиентами, также для профессионального и личного развития предоставляется доступ к корпоративному онлайн-университету и электронным библиотекам Поддержка опытных коллег;";https://hh.ru/vacancy/101513103;638595ca4f42508666e0d659b48c9a4a
2024;Начинающий специалист;Ростелеком;0;73000;RUB;Гибкий график;Частичная занятость;Ярославская область;Ярославль;694;"Ростелеком в поисках специалиста в команду прямых продаж, работающей с массовым сегментом (B2C). Для нас важно найти человека, который готов быстро учиться, легко находить контакт с клиентами. Отличный старт даже без опыта работы Обязанности: Активные продажи услуг компании потенциальным и действующим клиентами; Консультация и помощь в выборе наиболее подходящих и выгодных тарифов для клиентов: интернет, интерактивное ТВ, видеонаблюдение, оборудование, мобильная связь, умный дом, умная колонка «Маруся»; Формирование заявок на подключение услуг и ведение отчетности. Требования: Возраст от 16 лет; Опыт работы не имеет значения, всему научим; Грамотная и четкая речь, развитые коммуникативные навыки; Активная жизненная позиция, умение добиваться результатов Условия: Средний доход до 70 000₽ в месяц и выше, ежемесячные премии по результатам работы. Все зависит только от вас! Гибкий график 5/2, 2/2 Занятость от 4 часов в день, можно совмещать с основной работой или учебой; Оформление по договору ГПХ; Обучение техникам продаж и коммуникациям с клиентами, корпоративный онлайн-университет и доступ к электронным библиотекам для профессионального и личного развития; Поддержка опытных коллег и наставников";https://hh.ru/vacancy/101513251;0664bbd93eb5ca69f1364a4d6953b2c6
2025;Распределитель работ;"ПУБЛИЧНОЕ АКЦИОНЕРНОЕ ОБЩЕСТВО ""ОДК-САТУРН""";23000;23000;RUB;;Полная занятость;Ярославская область;Ярославль;904;В соответствии с трудовым договором и должностной инструкцией. Прием на работу по результатам собеседования. Ответственность. Образование: Среднее Режим работы односменный (до 16 лет: с 8-00 до 14-00, от 16 до 18 лет: с 8-00 до 16-00 (1 час обед)). Медицинское обслуживание, санаторно-курортное обеспечение, условия для приема пищи во время перерыва;https://trudvsem.ru/vacancy/card/1027601106169/d8bdafd8-2f04-11f0-8a59-cb26dff57dd7;5017a5da83223c08bfefff194b9196f4
2025;Слесарь-ремонтник;"ПУБЛИЧНОЕ АКЦИОНЕРНОЕ ОБЩЕСТВО ""ОДК-САТУРН""";23000;23000;RUB;;Полная занятость;Ярославская область;Ярославль;1079;В соответствии с трудовым договором и должностной инструкцией Прием на работу по результатам собеседования. Ответственность. Образование: Среднее Режим работы односменный (до 16 лет: с 8-00 до 14-00, от 16 до 18 лет: с 8-00 до 16-00 (1 час обед)). Медицинское обслуживание, санаторно-курортное обеспечение, условия для приема пищи во время перерыва;https://trudvsem.ru/vacancy/card/1027601106169/606e51f8-2f05-11f0-bdff-e7d0d2cf29b1;f88c4968a8c76ff581202c9c8a70eb6c
2025;Токарь;"ПУБЛИЧНОЕ АКЦИОНЕРНОЕ ОБЩЕСТВО ""ОДК-САТУРН""";23000;23000;RUB;;Полная занятость;Ярославская область;Ярославль;900;В соответствии с трудовым договором и должностной инструкцией Прием на работу по результатам собеседования. Ответственность. Образование: Среднее Режим работы односменный (до 16 лет: с 8-00 до 14-00, от 16 до 18 лет: с 8-00 до 16-00 (1 час обед)). Медицинское обслуживание, санаторно-курортное обеспечение, условия для приема пищи во время перерыва;https://trudvsem.ru/vacancy/card/1027601106169/adc2c498-2f05-11f0-b4ee-d549be31d974;74a326a2f4c997641bd7782731ff1c9d
2025;Слесарь механосборочных работ;"ПУБЛИЧНОЕ АКЦИОНЕРНОЕ ОБЩЕСТВО ""ОДК-САТУРН""";23000;23000;RUB;;Полная занятость;Ярославская область;Ярославль;0;В соответствии с трудовым договором и должностной инструкцией Прием на работу по результатам собеседования. Ответственность. Образование: Среднее Режим работы односменный (до 16 лет: с 8-00 до 14-00, от 16 до 18 лет: с 8-00 до 16-00 (1 час обед)). Медицинское обслуживание, санаторно-курортное обеспечение, условия для приема пищи во время перерыва;https://trudvsem.ru/vacancy/card/1027601106169/cecfd420-4512-11f0-a0cc-cb26dff57dd7;9a1a82567a9b06b105563c91f7cf845f
2024;Курьер легких заказов;Работа сегодня (ИП Холин Андрей Сергеевич);90000;150000;RUB;Гибкий график;Частичная занятость;Ярославская область;Ярославль;573;✨ Привет! Мы ищем именно тебя: активных и целеустремленных, готовых к новым достижениям. ✨ Присоединяйся к нашей команде и начни зарабатывать уже сегодня! ⭐ Что тебя ждет: Гибкий график: Ты сам выбираешь, когда работать. Утро, день или вечер – ты вольный планировать свой день. Высокий доход: до 6500 руб./день, плюс бонусы за активность и скорость. Работа рядом с домом: Забудь о долгих перемещениях, работаем в пределах твоего района. ⭐ Твои задачи: Доставка легких заказов: товары для дома, аптечные товары, малогабаритные посылки. Вежливое общение с клиентами и своевременная доставка. ⭐ Что мы ценим: Ответственность и активность. Желание работать и зарабатывать. Наличие смартфона с доступом в интернет. ⭐ Почему стоит начать именно с нами: Ежедневные выплаты: Заработок каждый день. Обучение и поддержка: Беспокоит вопрос? Наши менеджеры всегда на связи через WhatsApp/Telegram. Бонусы: Мы ценим твою старательность и готовы это вознаграждать. ✨ Как начать? Просто нажми ОТКЛИКНУТЬСЯ. Все просто – без долгих собеседований, можешь начать уже сегодня. Если вдруг возникнут вопросы, пиши нам. Наша команда всегда на связи, чтобы помочь тебе войти в курс дела и ответить на любые вопросы. Наша вакансия также подойдет вам, если вы искали: работа курьером СберМаркет, работа доставка курьером, пеший курьер, работа пешим курьером, доставщик, курьер, свободный график, гибкий график, удобный график, свободный график, работа рядом с домом, без опыта, начинающий специалист, работа на выходные, в вечернее время, в дневное время, подработка, работа выходного дня, курьер ВкусВилл, курьер Деливери, курьер Яндекс, работа курьером Деливери, работа курьером Самокат, работа курьером Яндекс Лавка, работа курьером Яндекс Еда, Озон, Ozon. ОБРАЩАЕМ ВНИМАНИЕ, места ограничены способ доставки любой. Принимаем ежедневно даже в выходные и праздничные дни. Оставляйте отклик, ставьте лайк ❤ для нас это очень важно. ЗВОНИТЕ ИЛИ ПИШИТЕ В МЕССЕНДЖЕРЫ - сразу отправим подробности ☎️ ⬇️ ЖМИТЕ ОТКЛИКНУТЬСЯ ⬇️ ОБРАЩАЕМ ВНИМАНИЕ, после отклика на данную вакансию потребуется предоставление информации или выполнение иных действий на сторонних информационных ресурсах.;https://hh.ru/vacancy/105361488;be58655c5115aa0b8d132059be93abd9
2025;Подсобный рабочий;"ПУБЛИЧНОЕ АКЦИОНЕРНОЕ ОБЩЕСТВО ""ОДК-САТУРН""";23000;23000;RUB;;Полная занятость;Ярославская область;Ярославль;904;В соответствии с трудовым договором и должностной инструкцией. Прием на работу по результатам собеседования. Ответственность. Образование: Среднее Режим работы односменный (до 16 лет: с 8-00 до 14-00, от 16 до 18 лет: с 8-00 до 16-00 (1 час обед)). Медицинское обслуживание, санаторно-курортное обеспечение, условия для приема пищи во время перерыва;https://trudvsem.ru/vacancy/card/1027601106169/c5c1e528-15e8-11f0-82b1-d549be31d974;3451538396f12a44a2e54aaf48073ca7
2023;Промоутер-распространитель;ТТК-Связь;10000;25000;RUB;Гибкий график;Частичная занятость;Ярославская область;Ярославль;957;"Компания ТTК в пoиcках активногo Промоутера-распространителя рекламных листовок! Мы предоставляем качественные услуги связи населению нашего города, с нами выгодно, потому что мы магистральный федеральный провайдер, наши клиенты довольны, и рекомендуют нас друзьям и соседям. Берем с 14 лет! БЕЗ ОПЫТА РАБОТЫ! Опыт в данной сфере приветствуется! Паспорт и согласие от родителей обязательны!! Обязанности: - Распространение рекламных листовок внутри подъездов; - Фотоотчет проделанной работы. Мы предлагаем: - Свободный график работы от 4-х часов в день; - Возможность совмещать с учебой/работой; - Сдельную оплату труда; - Свободный график работы. Готовы работать? Записывайтесь на собеседование, зарабатывайте и развивайтесь с нами!";https://hh.ru/vacancy/87969505;62aa70fb694790424fff048cd7f54150
2024;Промоутер в студию балета и растяжки Levita;Levita (ИП Савченко Антон Николаевич);0;30000;RUB;Сменный график;Частичная занятость;Ярославская область;Ярославль;104;"Хочешь стать частью передовой команды LEVITA на международном рынке? Лучшая в России сеть студий балета и растяжки LEVITA (согласнопремии Russian Fitness Award 2023) вот уже 7 лет обучает девушек и женщин боди-балету, хореографии, растяжке. В международную студию балета и растяжки LEVITA требуется АКТИВНЫЕ, ОБЩИТЕЛЬНЫЕ промоутеры. Возможность заработать от 1 000 рублей в смену, тратя на это всего 3 часа в день. Boзможнoсть xoрошo заpaбатывать + oбучeние + опыт Вaм гaрaнтирoваны. Что мы предлагаем: - Достойную оплату труда; - Удобный гибкий график, работе можно уделять от 3х часов в день (ты можешь работать в удобное для тебя время, совмещать работу с учебой); - Работу во всех районах города;- Если у тебя нет опыта, то мы обязательно поможем разобраться и научим как это делать; - Работу в дружном коллективе настоящих профессионалов своего дела. B твои oбязaнноcти входит: - Получeние контактов через листовки; - Взаимодействие с администраторами студии; - Презентация студии при получении контактов. Мы ждем тебя, если ты: - Умеешь находить общий язык с людьми;- Пунктуален;- Активен и энергичен;- Заряжен на результат, заработная плата зависит только от тебя;Опыт работы приветствуется . Если Ты хочешь стать часть нашей команды, скорее оставляй свой отклик. LEVITA - это по любви! Продавец, официант, рекламщик, помощник, помощник продавца, аниматор, оператор, ассистент, консультант, комплектовщик заказов, распространитель, фасовщик, сборщик, торговый представитель, начинающий специалист, junior менеджер, хостес";https://hh.ru/vacancy/104624580;d51182a81842f1df20ce964689d5acca
2024;Подработка выходного дня. Курьер по лёгким и мелким заказам на пункт выдачи (утро / день / вечер);Кондратьева Наталья Михайловна;88240;126820;RUB;Гибкий график;Частичная занятость;Ярославская область;Ярославль;573;Подработка курьером по доставке малогабаритных интернет-заказов на пункт доставки (свободного дня / подработка / не полный день / полный день). Мы заинтересованы в длительном сотрудничестве, поэтому предлагаем ЛУЧШИЕ условия для Вас ПОВЫШАЕМ ВСЕ тарифы на зимний период Только у нас Вы можете: Заработать до 6 480 рублей за смену или до 540 руб. в час Выбрать любой график работы (от 2 до 12 часов, в любой день) Выбрать район доставок (можно у дома или в любом другом доступном районе) Получить повышенную оплату за дальние заказы и надбавки за повышенный спрос (до х5 от стоимости заказа) Рассчитывать на стабильные выплаты каждую пятницу до 42 000 рублей за неделю ❗Места ограничены. Нажимайте ОТКЛИК - направим информацию на почту и в чат в течение 2-х минут. Подробнее об условиях работы: Можно работать с любым устройством (андроид или IOS) Можно БЕЗ опыта (проведем вводное оплачиваемое обучение за несколько часов) Предлагаем САМЫЕ высокие тарифы в Вашем городе, если найдете ставки выше - напишите нам. Проводим обучение ЕЖЕДНЕВНО, начать можно сразу после обучения ЕЖЕНЕДЕЛЬНЫЕ выплаты, гарантированный доход за каждый час на смене, даже если нет заказов! Регулярные бонусы, акции и чаевые, которые могут увеличить доход на ~35% Ваша миссия: Доставка интернет-заказов заранее собранных, оплаченных и упакованных. Необходимо только передать клиенту Забирать заказы на пункте доставки и доставлять по адресам в выбранном районе (ограничили радиус доставки для Вашего удобства) Оставьте ОТКЛИК сейчас пока предложение актуально - направим информация в чат и на почту в течение 2-х минут *Пока вакансия размещена - она актуальна. Данная вакансия подойдёт для людей с опытом работы на таких позициях как: вечерний курьер, подработка вечером, курьер с ежедневными выплатами, курьер без опыта, подработка на 3 часа, курьер на вечер, доставка посылок, начинающий специалист, работа после учёбы, вакансии курьер, подработка курьером, быстрая подработка, работа неполный день, вакансии без опыта, промоутер, разнорабочий, удалённая работа, грузчик, яндекс курьер, озон доставка, магнит курьер, комплектовщик, сборщик, упаковщик, продавец, вахта, работа без специальной подготовки, временная работа, вакансия без медкнижки, начало карьеры, работа без опыта, срочно требуются работники, работа в вечернее время, подработка на зиму, сезонная работа, работа на праздники, подработка на новый год, вакансии вечером после основной работы, подработка в свободное время.;https://hh.ru/vacancy/92400957;40f66aefe4a53e10ba04142604bb9908
2025;разнорабочий;"ОБЩЕСТВО С ОГРАНИЧЕННОЙ ОТВЕТСТВЕННОСТЬЮ ""БАРЛЕЙ Б.С.""";23000;23000;RUB;;Частичная занятость;Ярославская область;Ярославль;967;Обеспечение помощи специалистам на своем участке работ. Участие в уборке и выносе мусора после произведенных работ на территории предприятия. Помощь в устранении поломок оборудования в пределах своей компетенции. Хранение выданного инвентаря, спецодежды и уход за ними. Переноска грузов, их погрузка и разгрузка. Взаимодействие с коллегами по проведению необходимых вспомогательных работ. Отслеживание ситуации по возможным поломкам оборудования и другим возможным проблемным моментам. Помощь специалистам в чистке и мойке инвентаря и инструментов. Поддержание норм безопасности на предприятии трудолюбие, ответственное отношение к должностным обязанностям.;https://trudvsem.ru/vacancy/card/1047602211623/c4c7e2e0-2b1f-11f0-9f7d-d549be31d974;e153dfc068e497dc982dc8303e61450b
2025;Курьер на склад (легкие заказы для дома 1-3 кг);Работа-Подработка: Курьер, Кладовщик, Сборщик;135000;220000;RUB;Полный день;Частичная занятость;Ярославская область;Ярославль;0;Добрый день уважаемый соискатель!Нам требуется курьер с ежедневной оплатой на подработку или как на основную работу!В данный момент у нас 11 категорий доставок, а именно доставка ЦВЕТОВ, ДОКУМЕНТОВ, ЗООТОВАРОВ, АПТЕКИ, ЭЛЕКТРОНИКА и т.дОбязанности- Доставка небольших посылок (время доставок вы выбираете самостоятельно -сами)- Выполнение заказов через приложение- Очень много заказав- Доставки по районуТребования- Телефон андроид или айфон- Желание зарабатыватьУсловия:- Ежедневные выплаты: до 7000 руб./день.- Близко к дому: доставки в твоем районе.- Легкие заказы: вес до 2 кг.- Гибкое расписание (время и количество рабочих часов выбираете самостоятельно)- Нет обязательного плана по доставкеНажмите ОТКЛИКНУТЬСЯ прямо сейчас и получите все подробности о работе! Также пишите в мессенджерах WhatsApp/Telegram: менеджер 24/7 готов ответить на вопросы и помочь с оформлением. Не упустите свой шанс начать уже сегодня!Также подойдет, если вы искали: «курьер, подработка с ежедневными выплатами, ежедневная оплата, свободный график, ночной курьер, вечерний курьер, доставка, лавка, документы, груз, сервис, пеший курьер, оплата каждый день, подработка, работа рядом с домом, достависта, график, свободный, пеший курьер, работа по району, официальное трудоустройство, зарплата, ЗП, оплата, доставка, работа курьером, курьер, еженедельная, ежедневная, на руки курьеру, подработка, прямой работодатель, ищу работу, время, работа без опыта, оплата сразу, утреннее, дневное, вечернее , время, режим»;https://hh.ru/vacancy/125298659;f7dc997e05e152f00ea05eb3d4e2d117
2025;Курьер-пеший на подработку рядом с домом;Птицына Анастасия Андреевна;158400;197500;RUB;Гибкий график;Частичная занятость;Ярославская область;Ярославль;573;Заработай в сезон БОЛЬШЕ с высокими тарифами 16+ ! Требуются курьеры, у нас свободный график (можно работать у дома)! ❗️❗️МОЖНО работать НА АЙФОНЕ❗️❗️И на андроиде тоже можно. ✔️ СВОБОДНЫЙ ГРАФИК ✔️ ОПЛАТА 3.500- 4.000- 5.600 за день. Зависит от времени работы. ✔️ ПРИНИМАЕМ БЕЗ ОПЫТА. Обучим - покажем. ❗️Оформление без записи в трудовую книжку! ПО РАБОТЕ: Можно использовать как подработку(Легко совмещать с учебой или работой) Район на выбор(10 мин среднее время доставки) Заказы на доставку собраны и оплачены. Вы только доставляете. Чаевые и доплаты 100% ваши,за заказы комиссии нет! Прием ЕЖЕДНЕВНО (даже в выходные)! ДОХОД: Оплата за 4 часа - до 4.000 руб.(зависит от района и времени суток) ЖМИ ОТКЛИКНУТЬСЯ Мы пришлем информацию в ответном сообщении в течение пары минут и скоро напишем в WhatsApp Данная вакансия также подойдет, если вы искали: работа курьером, курьер, курьер с ежедневной оплатой, курьер пеший, курьер подработка, курьер выходного дня, свободный график, пешком, яндекс доставка, доставщик яндекс еда, яндекс лавка, яндекс про, яндекс маркет, сбермаркет, деливери клаб, delivery club, dostavista, достависта, курьер додо, озон, сдек, доставка суши, доставка еды, еду, доставка документов посылок, устроиться курьером, работа в районе, курьер с ежедневной оплатой, подработка с ежедневными выплатами, работа рядом с домом, без опыта, оплата каждый день. ЖМИ ОТКЛИКНУТЬСЯ!;https://hh.ru/vacancy/115293867;bd75ec04a3673ee1a26fdefe0d80b335
2025;Курьер на склад (легкие заказы для дома 1-3кг);Работа-Подработка: Курьер, Кладовщик, Сборщик;135000;220000;RUB;Полный день;Частичная занятость;Ярославская область;Ярославль;0;Добрый день уважаемый соискатель!Нам требуется курьер с ежедневной оплатой на подработку или как на основную работу!В данный момент у нас 11 категорий доставок, а именно доставка ЦВЕТОВ, ДОКУМЕНТОВ, ЗООТОВАРОВ, АПТЕКИ, ЭЛЕКТРОНИКА и т.дОбязанности- Доставка небольших посылок (время доставок вы выбираете самостоятельно -сами)- Выполнение заказов через приложение- Очень много заказав- Доставки по районуТребования- Телефон андроид или айфон- Желание зарабатыватьУсловия:- Ежедневные выплаты: до 7000 руб./день.- Близко к дому: доставки в твоем районе.- Легкие заказы: вес до 2 кг.- Гибкое расписание (время и количество рабочих часов выбираете самостоятельно)- Нет обязательного плана по доставкеНажмите ОТКЛИКНУТЬСЯ прямо сейчас и получите все подробности о работе! Также пишите в мессенджерах WhatsApp/Telegram: менеджер 24/7 готов ответить на вопросы и помочь с оформлением. Не упустите свой шанс начать уже сегодня!Также подойдет, если вы искали: «курьер, подработка с ежедневными выплатами, ежедневная оплата, свободный график, ночной курьер, вечерний курьер, доставка, лавка, документы, груз, сервис, пеший курьер, оплата каждый день, подработка, работа рядом с домом, достависта, график, свободный, пеший курьер, работа по району, официальное трудоустройство, зарплата, ЗП, оплата, доставка, работа курьером, курьер, еженедельная, ежедневная, на руки курьеру, подработка, прямой работодатель, ищу работу, время, работа без опыта, оплата сразу, утреннее, дневное, вечернее , время, режим»;https://hh.ru/vacancy/125202132;fc147b3f834d0a73ad176afc62f27683
2025;Стажер в Маркет.Деливери;Премьер;75000;114000;RUB;Гибкий график;Частичная занятость;Ярославская область;Ярославль;1052;Вакансия ОТКРЫТА! Устроиться можно сегодня!После ОТКЛИКА мы отправим более подробную информацию в чат Условия:-Можно использовать как подработку-Район на выбор-График от 1 часа в день-Выплаты ежедневно/еженедельно-Техническая поддержка Обязанности:-Передача оплаченных заказов клиентам Требования:-Смартфон на базе Android или IOS-Можно без опыта-Желание зарабатывать Откликнувшись мы отправим вам более подробную информацию о вакансии! ОБРАЩАЕМ ВНИМАНИЕ, после отклика на данную вакансию потребуется предоставление информации или выполнение иных действий на сторонних информационных ресурсах.;https://hh.ru/vacancy/119006918;941dd2eba98e0c0026c27e16ca939bf3
2025;подсобный рабочий;"ОБЩЕСТВО С ОГРАНИЧЕННОЙ ОТВЕТСТВЕННОСТЬЮ ""ФЕРРОПЛАСТ МЕДИКАЛ""";23000;23000;RUB;;Полная занятость;Ярославская область;Ярославль;0;Подсобные работы Дисциплинированность;https://trudvsem.ru/vacancy/card/1027600623137/602b81f8-a448-11f0-8bdd-abd4f0e64f6f;bf89a5374e58ac422feb719088c6c8d2
2024;Помощник в кафе на подработку;НОВАЯ РАБОТА (ИП Лядов Владимир Антонович);42000;0;RUB;Гибкий график;Частичная занятость;Ярославская область;Рыбинск;514;"Сотрудник в кафе быстрого обслуживания в разные районы г. Рыбинск. К нам ты можешь прийти без опыта: мы все расскажем и всему научим! Обязанности: Сбор и выдача заказов Расчет гостей на кассе Готовка блюд по стандартам Уборка служебных и гостевых помещений Условия: Официальное трудоустройство Стабильная зарплата и премии, выплаты два раза в месяц Бесплатные обеды Индивидуальный график работы Место работы выбираешь сам Количество мест ограничено. Если тебе 17+ Откликнись прямо сейчас! Наше предложение подойдет, если тебе интересны вакансии: повар, кассир, продавец, консультант, официант, администратор, начинающий специалист, сборщик заказов. Приветствуется опыт работы в ДоДо Пицца, Бургер Кинг, KFC, Ростикс, Domino&#39;s Pizza, Папа Джонс, Ташир Пицца и др.";https://hh.ru/vacancy/106776692;6f07b2a17ebf49008ddd96c245b55a45
2024;Помощник в кафе на подработку;НОВАЯ РАБОТА (ИП Лядов Владимир Антонович);45000;0;RUB;Гибкий график;Частичная занятость;Ярославская область;Ярославль;734;"Сотрудник в кафе быстрого обслуживания в разные районы г. Ярославль. К нам ты можешь прийти без опыта: мы все расскажем и всему научим! Обязанности: Сбор и выдача заказов Расчет гостей на кассе Готовка блюд по стандартам Уборка служебных и гостевых помещений Условия: Официальное трудоустройство Стабильная зарплата и премии, выплаты два раза в месяц Бесплатные обеды Индивидуальный график работы Место работы выбираешь сам Количество мест ограничено. Если тебе 17+ Откликнись прямо сейчас! Наше предложение подойдет, если тебе интересны вакансии: повар, кассир, продавец, консультант, официант, администратор, начинающий специалист, сборщик заказов. Приветствуется опыт работы в ДоДо Пицца, Бургер Кинг, KFC, Ростикс, Domino&#39;s Pizza, Папа Джонс, Ташир Пицца и др.";https://hh.ru/vacancy/106776731;ce60890b98675efc5a3586460fa613f3
2024;Курьер легких заказов (в доставку кафе и рестораны);Работа сегодня (ИП Холин Андрей Сергеевич);100000;168000;RUB;Гибкий график;Частичная занятость;Ярославская область;Ярославль;573;Ищете подработку с высоким доходом? Мы рады предложить вам новые условия с гарантированным доходом, который выше, чем у других курьерских сервисов. При полной занятости до 6 500 рублей ежедневно! Программа Приведи друга позволит вам получить дополнительный бонус за каждого кто начнет работу. Наши преимущества: 1. Оформление ежедневно!2. Выплаты ежедневно!3. График полностью свободный!4. Заказы всегда есть, это показатель стабильности!5. Заказы можно брать рядом с вашим домом! Условия: ✅ Гарантированно до 650 рублей в час + премии и бонусы, зависит от выбранного вами лично графика.✅ Во время пикового спроса до 780 рублей в час!✅ Доход до 6 500 рублей в день.✅ НЕТ ПРОЦЕНТОВ С ЗАКАЗОВ И КОМИССИИ ! Оставьте отклик, и мы свяжемся с вами в WhatsApp и на сайте. Обязанности: ✅ Доставка продуктов, запакованной герметично еды и других заказов✅ Все товары оплачены и упакованы, вам только доставлять!✅ Работаете только в своем районе. Требования: Любой телефон: iPhone или Android. Медкнижка не требуется. Форма не требуется. Полный комфорт в оформлении, бесплатный инвентарь и дождевик. Любое гражданство. Опыт не обязателен. ❗️ НАЖМИТЕ ОТКЛИК НА ВАКАНСИЮ – МЫ ПОДРОБНЕЕ РАССКАЖЕМ В ЧАТЕ СРАЗУ! «курьер, подработка с ежедневными выплатами, ежедневная оплата, свободный график, ночной курьер, доставка, документы, груз, сервис, оплата каждый день, подработка, работа рядом с домом, график, свободный, работа по району, официальное трудоустройство, зарплата, ЗП, оплата, доставка, работа курьером в деливери клаб, курьер, еженедельная, ежедневная, на руки курьеру, подработка, прямой работодатель, ищу работу, время, работа без опыта, оплата сразу, утреннее, дневное, вечернее, время, режим».;https://hh.ru/vacancy/104683179;5f0bfd5bbe667b78e6c3faf5f76a7c8d
2024;Утренний/вечерний курьер, подработка;Птицына Анастасия Андреевна;89420;139037;RUB;Гибкий график;Частичная занятость;Ярославская область;Ярославль;573;Заработай в сезон БОЛЬШЕ с высокими тарифами 14+! Требуются курьеры, у нас свободный график (можно работать у дома)! ❗️❗️МОЖНО работать НА АЙФОНЕ❗️❗️И на андроиде тоже можно. ✔️ ЕЖЕДНЕВНЫЕ ВЫПЛАТЫ ✔️ ОПЛАТА 3.500- 4.000- 6.400 за день (зависит от времени работы) ✔️ ПРИНИМАЕМ БЕЗ ОПЫТА (обучим - покажем) ❗️Оформление без записи в трудовую книжку! ПО РАБОТЕ: Можно использовать как подработку(Легко совмещать с учебой или работой) Район на выбор, можно менять каждую смену(7-10 мин среднее время доставки) Заказы на доставку собраны и оплачены. Вы только доставляете(Вес до 5 кг) Чаевые и доплаты 100% ваши,за заказы комиссии нет! Прием ЕЖЕДНЕВНО (даже в выходные)! ДОХОД: Средняя оплата за 4 часа - около 3.000 руб. Акция приведи друга - получи до 10тр ЖМИ ОТКЛИКНУТЬСЯ Мы пришлем информацию в ответном сообщении в течение пары минут и чуть позднее напишем в WhatsApp Данная вакансия также подойдет, если вы искали: работа курьером, курьер, курьер с ежедневной оплатой, курьер пеший, курьер подработка, курьер выходного дня, свободный график, пешком, яндекс доставка, доставщик яндекс еда, яндекс лавка, яндекс про, яндекс маркет, сбермаркет, деливери клаб, delivery club, dostavista, достависта, курьер додо, озон, сдек, доставка суши, доставка еды, еду, доставка документов посылок, устроиться курьером, работа в районе, курьер с ежедневной оплатой, подработка с ежедневными выплатами, работа рядом с домом, без опыта, оплата каждый день. ЖМИ ОТКЛИКНУТЬСЯ;https://hh.ru/vacancy/91365214;b888b7d138a19e86fa491fa2cde29be8
2023;Утренний/вечерний курьер на лёгкие посылки до 2 кг;Птицына Анастасия Андреевна;89420;142037;RUB;Гибкий график;Частичная занятость;Ярославская область;Ярославль;573;Заработай осенью с высокими тарифами 14+! Требуются курьеры, у нас свободный график (можно работать у дома)! ❗️❗️МОЖНО работать НА АЙФОНЕ❗️❗️И на андроиде тоже можно. ✔️ С ЕЖЕДНЕВНЫМИ ВЫПЛАТАМИ ✔️ ОПЛАТА 3.500- 4.000- 5.400 за день (зависит от времени работы) ✔️ ПРИНИМАЕМ БЕЗ ОПЫТА (обучим - покажем) ❗️Оформление без записи в трудовую книжку! ПО РАБОТЕ: Можно использовать как подработку(Легко совмещать с учебой или работой) Район на выбор, можно менять каждую смену(7-10 мин среднее время доставки) Заказы на доставку собраны и оплачены. Вы только доставляете(Вес до 5 кг) Чаевые и доплаты 100% ваши,за заказы комиссии нет! Прием ЕЖЕДНЕВНО (даже в выходные)! ДОХОД: Средняя оплата за 4 часа - около 3.000 руб. Акция приведи друга - получи до 10тр ЖМИ ОТКЛИКНУТЬСЯ Мы пришлем информацию в ответном сообщении в течение пары минут и чуть позднее напишем в WhatsApp Данная вакансия также подойдет, если вы искали: работа курьером, курьер, курьер с ежедневной оплатой, курьер пеший, курьер подработка, курьер выходного дня, свободный график, пешком, яндекс доставка, доставщик яндекс еда, яндекс лавка, яндекс про, яндекс маркет, сбермаркет, деливери клаб, delivery club, dostavista, достависта, курьер додо, озон, сдек, доставка суши, доставка еды, еду, доставка документов посылок, устроиться курьером, работа в районе, курьер с ежедневной оплатой, подработка с ежедневными выплатами, работа рядом с домом, без опыта, оплата каждый день. ЖМИ ОТКЛИКНУТЬСЯ;https://hh.ru/vacancy/88034053;344c9f3aefc44130b355ea4863722c84
2023;Оператор выходного дня на пункт выдачи легких интернет-заказов (Подработка);Кондратьева Наталья Михайловна;84200;148600;RUB;Гибкий график;Частичная занятость;Ярославская область;Ярославль;573;"Сборщик интернет-заказов (на подработку). Сборка только у дома. (В своем районе). Вы только собираете, по желанию, можно доставлять и получать дополнительный доход. НАЖИМАЙТЕ ОТКЛИК НА ВАКАНСИЮ - СРАЗУ ОТПРАВИМ ПОДРОБНОСТИ ✔️ Рассмотрим с любой платформой телефона (андроид или IOS) ✔️ Работа только в вашем районе; ✔️ Море заказов! Успейте заработать в сезон ❗ ЕЖЕНЕДЕЛЬНЫЕ ВЫПЛАТЫ. Официально на карту ❗ ОПЛАТА 1800-3200 за день (часовая ставка - Гарантия) ❗ БЕЗ ОПЫТА. (моментальное вводное обучение) ✅ УСЛОВИЯ РАБОТЫ: • МОЖНО ИСПОЛЬЗОВАТЬ КАК ПОДРАБОТКУ • ЛЮБОЙ РАЙОН ГОРОДА (даже рядом с домом)! • ВЫПЛАТЫ ЕЖЕНЕДЕЛЬНО. Платим даже если нет заказов! • Самые высокие ставки по городу • Чаевые и доплаты 100% ваши, абсолютно НЕТ КОМИССИЙ! • Прием ЕЖЕДНЕВНО (и в выходные)! Начать можно сразу после оформления! ✅ СУТЬ РАБОТЫ: • Собирать заказы в удобном районе • Можно еще доставлять собранные заказы, увеличивая доход (по желанию) ✅ ЗАРАБОТОК: • Средняя оплата за 4 часа от 1000 руб и выше зависит от часов работы! • Еженедельно на карту до 260 рублей в час + надбавки и бонусы • Во время повышенного спроса до 300 рублей в час ЖМИ ОТКЛИКНУТЬСЯ - сразу отправим подробности «подработка , моментальный вывод, подработка с ежедневными выплатами, работа рядом с домом, работа на районе, доставка документов, доставка грузов, оплата каждый день, еженедельная оплата, ежедневная оплата, доставщик яндекс еда, прямой работодатель, деливери клаб, достависта, додо пицца, доставка суши, доставка роллов, delivery club, dostavista, gett, uber, убер, яндекс го, яндекс go, гетт доставка, авито работа, ищу работу, подработка в вечернее время, работа в утреннее время, работа в дневное время, режим работы, сдэк, сдек, , подключиться на доставку, подработка на выходные, яндекс доставка, яндекс маркет доставка, доставка»";https://hh.ru/vacancy/88034937;56a1fff4eb50086b3af03854933d99cb
2025;Подсобный рабочий Ярославского участка (руководство);"АКЦИОНЕРНОЕ ОБЩЕСТВО ""РН-ЯРОСЛАВЛЬ""";23000;23000;RUB;;Полная занятость;Ярославская область;Ярославль;340;Выполнение вспомогательных работ по заданиям сотрудников подразделений Общества Образование среднее или среднее (полное) общее, или лица, получающие среднее или среднее профессиональное образование Навыки работы на персональном компьютере. Грамотное письмо. Знание Word, Excel на уровне пользователя (навыки оформления и редактирования печатного текста, таблиц, схем).;https://trudvsem.ru/vacancy/card/1087604014827/29dfc65a-29a1-11f0-ad7a-cb26dff57dd7;eb2de562c2a0f3b0fa0a17b4e62725a5
2023;Расклейщик листовок, г. Ярославль;Компас-Индор;500;1500;RUB;Полный день;Частичная занятость;Ярославская область;Ярославль;957;"Рекламное агентство Компас-Indoor, ищет в свою команду сотрудников. Мы специализируемся на раскидке рекламных листовок по почтовым ящикам и расклейке на приподьездные стенды. Мы предлагаем:- постоянный стабильный заработок;-работа в вашем городе;- постоянные объемы;- обучение, на начальном этапе;- компенсация проезда;- удобный график, можно совмещать с учебой/работой. Как попадать в подъезды - подскажемКак делать фотоотчет - покажемКак работать быстрее - расскажем.Работа подходит в том числе для старших школьников с 14 лет.Клей оплачиваем. ВНИМАНИЕ - ВАЖНО ! к нам поступает много звонков и иногда можно не дозвониться(но мы работаем над этим)ОСТАВЬТЕ, ПОЖАЛУЙСТА, ОТКЛИК НА ОБЪЯВЛЕНИЕ В СООБЩЕНИЯХ (с указанием имени и телефона)Режим работы:Понедельник- пятницаС 8:00-14:00 по МСК.Суббота-воскресенье выходные дни!";https://hh.ru/vacancy/86366261;8d1b4988005ec8696b512b9d7525106d
2023;разнорабочий;"ОБЩЕСТВО С ОГРАНИЧЕННОЙ ОТВЕТСТВЕННОСТЬЮ ""БАРЛЕЙ Б.С.""";18000;18000;RUB;Неполный день;Полная занятость;Ярославская область;Ярославль;967;Обеспечение помощи специалистам на своем участке работ. Участие в уборке и выносе мусора после произведенных работ на территории предприятия. Помощь в устранении поломок оборудования в пределах своей компетенции. Хранение выданного инвентаря, спецодежды и уход за ними. Переноска грузов, их погрузка и разгрузка. Взаимодействие с коллегами по проведению необходимых вспомогательных работ. Отслеживание ситуации по возможным поломкам оборудования и другим возможным проблемным моментам. Помощь специалистам в чистке и мойке инвентаря и инструментов. Поддержание норм безопасности на предприятии трудолюбие, ответственное отношение к должностным обязанностям, умение оценивать текущую ситуацию и принимать правильные решения, способность выдерживать значительные физические нагрузки, стремление к обучению и умение применять полученные знания на практике;https://trudvsem.ru/vacancy/card/1047602211623/587ccd05-cc74-11ed-9abe-91f5d381286a;71ff0740fb46cb6947f179dabc559c1a
2024;Расклейщик листовок, г. Ярославль;Компас-Индор;500;1500;RUB;Полный день;Частичная занятость;Ярославская область;Ярославль;957;"Рекламное агентство Компас-Indoor, ищет в свою команду сотрудников. Мы специализируемся на раскидке рекламных листовок по почтовым ящикам и расклейке на приподъездные стенды. Мы предлагаем:- постоянный стабильный заработок;- работа в вашем городе;- постоянные объемы;- обучение, на начальном этапе;- компенсация проезда;- удобный график, можно совмещать с учебой/работой. Как попадать в подъезды - подскажемКак делать фотоотчет - покажемКак работать быстрее - расскажем.Работа подходит в том числе с 14 лет. Клей оплачиваем. ВНИМАНИЕ - ВАЖНО ! к нам поступает много звонков и иногда можно не дозвониться(но мы работаем над этим)ОСТАВЬТЕ, ПОЖАЛУЙСТА, ОТКЛИК НА ОБЪЯВЛЕНИЕ В СООБЩЕНИЯХ (с указанием имени и телефона)Режим работы:Понедельник- пятницаС 8:00-14:00 по МСК.Суббота-воскресенье выходные дни!";https://hh.ru/vacancy/104707327;8d1b4988005ec8696b512b9d7525106d
2025;Банкетный официант;Ресторан АлхимIQ;30000;0;RUB;Полный день;Частичная занятость;Ярославская область;Ярославль;0;Привет! Мы команда банкетного комплекса АлхимIQ (пр. Ленина, 10) Работаем на рынке уже 7 лет и каждый год проводим около 600 мероприятий: свадьбы, дни рождения, юбилеи, выездные кейтеринги и пр. Сейчас мы открыли набор в Сервис-команду: Это официанты Работа в нашем банкетном комплексе - это возможность заработать в период обучения или совмещение с основной работой. И это очень удобно так как: Это идеальный вариант для начала карьеры и первого опыта работы, а также для подработки в свободное время Мы принимаем с 14 лет при наличии разрешения от родителей Мы обучаем профессии онлайн Вы сдаете аттестацию тоже онлайн Первый же ваш выход на работу будет оплачен Чем выше ваш профессионализм, тем больше вы зарабатываете (минимальная ставка 1000 р, максимальная 3500 р/за банкет) Оплата производится 1 раз в неделю Вы сами выбираете мероприятия, на которых вы будете работать (информация отправляется в рабочий чат). Вы можете работать как в будни, так и вы в выходные дни, так как мероприятия идут почти каждый день. Если вакансия интересна, оставляй свой отклик. После этого тебе придет сообщение в чате с приглашением на встречу. После ответа на приглашение в чате мы вышлем детальную информацию по встрече.;https://hh.ru/vacancy/125369703;4c8fe94a34a6ba606cec361f6e40dc4f
2025;Курьер праздничных заказов (из аптек, магазинов и ресторанов);Работа сегодня (ИП Холин Андрей Сергеевич);90000;163000;RUB;Полный день;Частичная занятость;Ярославская область;Ярославль;573;✨ Привет! Мы ищем именно тебя: активных и целеустремленных, готовых к новым достижениям. ✨ Присоединяйся к нашей команде и начинай зарабатывать уже сегодня! ⚡️ Почему это круто: 1️⃣ Заработок до 7000 руб./день — чем активнее ты, тем больше заработок. 2️⃣ Гибкий график — работай, когда тебе удобно: утро, день, вечер. 3️⃣ Работа рядом с домом — забудь о долгих поездках. 4️⃣ Ежедневные выплаты — деньги сразу на карту. ⚡️ Твои задачи: Доставка легких заказов и товаров для дома. Вежливое и дружелюбное общение с клиентами. Обеспечение быстрой и качественной доставки. ⚡️ Что требуется: Смартфон с доступом в интернет. Ответственность и пунктуальность. ⚡️ Наши условия: Гибкий график: работа от 1 до 12 часов в день, 2-3 раза в неделю или полная занятость. Повышенные тарифы: дополнительные премии за работу в пиковые периоды. Финансовые бонусы: за качественное выполнение работы и активность. ⭐ Как присоединиться: Нажми ОТКЛИКНУТЬСЯ и начни работать уже сегодня! Если есть вопросы, пиши нам в WhatsApp — мы всегда на связи, чтобы помочь. ОБРАЩАЕМ ВНИМАНИЕ, после отклика на данную вакансию потребуется предоставление информации или выполнение иных действий на сторонних информационных ресурсах. Не упусти возможность заработать этим летом! Мест ограничено, действуй быстро! Наша вакансия также подойдет вам, если вы искали: работа курьером СберМаркет, работа доставка курьером, пеший курьер, работа пешим курьером, доставщик, курьер, свободный график, гибкий график, удобный график, свободный график, работа рядом с домом, без опыта, начинающий специалист, работа на выходные, в вечернее время, в дневное время, подработка, работа выходного дня, курьер ВкусВилл, курьер Деливери, курьер Яндекс, работа курьером Деливери, работа курьером Самокат, работа курьером Яндекс Лавка, работа курьером Яндекс Еда, Озон, Ozon.;https://hh.ru/vacancy/115335650;a78e2560ff41f2cbe30e1ace79e2add4
2024;Курьер в Яндекс Еда/Лавка;Премьер;0;135000;RUB;Гибкий график;Частичная занятость;Ярославская область;Ярославль;573;Курьер к партнеру сервиса Яндекс Еда/Лавка (ежедневные выплаты)Способ доставки ЛЮБОЙ!❗️Найм открыт 16+❗️УСЛОВИЯ: Доход до 6000 руб в день Выплаты ЕЖЕДНЕВНЫЕ Работаете в любом удобном районе для вас Удобное расписание. от 1-4 часа в день, в любой день Возможно совмещение с учебой или работой Быстрое подключение к сервису ОБЯЗАННОСТИ: Доставка заказов (для вашего удобства ограничен радиус доставки) Только доставка, без сбора ТРЕБОВАНИЯ: Наличие устройства смартфона Android или IOS ❗️Оставляйте заявку прямо сейчас! ⬇️ ЖМИТЕ ОТКЛИКНУТЬСЯ! ⬇️​​​​​​​​​​​​​​​​​​​​​​​​​​​​Также подойдет, если вы искали: «курьер, подработка с ежедневными выплатами, ежедневная оплата, свободный график, ночной курьер, доставка, лавка, документы, груз, сервис, оплата каждый день, подработку, вкусвилл, dostavista, доставита, работа рядом с домом, достависта, еду, еде, график, свободное расписание, самокат, курьерист, совмещение, по выходным, утром, днем, вечером, промоутер, сборщик, упаковщик, работа по району, прямой работодатель, официальное трудоустройство, зарплата, оплата, доставка, работа курьером, курьер, еженедельная, ежедневная, на руки курьеру, подработкой, прямой работодатель, ищу работу, время, работа без опыта, оплата сразу, утреннее, дневное, вечернее , время, режим» ​​​​​​​ОБРАЩАЕМ ВНИМАНИЕ, после отклика на данную вакансию потребуется предоставление информации или выполнение иных действий на сторонних информационных ресурсах.;https://hh.ru/vacancy/105440107;dd5660a37e799e094cccfc20e4fd89fd
2025;Курьер на склад (легкие заказы для дома 1-3кг);Работа-Подработка: Курьер, Кладовщик, Сборщик;135000;220000;RUB;Полный день;Частичная занятость;Ярославская область;Ярославль;0;Добрый день уважаемый соискатель!Нам требуется курьер с ежедневной оплатой на подработку или как на основную работу!В данный момент у нас 11 категорий доставок, а именно доставка ЦВЕТОВ, ДОКУМЕНТОВ, ЗООТОВАРОВ, АПТЕКИ, ЭЛЕКТРОНИКА и т.дОбязанности- Доставка небольших посылок (время доставок вы выбираете самостоятельно -сами)- Выполнение заказов через приложение- Очень много заказав- Доставки по районуТребования- Телефон андроид или айфон- Желание зарабатыватьУсловия:- Ежедневные выплаты: до 7000 руб./день.- Близко к дому: доставки в твоем районе.- Легкие заказы: вес до 2 кг.- Гибкое расписание (время и количество рабочих часов выбираете самостоятельно)- Нет обязательного плана по доставкеНажмите ОТКЛИКНУТЬСЯ прямо сейчас и получите все подробности о работе! Также пишите в мессенджерах WhatsApp/Telegram: менеджер 24/7 готов ответить на вопросы и помочь с оформлением. Не упустите свой шанс начать уже сегодня!Также подойдет, если вы искали: «курьер, подработка с ежедневными выплатами, ежедневная оплата, свободный график, ночной курьер, вечерний курьер, доставка, лавка, документы, груз, сервис, пеший курьер, оплата каждый день, подработка, работа рядом с домом, достависта, график, свободный, пеший курьер, работа по району, официальное трудоустройство, зарплата, ЗП, оплата, доставка, работа курьером, курьер, еженедельная, ежедневная, на руки курьеру, подработка, прямой работодатель, ищу работу, время, работа без опыта, оплата сразу, утреннее, дневное, вечернее , время, режим»;https://hh.ru/vacancy/126598892;fc147b3f834d0a73ad176afc62f27683
2023;Сканировщик на пункт выдачи интернет-заказов выходного дня (Подработка);Кондратьева Наталья Михайловна;86200;124820;RUB;Гибкий график;Частичная занятость;Ярославская область;Ярославль;573;"Сборщик интернет-заказов (на подработку). Сборка только у дома. (В своем районе). Вы только собираете, по желанию, можно доставлять и получать дополнительный доход. ❗ Готовы рассмотреть кандидатов с 16 лет НАЖИМАЙТЕ ОТКЛИК НА ВАКАНСИЮ - СРАЗУ ОТПРАВИМ ПОДРОБНОСТИ ✔️ Рассмотрим с любой платформой телефона (андроид или IOS) ✔️ Работа только в вашем районе; ✔️ Море заказов! Успейте заработать в сезон ❗ ЕЖЕНЕДЕЛЬНЫЕ ВЫПЛАТЫ. Официально на карту ❗ ОПЛАТА 1800-3200 за день (часовая ставка - Гарантия) ❗ БЕЗ ОПЫТА. (моментальное вводное обучение) ✅ УСЛОВИЯ РАБОТЫ: • МОЖНО ИСПОЛЬЗОВАТЬ КАК ПОДРАБОТКУ • ЛЮБОЙ РАЙОН ГОРОДА (даже рядом с домом)! • ВЫПЛАТЫ ЕЖЕНЕДЕЛЬНО. Платим даже если нет заказов! • Самые высокие ставки по городу • Чаевые и доплаты 100% ваши, абсолютно НЕТ КОМИССИЙ! • Прием ЕЖЕДНЕВНО (и в выходные)! Начать можно сразу после оформления! ✅ СУТЬ РАБОТЫ: • Собирать заказы в удобном районе • Можно еще доставлять собранные заказы, увеличивая доход (по желанию) ✅ ЗАРАБОТОК: • Средняя оплата за 4 часа от 1000 руб и выше зависит от часов работы! • Еженедельно на карту до 260 рублей в час + надбавки и бонусы • Во время повышенного спроса до 300 рублей в час ЖМИ ОТКЛИКНУТЬСЯ - сразу отправим подробности «подработка , моментальный вывод, подработка с ежедневными выплатами, работа рядом с домом, работа на районе, доставка документов, доставка грузов, оплата каждый день, еженедельная оплата, ежедневная оплата, доставщик яндекс еда, прямой работодатель, деливери клаб, достависта, додо пицца, доставка суши, доставка роллов, delivery club, dostavista, gett, uber, убер, яндекс го, яндекс go, гетт доставка, авито работа, ищу работу, подработка в вечернее время, работа в утреннее время, работа в дневное время, режим работы, сдэк, сдек, , подключиться на доставку, подработка на выходные, яндекс доставка, яндекс курьерская доставка, яндекс маркет доставка, доставка»";https://hh.ru/vacancy/87865901;da37692d364a008375f7d2f2855e4545
2023;Сканировщик на пункт выдачи интернет-заказов выходного дня (Подработка);Кондратьева Наталья Михайловна;86200;124820;RUB;Гибкий график;Частичная занятость;Ярославская область;Ярославль;573;"Сборщик интернет-заказов (на подработку). Сборка только у дома. (В своем районе). Вы только собираете, по желанию, можно доставлять и получать дополнительный доход. ❗ Готовы рассмотреть кандидатов с 16 лет НАЖИМАЙТЕ ОТКЛИК НА ВАКАНСИЮ - СРАЗУ ОТПРАВИМ ПОДРОБНОСТИ ✔️ Рассмотрим с любой платформой телефона (андроид или IOS) ✔️ Работа только в вашем районе; ✔️ Море заказов! Успейте заработать в сезон ❗ ЕЖЕНЕДЕЛЬНЫЕ ВЫПЛАТЫ. Официально на карту ❗ ОПЛАТА 1800-3200 за день (часовая ставка - Гарантия) ❗ БЕЗ ОПЫТА. (моментальное вводное обучение) ✅ УСЛОВИЯ РАБОТЫ: • МОЖНО ИСПОЛЬЗОВАТЬ КАК ПОДРАБОТКУ • ЛЮБОЙ РАЙОН ГОРОДА (даже рядом с домом)! • ВЫПЛАТЫ ЕЖЕНЕДЕЛЬНО. Платим даже если нет заказов! • Самые высокие ставки по городу • Чаевые и доплаты 100% ваши, абсолютно НЕТ КОМИССИЙ! • Прием ЕЖЕДНЕВНО (и в выходные)! Начать можно сразу после оформления! ✅ СУТЬ РАБОТЫ: • Собирать заказы в удобном районе • Можно еще доставлять собранные заказы, увеличивая доход (по желанию) ✅ ЗАРАБОТОК: • Средняя оплата за 4 часа от 1000 руб и выше зависит от часов работы! • Еженедельно на карту до 260 рублей в час + надбавки и бонусы • Во время повышенного спроса до 300 рублей в час ЖМИ ОТКЛИКНУТЬСЯ - сразу отправим подробности «подработка , моментальный вывод, подработка с ежедневными выплатами, работа рядом с домом, работа на районе, доставка документов, доставка грузов, оплата каждый день, еженедельная оплата, ежедневная оплата, доставщик яндекс еда, прямой работодатель, деливери клаб, достависта, додо пицца, доставка суши, доставка роллов, delivery club, dostavista, gett, uber, убер, яндекс го, яндекс go, гетт доставка, авито работа, ищу работу, подработка в вечернее время, работа в утреннее время, работа в дневное время, режим работы, сдэк, сдек, , подключиться на доставку, подработка на выходные, яндекс доставка, яндекс курьерская доставка, яндекс маркет доставка, доставка»";https://hh.ru/vacancy/86391941;da37692d364a008375f7d2f2855e4545
2023;Курьер легких заказов (Яндекс Еда);Центр обучения курьеров;60000;115000;RUB;Гибкий график;Частичная занятость;Ярославская область;Ярославль;573;Курьер легких заказов до 3 кг (подработка) Только по микрорайону у дома (заказы собраны, и оплачены) ✔️ ЕЖЕДНЕВНЫЕ ВЫПЛАТЫ ✔️ ТЕЛЕФОН НА БАЗЕ АНДРОИД ✔️ ВЫПЛАТЫ 3.000- 5.500 за день (от времени работы) ✔️ ПРИНИМАЕМ БЕЗ ОПЫТА (обучим и поможем) ❗️НЕТ КОМИССИИ С ЗАКАЗОВ - у нас без процентов УСЛОВИЯ РАБОТЫ: Можно использовать как подработку ( Легко совмещать с учебой или работой ) Заказы на доставку собраны и оплачены. Вы только доставляете! Район на выбор, можно менять каждую смену (7-10 мин среднее время доставки ) Чаевые и доплаты 100% ваши, за заказы комиссии нет! Прием ЕЖЕДНЕВНО (и в выходные)! ЗАРАБОТОК: Средняя оплата за 4 часа около 1.800 руб. и выше зависит от скорости работы Условия выплат: Ежедневно на карту до 450 рублей в час + надбавки и бонусы ‼️ Во время повышенного спроса до 550рублей в час ‼️ ЖМИ ОТКЛИКНУТЬСЯ!Также подойдет, если вы искали: документы, работа курьером, курьер, курьер с ежедневной оплатой, курьер пеший, курьер подработка, курьер выходного дня, день, вечер, утро, в ночь, вееромам, вечером, свободный график, пешком, яндекс доставка, доставщик , лавка, яндекс про, яндекс маркет, сбермаркет, деливери клаб, delivery club, dostavista, достависта, курьер додо, озон, сдек, доставка суши, доставка еды, еду, доставка документов посылок, устроиться курьером, работа в районе, курьер с ежедневной оплатой, подработка с ежедневными выплатами, работа рядом с домом, без опыта, оплата каждый день, доставщик;https://hh.ru/vacancy/77744559;2a34f15bde4f930f3f6a60305cd38d06
2024;Помощник в кафе;НОВАЯ РАБОТА (ИП Лядов Владимир Антонович);46137;0;RUB;Гибкий график;Частичная занятость;Ярославская область;Ростов (Ярославская область);514;"Сотрудник в кафе быстрого обслуживания в разные районы города Обязанности: Сбор и выдача заказов Расчет гостей на кассе Готовка блюд по стандартам Уборка служебных и гостевых помещений Требования: К нам ты можешь прийти без опыта: мы все расскажем и всему научим Условия: Официальное трудоустройство Стабильная зарплата и премии, выплаты два раза в месяц Бесплатные и вкусные обеды Индивидуальный график работы: совмещение, подработка Место работы выбираешь сам: в центре города или рядом с домом Оплачиваемые больничные листы и отпуска, в том числе учебные Количество мест ограничено. если тебе 17+ Откликнись прямо сейчас! Наше предложение подойдет, если тебе интересны вакансии: повар, кассир, продавец, консультант, официант, администратор, начинающий специалист, сборщик заказов. Приветствуется опыт работы в ДоДо Пицца, Бургер Кинг, KFC, Ростикс, Domino&#39;s Pizza, Папа Джонс, Ташир Пицца и др.";https://hh.ru/vacancy/110513879;4294cc91f9328cc61fed41e7af8dbcb6
2024;Помощник в кафе;НОВАЯ РАБОТА (ИП Лядов Владимир Антонович);46137;0;RUB;Гибкий график;Частичная занятость;Ярославская область;Ярославль;514;"Сотрудник в кафе быстрого обслуживания в разные районы города Обязанности: Сбор и выдача заказов Расчет гостей на кассе Готовка блюд по стандартам Уборка служебных и гостевых помещений Требования: К нам ты можешь прийти без опыта: мы все расскажем и всему научим Условия: Официальное трудоустройство Стабильная зарплата и премии, выплаты два раза в месяц Бесплатные и вкусные обеды Индивидуальный график работы: совмещение, подработка Место работы выбираешь сам: в центре города или рядом с домом Оплачиваемые больничные листы и отпуска, в том числе учебные Количество мест ограничено. если тебе 17+ Откликнись прямо сейчас! Наше предложение подойдет, если тебе интересны вакансии: повар, кассир, продавец, консультант, официант, администратор, начинающий специалист, сборщик заказов. Приветствуется опыт работы в ДоДо Пицца, Бургер Кинг, KFC, Ростикс, Domino&#39;s Pizza, Папа Джонс, Ташир Пицца и др.";https://hh.ru/vacancy/110513863;4294cc91f9328cc61fed41e7af8dbcb6
2024;Помощник в кафе;НОВАЯ РАБОТА (ИП Лядов Владимир Антонович);46137;0;RUB;Гибкий график;Частичная занятость;Ярославская область;Рыбинск;514;"Сотрудник в кафе быстрого обслуживания в разные районы города Обязанности: Сбор и выдача заказов Расчет гостей на кассе Готовка блюд по стандартам Уборка служебных и гостевых помещений Требования: К нам ты можешь прийти без опыта: мы все расскажем и всему научим Условия: Официальное трудоустройство Стабильная зарплата и премии, выплаты два раза в месяц Бесплатные и вкусные обеды Индивидуальный график работы: совмещение, подработка Место работы выбираешь сам: в центре города или рядом с домом Оплачиваемые больничные листы и отпуска, в том числе учебные Количество мест ограничено. если тебе 17+ Откликнись прямо сейчас! Наше предложение подойдет, если тебе интересны вакансии: повар, кассир, продавец, консультант, официант, администратор, начинающий специалист, сборщик заказов. Приветствуется опыт работы в ДоДо Пицца, Бургер Кинг, KFC, Ростикс, Domino&#39;s Pizza, Папа Джонс, Ташир Пицца и др.";https://hh.ru/vacancy/110513880;4294cc91f9328cc61fed41e7af8dbcb6
2024;Утренний/вечерний курьер, подработка;Птицына Анастасия Андреевна;89420;139037;RUB;Гибкий график;Частичная занятость;Ярославская область;Ярославль;573;Заработай в сезон БОЛЬШЕ с высокими тарифами 14+! Требуются курьеры, у нас свободный график (можно работать у дома)! ❗️❗️МОЖНО работать НА АЙФОНЕ❗️❗️И на андроиде тоже можно. ✔️ ЕЖЕДНЕВНЫЕ ВЫПЛАТЫ ✔️ ОПЛАТА 3.500- 4.000- 6.400 за день (зависит от времени работы) ✔️ ПРИНИМАЕМ БЕЗ ОПЫТА (обучим - покажем) ❗️Оформление без записи в трудовую книжку! ПО РАБОТЕ: Можно использовать как подработку(Легко совмещать с учебой или работой) Район на выбор, можно менять каждую смену(7-10 мин среднее время доставки) Заказы на доставку собраны и оплачены. Вы только доставляете(Вес до 5 кг) Чаевые и доплаты 100% ваши,за заказы комиссии нет! Прием ЕЖЕДНЕВНО (даже в выходные)! ДОХОД: Средняя оплата за 4 часа - около 3.000 руб. Акция приведи друга - получи до 10тр ЖМИ ОТКЛИКНУТЬСЯ Мы пришлем информацию в ответном сообщении в течение пары минут и чуть позднее напишем в WhatsApp Данная вакансия также подойдет, если вы искали: работа курьером, курьер, курьер с ежедневной оплатой, курьер пеший, курьер подработка, курьер выходного дня, свободный график, пешком, яндекс доставка, доставщик яндекс еда, яндекс лавка, яндекс про, яндекс маркет, сбермаркет, деливери клаб, delivery club, dostavista, достависта, курьер додо, озон, сдек, доставка суши, доставка еды, еду, доставка документов посылок, устроиться курьером, работа в районе, курьер с ежедневной оплатой, подработка с ежедневными выплатами, работа рядом с домом, без опыта, оплата каждый день. ЖМИ ОТКЛИКНУТЬСЯ;https://hh.ru/vacancy/91445001;b888b7d138a19e86fa491fa2cde29be8
2024;Специалист по оформлению документов с клиентами;Акаев Арсенали Арсланбекович;55000;100000;RUB;Полный день;Полная занятость;Ярославская область;Ярославль;706;"В Межрегиональную компанию ИП Акаев А. А. открыт набор на вакансию специалист по оформлению документов. Готовы рассмотреть сотрудника без опыта работы! Наша компания предоставляет клининговые услуги по чистке вентиляционных систем, а так же их установке. Мы расширяемся!! Ищем сотрудника для взаимодействия с клиентами. Без продаж!!! Что мы предлагаем: Работа в компании с многолетним стажем; Конкурентная заработная плата с ежедневными выплатами; Гарантированные выплаты с первого дня; Оплачиваемое обучение; Официальное трудоустройство (по желанию); Перспектива профессионального роста; Оплачиваемые больничные и отпуска; График работы,6/1; Дружный и сплоченный коллектив, где коллеги - больше, чем просто коллеги! Обязанности: Взаимодействие с клиентами(физические и юридические лица); Консультация клиента по предоставляемой услуге; Заполнение с клиентом документов, заранее подготовленных юристами. Требования: Опыт работы не обязателен; Коммуникабельность; Активная, а главное позитивная жизненная позиция; Желания расти и развиваться";https://hh.ru/vacancy/112582740;0a55ead9e9a1e69779ecc9c04d3fb31c
2025;Курьер легких заказов в it компанию (упакованные заказы);Работа-Подработка: Курьер, Кладовщик, Сборщик;135000;220000;RUB;Полный день;Частичная занятость;Ярославская область;Ярославль;0;Добрый день уважаемый соискатель!Нам требуется курьер с ежедневной оплатой на подработку или как на основную работу!В данный момент у нас 11 категорий доставок, а именно доставка ЦВЕТОВ, ДОКУМЕНТОВ, ЗООТОВАРОВ, АПТЕКИ, ЭЛЕКТРОНИКА и т.дОбязанности- Доставка небольших посылок (время доставок вы выбираете самостоятельно -сами)- Выполнение заказов через приложение- Очень много заказав- Доставки по районуТребования- Телефон андроид или айфон- Желание зарабатыватьУсловия:- Ежедневные выплаты: до 7000 руб./день.- Близко к дому: доставки в твоем районе.- Легкие заказы: вес до 2 кг.- Гибкое расписание (время и количество рабочих часов выбираете самостоятельно)- Нет обязательного плана по доставкеНажмите ОТКЛИКНУТЬСЯ прямо сейчас и получите все подробности о работе! Также пишите в мессенджерах WhatsApp/Telegram: менеджер 24/7 готов ответить на вопросы и помочь с оформлением. Не упустите свой шанс начать уже сегодня!Также подойдет, если вы искали: «курьер, подработка с ежедневными выплатами, ежедневная оплата, свободный график, ночной курьер, вечерний курьер, доставка, лавка, документы, груз, сервис, пеший курьер, оплата каждый день, подработка, работа рядом с домом, достависта, график, свободный, пеший курьер, работа по району, официальное трудоустройство, зарплата, ЗП, оплата, доставка, работа курьером, курьер, еженедельная, ежедневная, на руки курьеру, подработка, прямой работодатель, ищу работу, время, работа без опыта, оплата сразу, утреннее, дневное, вечернее , время, режим»;https://hh.ru/vacancy/125414180;05cbea09ac856a1c4710ff8f39504e21
2024;Утренний/вечерний курьер на лёгкие посылки - подработка;Птицына Анастасия Андреевна;89420;139037;RUB;Гибкий график;Частичная занятость;Ярославская область;Ярославль;573;Заработай в сезон БОЛЬШЕ с высокими тарифами 14+! Требуются курьеры, у нас свободный график (можно работать у дома)! ❗️❗️МОЖНО работать НА АЙФОНЕ❗️❗️И на андроиде тоже можно. ✔️ ЕЖЕДНЕВНЫЕ ВЫПЛАТЫ ✔️ ОПЛАТА 3.500- 4.000- 6.400 за день (зависит от времени работы) ✔️ ПРИНИМАЕМ БЕЗ ОПЫТА (обучим - покажем) ❗️Оформление без записи в трудовую книжку! ПО РАБОТЕ: Можно использовать как подработку(Легко совмещать с учебой или работой) Район на выбор, можно менять каждую смену(7-10 мин среднее время доставки) Заказы на доставку собраны и оплачены. Вы только доставляете(Вес до 5 кг) Чаевые и доплаты 100% ваши,за заказы комиссии нет! Прием ЕЖЕДНЕВНО (даже в выходные)! ДОХОД: Средняя оплата за 4 часа - около 3.000 руб. Акция приведи друга - получи до 10тр ЖМИ ОТКЛИКНУТЬСЯ Мы пришлем информацию в ответном сообщении в течение пары минут и чуть позднее напишем в WhatsApp Данная вакансия также подойдет, если вы искали: работа курьером, курьер, курьер с ежедневной оплатой, курьер , курьер подработка, курьер выходного дня, свободный график,, яндекс доставка, доставщик яндекс еда, яндекс лавка, яндекс про, яндекс маркет, сбермаркет, деливери клаб, delivery club, dostavista, достависта, курьер додо, озон, сдек, доставка суши, доставка еды, еду, доставка документов посылок, устроиться курьером, работа в районе, курьер с ежедневной оплатой, подработка с ежедневными выплатами, работа рядом с домом, без опыта, оплата каждый день. ЖМИ ОТКЛИКНУТЬСЯ;https://hh.ru/vacancy/92508051;64ca2c59568bd3d591dda9b6fa4bf37e
2024;Утренний/вечерний курьер на лёгкие посылки, подработка;Птицына Анастасия Андреевна;89420;139037;RUB;Гибкий график;Частичная занятость;Ярославская область;Ярославль;573;Заработай в сезон БОЛЬШЕ с высокими тарифами 14+! Требуются курьеры, у нас свободный график (можно работать у дома)! ❗️❗️МОЖНО работать НА АЙФОНЕ❗️❗️И на андроиде тоже можно. ✔️ ЕЖЕДНЕВНЫЕ ВЫПЛАТЫ ✔️ ОПЛАТА 3.500- 4.000- 6.400 за день (зависит от времени работы) ✔️ ПРИНИМАЕМ БЕЗ ОПЫТА (обучим - покажем) ❗️Оформление без записи в трудовую книжку! ПО РАБОТЕ: Можно использовать как подработку(Легко совмещать с учебой или работой) Район на выбор, можно менять каждую смену(7-10 мин среднее время доставки) Заказы на доставку собраны и оплачены. Вы только доставляете(Вес до 5 кг) Чаевые и доплаты 100% ваши,за заказы комиссии нет! Прием ЕЖЕДНЕВНО (даже в выходные)! ДОХОД: Средняя оплата за 4 часа - около 3.000 руб. Акция приведи друга - получи до 10тр ЖМИ ОТКЛИКНУТЬСЯ Мы пришлем информацию в ответном сообщении в течение пары минут и чуть позднее напишем в WhatsApp Данная вакансия также подойдет, если вы искали: работа курьером, курьер, курьер с ежедневной оплатой, курьер пеший, курьер подработка, курьер выходного дня, свободный график, пешком, яндекс доставка, доставщик яндекс еда, яндекс лавка, яндекс про, яндекс маркет, сбермаркет, деливери клаб, delivery club, dostavista, достависта, курьер додо, озон, сдек, доставка суши, доставка еды, еду, доставка документов посылок, устроиться курьером, работа в районе, курьер с ежедневной оплатой, подработка с ежедневными выплатами, работа рядом с домом, без опыта, оплата каждый день. ЖМИ ОТКЛИКНУТЬСЯ;https://hh.ru/vacancy/92577202;31d59cb39094d896af575de655c84fbb
2023;Работник пункта сборки лёгких интернет-заказов выходного дня (Подработка);Кондратьева Наталья Михайловна;72000;136000;RUB;Гибкий график;Частичная занятость;Ярославская область;Ярославль;1052;Открыта СРОЧНАЯ вакансия сборщика интернет-заказов в своем районе (Подработка или на полный день). Сборщик может работать утром/днем/вечером, когда удобно. Вы только собираете, по желанию можно еще доставлять собранный заказ, чтобы увеличивать доход. ❗ Готовы рассмотреть кандидатов с 16 лет ОСТАВЬТЕ ОТКЛИК СЕЙЧАС, ПОТОМУ ЧТО: ✔️ Сейчас МОРЕ заказов, что позволяет зарабатывать больше других. ✔️ Места ограничены. Успейте устроиться пока есть вакансия у дома ✔️ Оплата 2000-3200 в день. С нами можно накопить на мечту. САМЫЕ выгодные условия для Вас только у нас: Гибкий график (от 4 часов, без опыта) Работа возле дома или в удобном для Вас районе ( ~300-500 метров от дома) Самые высокие ставки в Вашем городе (до 300 рублей в час) Скидки и акции от нас и наших партнеров (обслуживание авто, еда, техника и т.д.) Возможности роста и развития без потолка Еженедельные выплаты (каждую пятницу без задержек) Мы гордимся Вашими выплатами: ✔️ Средняя оплата за 4 часа от 1000 руб. и выше зависит от часов работы! ✔️ Еженедельно на карту до 260 рублей в час + надбавки и бонусы ✔️ Во время повышенного спроса до 300 рублей в час Присоединяйтесь к дружной команде и начинайте зарабатывать уже сегодня больше других! Приветствуется опыт работы в компании Деливери Клаб, Яндекс.Еда, Ozon, Ламода, Самокат, Вайлдберриз, Утконос, Перекресток, Азбука вкуса, О’кей, Мetro, DPD, СДЭК, Додо Пицца, КФС, Бургер Кинг, Пятерочка, Достависта, а так же в других компанияхВозможно вы ищете: подработка с ежедневными выплатами, работа рядом с домом, работа на районе, оплата каждый день, еженедельная оплата, ежедневная оплата, прямой работодатель, ищу работу, подработка в вечернее время, работа в утреннее время, работа в дневное время, режим работы, сдэк, сдек, подработка на выходные, работа для начинающих, совмещение с учебой, работа по совместительству, гибкий график, работа у дома, свободный график, работа рядом оплата сразу, утреннее, дневное, вечернее, время, режим, ночная работа, работа без опыта, опыт не требуется;https://hh.ru/vacancy/84903581;d46a3d1714b00f77cc347fe2094e3fad
2024;Курьер в доставку цветов;Работа сегодня (ИП Холин Андрей Сергеевич);0;224473;RUB;Гибкий график;Частичная занятость;Ярославская область;Ярославль;573;Курьер, легких заказов - подработка без графика. СРОЧНО! Возможное как разовые поручения использовать, совмещение без графикаОбязанности- Доставка небольших посылок. (товары для дома, интернет заказы рестораны, и т.д.) Время доставок вы выбираете самостоятельно -сами.- Выполнение заказов через приложение- Очень много заказав- Доставки по районуТребования- Телефон андроид или айфон- Желание зарабатыватьУсловия:- Оплата заказов Ежедневно- Гибкое расписание (время и количество рабочих часов выбираете самостоятельно)- Нет обязательного плана по доставкеНажмите ОТКЛИКНУТЬСЯ прямо сейчас и получите все подробности о работе! Также пишите в мессенджерах WhatsApp/Telegram: менеджер 24/7 готов ответить на вопросы и помочь с оформлением. Не упустите свой шанс начать уже сегодня!Также подойдет, если вы искали: «курьер, подработка с ежедневными выплатами, ежедневная оплата, свободный график, ночной курьер, вечерний курьер, доставка, лавка, документы, груз, сервис, пеший курьер, оплата каждый день, подработка, работа рядом с домом, достависта, график, свободный, пеший курьер, работа по району, официальное трудоустройство, зарплата, ЗП, оплата, доставка, разнорабочий, оператор, работа курьером, курьер, еженедельная, ежедневная, на руки курьеру, подработка, прямой работодатель, ищу работу, время, работа без опыта, оплата сразу, утреннее, дневное, вечернее , время, режим»ОБРАЩАЕМ ВНИМАНИЕ, после отклика на данную вакансию потребуется предоставление информации или выполнение иных действий на сторонних информационных ресурсах.;https://hh.ru/vacancy/109536116;4f10227dac21baa89954e252a90dd3a7
2024;Курьер-пеший рядом с домом;Птицына Анастасия Андреевна;81420;139037;RUB;Гибкий график;Частичная занятость;Ярославская область;Рыбинск;573;Привет, мы ищем именно тебя!Курьер, легких заказов- подработка без графика и в твоем районе! Доставка из магазинов• Удобный район• Гибкий график. Сам определяешь свой рабочий график• Доход за смену: до 6500 руб/день+ Все чаевые ваши+ Заказы уже оплачены, вам не нужно принимать наличные и нести материальную ответственность ЖМИ ОТКЛИКНУТЬСЯ Мы пришлем информацию в ответном сообщении в течение пары минут и скоро напишем в WhatsApp Данная вакансия также подойдет, если вы искали: работа курьером, курьер, курьер с ежедневной оплатой, курьер пеший, курьер подработка, курьер выходного дня, свободный график, пешком, яндекс доставка, доставщик яндекс еда, яндекс лавка, яндекс про, яндекс маркет, сбермаркет, деливери клаб, delivery club, dostavista, достависта, курьер додо, озон, сдек, доставка суши, доставка еды, еду, доставка документов посылок, устроиться курьером, работа в районе, курьер с ежедневной оплатой, подработка с ежедневными выплатами, работа рядом с домом, без опыта, оплата каждый день. ЖМИ ОТКЛИКНУТЬСЯ!;https://hh.ru/vacancy/108331370;3b949aa364bb48d54622f7e1ec5b6700
2024;Упаковщик онлайн заказов на короткий день (повышенный доход);Фёсти;0;100880;RUB;Полный день;Полная занятость;Ярославская область;Ярославль;1052;Ищем упаковщиков заказов в интернет-магазин от 4х часов в день с высоким вознаграждением! на короткий день (повышенный доход) Обязанности: Вручение упакованных заказов клиентам Принимаем БЕЗ ОПЫТА работыТочка РЯДОМ С ДОМОМОТСУТСТВИЕ штрафовСВОБОДНЫЙ график который вы выбираете САМИ, можно от 4х часов. Можно по вечерам или в выходныеБонусы и льготы от компании и партнеровПодарки сотрудникам на праздникиСотрудничество в качестве самозанятогоМожно выбрать ЛЮБОЙ РАЙОН который подойдет именно Вам Оставляйте ОТКЛИК и с вами свяжется наш менеджер!!! ОБРАЩАЕМ ВНИМАНИЕ, после отклика на данную вакансию потребуется предоставление информации или выполнение иных действий на сторонних информационных ресурсах.;https://hh.ru/vacancy/91455902;9e129e0af5a244c94f5e924175018381
2025;Банкетный официант;Ресторан АлхимIQ;30000;0;RUB;Полный день;Частичная занятость;Ярославская область;Ярославль;0;Привет! Мы команда банкетного комплекса АлхимIQ (пр. Ленина, 10) Работаем на рынке уже 7 лет и каждый год проводим около 600 мероприятий: свадьбы, дни рождения, юбилеи, выездные кейтеринги и пр. Сейчас мы открыли набор в Сервис-команду: Это официанты Работа в нашем банкетном комплексе - это возможность заработать в период обучения или совмещение с основной работой. И это очень удобно так как: Это идеальный вариант для начала карьеры и первого опыта работы, а также для подработки в свободное время Мы принимаем с 14 лет при наличии разрешения от родителей Мы обучаем профессии онлайн Вы сдаете аттестацию тоже онлайн Первый же ваш выход на работу будет оплачен Чем выше ваш профессионализм, тем больше вы зарабатываете (минимальная ставка 1000 р, максимальная 3500 р/за банкет) Оплата производится 1 раз в неделю Вы сами выбираете мероприятия, на которых вы будете работать (информация отправляется в рабочий чат). Вы можете работать как в будни, так и вы в выходные дни, так как мероприятия идут почти каждый день. Если вакансия интересна, оставляй свой отклик. После этого тебе придет сообщение в чате с приглашением на встречу. Не забудь указать в резюме возраст, иначе приглашение не отправится! После ответа на приглашение в чате мы вышлем детальную информацию по встрече.;https://hh.ru/vacancy/126603699;4c8fe94a34a6ba606cec361f6e40dc4f
2024;Пеший курьер;Птицына Анастасия Андреевна;107700;139037;RUB;Гибкий график;Частичная занятость;Ярославская область;Рыбинск;573;Привет, мы ищем именно тебя!Курьер, легких заказов- подработка без графика и в твоем районе! Доставка из магазинов• Удобный район• Гибкий график. Сам определяешь свой рабочий график• Доход за смену: до 6500 руб/день+ Все чаевые ваши+ Заказы уже оплачены, вам не нужно принимать наличные и нести материальную ответственность ЖМИ ОТКЛИКНУТЬСЯ Мы пришлем информацию в ответном сообщении в течение пары минут и скоро напишем в WhatsApp Данная вакансия также подойдет, если вы искали: работа курьером, курьер, курьер с ежедневной оплатой, курьер пеший, курьер подработка, курьер выходного дня, свободный график, пешком, яндекс доставка, доставщик яндекс еда, яндекс лавка, яндекс про, яндекс маркет, сбермаркет, деливери клаб, delivery club, dostavista, достависта, курьер додо, озон, сдек, доставка суши, доставка еды, еду, доставка документов посылок, устроиться курьером, работа в районе, курьер с ежедневной оплатой, подработка с ежедневными выплатами, работа рядом с домом, без опыта, оплата каждый день. ЖМИ ОТКЛИКНУТЬСЯ!;https://hh.ru/vacancy/112600549;7f151d3f129af58c3930aaa696309aed
2023;Работник пункта сборки лёгких интернет-заказов выходного дня (Подработка);Кондратьева Наталья Михайловна;72000;136000;RUB;Гибкий график;Частичная занятость;Ярославская область;Ярославль;1052;Открыта СРОЧНАЯ вакансия сборщика интернет-заказов в своем районе (Подработка или на полный день). Сборщик может работать утром/днем/вечером, когда удобно. Вы только собираете, по желанию можно еще доставлять собранный заказ, чтобы увеличивать доход. ❗ Готовы рассмотреть кандидатов с 16 лет ОСТАВЬТЕ ОТКЛИК СЕЙЧАС, ПОТОМУ ЧТО: ✔️ Сейчас МОРЕ заказов, что позволяет зарабатывать больше других. ✔️ Места ограничены. Успейте устроиться пока есть вакансия у дома ✔️ Оплата 2000-3200 в день. С нами можно накопить на мечту. САМЫЕ выгодные условия для Вас только у нас: Гибкий график (от 4 часов, без опыта) Работа возле дома или в удобном для Вас районе ( ~300-500 метров от дома) Самые высокие ставки в Вашем городе (до 300 рублей в час) Скидки и акции от нас и наших партнеров (обслуживание авто, еда, техника и т.д.) Возможности роста и развития без потолка Еженедельные выплаты (каждую пятницу без задержек) Мы гордимся Вашими выплатами: ✔️ Средняя оплата за 4 часа от 1000 руб. и выше зависит от часов работы! ✔️ Еженедельно на карту до 260 рублей в час + надбавки и бонусы ✔️ Во время повышенного спроса до 300 рублей в час Присоединяйтесь к дружной команде и начинайте зарабатывать уже сегодня больше других! Приветствуется опыт работы в компании Деливери Клаб, Яндекс.Еда, Ozon, Ламода, Самокат, Вайлдберриз, Утконос, Перекресток, Азбука вкуса, О’кей, Мetro, DPD, СДЭК, Додо Пицца, КФС, Бургер Кинг, Пятерочка, Достависта, а так же в других компанияхВозможно вы ищете: подработка с ежедневными выплатами, работа рядом с домом, работа на районе, оплата каждый день, еженедельная оплата, ежедневная оплата, прямой работодатель, ищу работу, подработка в вечернее время, работа в утреннее время, работа в дневное время, режим работы, сдэк, сдек, подработка на выходные, работа для начинающих, совмещение с учебой, работа по совместительству, гибкий график, работа у дома, свободный график, работа рядом оплата сразу, утреннее, дневное, вечернее, время, режим, ночная работа, работа без опыта, опыт не требуется;https://hh.ru/vacancy/83270715;d46a3d1714b00f77cc347fe2094e3fad
2025;Подсобный рабочий;"АКЦИОНЕРНОЕ ОБЩЕСТВО ""ЯРОСЛАВСКИЙ ТЕХНИЧЕСКИЙ УГЛЕРОД ИМЕНИ В.Ю.ОРЛОВА""";23570;23570;RUB;;Частичная занятость;Ярославская область;Ярославль;904;В должностные обязанности входит выполнение работ по содержанию территории. Без предъявления требований к образованию, навыкам и опыту работы. Продолжительность рабочего времени по законодательству согласно возраста несовершеннолетнего. З/пл 7071 руб. (0,3 тарифной ставки).;https://trudvsem.ru/vacancy/card/1027600791899/5528cc02-7d77-11ec-b378-bf2cfe8c828d;4fbd9edc4893a6b6820cb147a11da90f
2023;Оператор выходного дня на пункт выдачи легких интернет-заказов (Подработка);Кондратьева Наталья Михайловна;84200;148600;RUB;Гибкий график;Частичная занятость;Ярославская область;Ярославль;573;"Сборщик интернет-заказов (на подработку). Сборка только у дома. (В своем районе). Вы только собираете, по желанию, можно доставлять и получать дополнительный доход. ❗ Готовы рассмотреть кандидатов с 16 лет НАЖИМАЙТЕ ОТКЛИК НА ВАКАНСИЮ - СРАЗУ ОТПРАВИМ ПОДРОБНОСТИ ✔️ Рассмотрим с любой платформой телефона (андроид или IOS) ✔️ Работа только в вашем районе; ✔️ Море заказов! Успейте заработать в сезон ❗ ЕЖЕНЕДЕЛЬНЫЕ ВЫПЛАТЫ. Официально на карту ❗ ОПЛАТА 1800-3200 за день (часовая ставка - Гарантия) ❗ БЕЗ ОПЫТА. (моментальное вводное обучение) ✅ УСЛОВИЯ РАБОТЫ: • МОЖНО ИСПОЛЬЗОВАТЬ КАК ПОДРАБОТКУ • ЛЮБОЙ РАЙОН ГОРОДА (даже рядом с домом)! • ВЫПЛАТЫ ЕЖЕНЕДЕЛЬНО. Платим даже если нет заказов! • Самые высокие ставки по городу • Чаевые и доплаты 100% ваши, абсолютно НЕТ КОМИССИЙ! • Прием ЕЖЕДНЕВНО (и в выходные)! Начать можно сразу после оформления! ✅ СУТЬ РАБОТЫ: • Собирать заказы в удобном районе • Можно еще доставлять собранные заказы, увеличивая доход (по желанию) ✅ ЗАРАБОТОК: • Средняя оплата за 4 часа от 1000 руб и выше зависит от часов работы! • Еженедельно на карту до 260 рублей в час + надбавки и бонусы • Во время повышенного спроса до 300 рублей в час ЖМИ ОТКЛИКНУТЬСЯ - сразу отправим подробности «подработка , моментальный вывод, подработка с ежедневными выплатами, работа рядом с домом, работа на районе, доставка документов, доставка грузов, оплата каждый день, еженедельная оплата, ежедневная оплата, доставщик яндекс еда, прямой работодатель, деливери клаб, достависта, додо пицца, доставка суши, доставка роллов, delivery club, dostavista, gett, uber, убер, яндекс го, яндекс go, гетт доставка, авито работа, ищу работу, подработка в вечернее время, работа в утреннее время, работа в дневное время, режим работы, сдэк, сдек, , подключиться на доставку, подработка на выходные, яндекс доставка, яндекс курьерская доставка, яндекс маркет доставка, доставка»";https://hh.ru/vacancy/86480382;56a1fff4eb50086b3af03854933d99cb
2025;Подсобный рабочий;МУНИЦИПАЛЬНОЕ ОБЩЕОБРАЗОВАТЕЛЬНОЕ УЧРЕЖДЕНИЕ СРЕДНЯЯ ШКОЛА № 7 ИМЕНИ АДМИРАЛА Ф.Ф. УШАКОВА ТУТАЕВСКОГО МУНИЦИПАЛЬНОГО РАЙОНА;22400;22400;RUB;;Временная занятость;Ярославская область;Ярославль;104;Ответственность, аккуратность без требований;https://trudvsem.ru/vacancy/card/1027601275613/03da8100-4dbb-11f0-8e97-e7d0d2cf29b1;916b9028c84e179c88c1b5adc14642d7
2024;Junior менеджер в отдел продаж (Ярославль);Работут;0;80000;RUB;Гибкий график;Частичная занятость;Ярославская область;Ярославль;694;"Приглашаем начинающего менеджера в отдел продаж для продвижения услуг телевидения и интернета! Мы предлагаем: График работы от 4 часов в день, в удобное для Вас время; Выходные по согласованию с руководителем; Стабильные выплаты-без задержек; Можно совмещать с учёбой/работой; Обеспечение полноценного рабочего места (ПК, гарнитура, необходимые программы); Постоянные Акции и Бонусы У нас действует «Акция приведи друга» Обучение и наставничество с опытными сотрудниками; Амбициозный молодой коллектив; Возможность карьерного роста; Можно без опыта- всему научим; Чем предстоит заниматься: Консультирование клиентов по телефону по вопросам подключения домашнего интернета; Оформление заявок на подключение; Продвижение рекламы; Личные продажи; Что для нас важно: Навыки ведения телефонных переговоров; Грамотная устная и письменная речь; Навыки работы на ПК на уровне уверенного пользователя. Откликайтесь на вакансию, мы внимательно просматриваем каждое резюме! Если Вам не ответили на звонок, мы с Вами обязательно свяжемся. Больше информации в нашем приложении Работут и на нашем сайте";https://hh.ru/vacancy/105477642;f64f95b4a0dba4cb01813e00b1a9b0d3
2025;Подсобный рабочий;"ПУБЛИЧНОЕ АКЦИОНЕРНОЕ ОБЩЕСТВО ""ОДК-САТУРН""";23000;23000;RUB;;Полная занятость;Ярославская область;Ярославль;904;В соответствии с трудовым договором и должностной инструкцией. Прием на работу по результатам собеседования. Ответственность. Образование: Среднее Режим работы односменный (до 16 лет: с 8-00 до 14-00, от 16 до 18 лет: с 8-00 до 16-00 (1 час обед)). Медицинское обслуживание, санаторно-курортное обеспечение, условия для приема пищи во время перерыва;https://trudvsem.ru/vacancy/card/1027601106169/1de3c688-4512-11f0-ae82-e7d0d2cf29b1;3451538396f12a44a2e54aaf48073ca7
2025;Слесарь-инструментальщик;"ПУБЛИЧНОЕ АКЦИОНЕРНОЕ ОБЩЕСТВО ""ОДК-САТУРН""";23000;23000;RUB;;Полная занятость;Ярославская область;Ярославль;1079;В соответствии с трудовым договором и должностной инструкцией Прием на работу по результатам собеседования. Ответственность. Образование: Среднее Режим работы односменный (до 16 лет: с 8-00 до 14-00, от 16 до 18 лет: с 8-00 до 16-00 (1 час обед)). Медицинское обслуживание, санаторно-курортное обеспечение, условия для приема пищи во время перерыва;https://trudvsem.ru/vacancy/card/1027601106169/68ba1d00-5cbc-11f0-8d00-e7d0d2cf29b1;9be84e6eb743bb6f440ca588eea52da2
2025;Слесарь механосборочных работ;"ПУБЛИЧНОЕ АКЦИОНЕРНОЕ ОБЩЕСТВО ""ОДК-САТУРН""";23000;23000;RUB;;Полная занятость;Ярославская область;Ярославль;904;В соответствии с трудовым договором и должностной инструкцией Прием на работу по результатам собеседования. Ответственность. Образование: Среднее Режим работы односменный (до 16 лет: с 8-00 до 14-00, от 16 до 18 лет: с 8-00 до 16-00 (1 час обед)). Медицинское обслуживание, санаторно-курортное обеспечение, условия для приема пищи во время перерыва;https://trudvsem.ru/vacancy/card/1027601106169/a2c0fd58-4512-11f0-ae82-e7d0d2cf29b1;9a1a82567a9b06b105563c91f7cf845f
2025;Слесарь-ремонтник;"ПУБЛИЧНОЕ АКЦИОНЕРНОЕ ОБЩЕСТВО ""ОДК-САТУРН""";23000;23000;RUB;;Полная занятость;Ярославская область;Ярославль;1079;В соответствии с трудовым договором и должностной инструкцией Прием на работу по результатам собеседования. Ответственность. Образование: Среднее Режим работы односменный (до 16 лет: с 8-00 до 14-00, от 16 до 18 лет: с 8-00 до 16-00 (1 час обед)). Медицинское обслуживание, санаторно-курортное обеспечение, условия для приема пищи во время перерыва;https://trudvsem.ru/vacancy/card/1027601106169/f2286850-55a3-11f0-af6a-e7d0d2cf29b1;f88c4968a8c76ff581202c9c8a70eb6c
2025;Подсобный рабочий;"ОБЩЕСТВО С ОГРАНИЧЕННОЙ ОТВЕТСТВЕННОСТЬЮ ""ЯРОСЛАВСКИЙ ОПЫТНО-ПРОМЫШЛЕННЫЙ НЕФТЕМАСЛОЗАВОД ИМЕНИ Д.И. МЕНДЕЛЕЕВА""";22440;25000;RUB;;Частичная занятость;Ярославская область;Ярославль;904;"- Подсобные работы (озеленение территории, полив клумб) - Квотируемое рабочее место для несовершеннолетних (от 16 до 18 лет);";https://trudvsem.ru/vacancy/card/1197627025463/c4b75508-150e-11f0-92bb-cb26dff57dd7;db5334eeffd5885fe940e482220d75d1
2025;подсобный рабочий;"ОБЩЕСТВО С ОГРАНИЧЕННОЙ ОТВЕТСТВЕННОСТЬЮ ""САНАТОРИЙ ""ЗОЛОТОЙ КОЛОС""";23000;23000;RUB;;Частичная занятость;Ярославская область;Ярославль;0;Выполнение подсобных работ коммуникабельсность, дисциплинированность, без вредных привычек.;https://trudvsem.ru/vacancy/card/1037602608691/0f8051f8-8967-11f0-ad15-efc3bb2eec02;00556a237be428b7fde84738daddd00a
2024;Курьер легких заказов (доставка малогабаритных посылок);Работа сегодня (ИП Холин Андрей Сергеевич);0;224473;RUB;Полный день;Частичная занятость;Ярославская область;Ярославль;573;Курьер, легких заказов - подработка без графика. СРОЧНО! Возможное как разовые поручения использовать, совмещение без графикаОбязанности- Доставка небольших посылок. (товары для дома, интернет заказы рестораны, и т.д.) Время доставок вы выбираете самостоятельно -сами.- Выполнение заказов через приложение- Очень много заказав- Доставки по районуТребования- Телефон андроид или айфон- Желание зарабатыватьУсловия:- Оплата заказов Ежедневно- Гибкое расписание (время и количество рабочих часов выбираете самостоятельно)- Нет обязательного плана по доставкеНажмите ОТКЛИКНУТЬСЯ прямо сейчас и получите все подробности о работе! Также пишите в мессенджерах WhatsApp/Telegram: менеджер 24/7 готов ответить на вопросы и помочь с оформлением. Не упустите свой шанс начать уже сегодня!Также подойдет, если вы искали: «курьер, подработка с ежедневными выплатами, ежедневная оплата, свободный график, ночной курьер, вечерний курьер, доставка, лавка, документы, груз, сервис, пеший курьер, оплата каждый день, подработка, работа рядом с домом, достависта, график, свободный, пеший курьер, работа по району, официальное трудоустройство, зарплата, ЗП, оплата, доставка, разнорабочий, оператор, работа курьером, курьер, еженедельная, ежедневная, на руки курьеру, подработка, прямой работодатель, ищу работу, время, работа без опыта, оплата сразу, утреннее, дневное, вечернее , время, режим»ОБРАЩАЕМ ВНИМАНИЕ, после отклика на данную вакансию потребуется предоставление информации или выполнение иных действий на сторонних информационных ресурсах.;https://hh.ru/vacancy/110598405;62758728bb3caf9cbecf9ee23be2464d
2025;Подсобный рабочий (квотируемое рабочее место для несовершеннолетних);"ОБЩЕСТВО С ОГРАНИЧЕННОЙ ОТВЕТСТВЕННОСТЬЮ ""АКВА ПЛЮС""";35000;40000;RUB;;Полная занятость;Ярославская область;Ярославль;904;Различные виды подсобных работ на производстве. Отсутствие вредных привычек Аккуратность, исполнительность, ответственность;https://trudvsem.ru/vacancy/card/1037601206642/785df1c5-8219-11ee-b2cf-cb26dff57dd7;cc0481b52ba2c662b99f48c3283d5e41
2025;Оператор на социологические опросы (не продажи);Социс-М;35000;40000;RUB;Удаленная работа;Частичная занятость;Ярославская область;Ярославль;1151;"Здравствуйте! Давайте знакомиться, Мы команда Социс-М!Наша компания является одной из наиболее крупной независимой компанией, которая специализируется на проведении социологических и маркетинговых исследований уже 25 лет!У НАС НЕТ ПРОДАЖ! НЕТ РЕКЛАМЫ!С нами сотрудничают такие компании как ВЦИОМ, ФОМ, ИНСОМАР, нам доверяют!У нас работает более 500 сотрудников по всей России, наша команда постоянно растет, мы развиваемся и расширяемся и сейчас в нашу команду требуются операторы для проведения социологических опросов абсолютно на разные темы!Еще не было опыта в такой сфере? Не страшно, мы всему обучим!У нас предусмотрено двухдневное обучение и наставничество.ЧТО НУЖНО ДЕЛАТЬ:Проводить интервью, а именно работать за компьютером. Все автоматизировано: специальная программа прозванивает базу и соединяет Вас с респондентом, в браузере открывается анкета с вопросами, а наша задача провести опрос и внести данные в анкету. Все просто!ПОЧЕМУ СТОИТ ИДТИ К НАМ? ⭐ Стабильная заработная плата 2 раза в месяц без задержекчасовая ставка 170-200 рублей:до 4 часов 170 руб./часот 4-6 часов 180 руб./часболее 6 часов 200 руб./часПосле прохождения стажировки и присвоения статуса «опытный оператор» + будут бонусы за успешные анкеты; + различные розыгрыши, денежные вознаграждения за Ваши достижения!⭐Гибкий график, возможно выбирать его самостоятельно для себя и работать в удобное для Вас время в промежутке с 08:00-21:00 по МСК;работайте от 20 часов за половину месяцаМИНИМАЛЬНАЯ СМЕНА 3 ЧАСА ⭐Удаленная работа: работайте из любой точки мира, не тратите время и деньги на дорогу в офис. Работаете там, где удобно ⭐ Дополнительные бонусы: премии за стаж, у нас есть возможность получать 13 зарплату! ⭐ Реферальные программы: дополнительное вознаграждение за каждого приведённого друга, пришедшего и работающего в нашей компании по вашей рекомендации; ⭐Трудоустройство: рассмотрим наиболее удобный для вас вариант ( ТК РФ, самозанятость) Полностью дистанционное оформление. Ехать никуда не потребуется. ⭐ Профессиональное обучение: лучшие наши менеджеры по обучению с большим опытом, научат вас всему необходимому.Что для нас важно: * Для работы потребуется компьютер/ноутбук, стабильный интернет и наушники со встроенным микрофоном (телефонные наушники для работы не подходят);* Базовые знания ПК;* Четкая и грамотная письменная и устная речь;* Опыт работы не требуется. Если вы ищете удобный свободный график, подработку, или удаленную работу, а так же Вам интересно выполнять социально значимую работу, то эта вакансия точно подходит для вас!Присоединяйтесь к нашей команде! Будем расти и развиваться вместе!Откликайся, приводи друзей, стань частью нашей команды и зарабатывай! Наша вакансия подходит также для тех, кто ищет: оператор, начинающий специалист, оператор колл-центра, продавец-консультант, менеджер по работе с клиентами, горячая линия, оператор линии, без опыта, удаленная работа, кассир, операционист, подработка.";https://hh.ru/vacancy/121614844;fd23604c06dee91f3c9f8f44205031e4
2025;Помощник менеджера по продажам;"ОБЩЕСТВО С ОГРАНИЧЕННОЙ ОТВЕТСТВЕННОСТЬЮ ""БИГАМ-ИНВЕСТ""";25000;25000;RUB;;Частичная занятость;Ярославская область;Ярославль;0;Выкладка товара в торговом зале по стандартам компании Обновление ценников Сборка и выдача интернет-заказов (инструмент и техника) Ответственность Внимательность;https://trudvsem.ru/vacancy/card/1127604010555/a5a7b580-889d-11f0-9eca-abd4f0e64f6f;9f02db4c47a53366d3f3af68992a83a6
2024;Помощник в кафе на подработку;НОВАЯ РАБОТА (ИП Лядов Владимир Антонович);42000;0;RUB;Гибкий график;Частичная занятость;Ярославская область;Рыбинск;514;"Сотрудник в кафе быстрого обслуживания в разные районы г. Рыбинск. К нам ты можешь прийти без опыта: мы все расскажем и всему научим! Обязанности: Сбор и выдача заказов Расчет гостей на кассе Готовка блюд по стандартам Уборка служебных и гостевых помещений Условия: Официальное трудоустройство Стабильная зарплата и премии, выплаты два раза в месяц Бесплатные обеды Индивидуальный график работы Место работы выбираешь сам Количество мест ограничено. Если тебе 17+ Откликнись прямо сейчас! Наше предложение подойдет, если тебе интересны вакансии: повар, кассир, повар-кассир, пиццамейкер, сушист, кладовщик, работник торгового зала, доставщик, помощник повара, разнорабочий, пекарь, продавец, консультант, официант, администратор, начинающий специалист, сборщик заказов. Приветствуется опыт работы в ДоДо Пицца, Бургер Кинг, KFC, Ростикс, Domino&#39;s Pizza, Папа Джонс, Ташир Пицца и др.";https://hh.ru/vacancy/103651536;6f07b2a17ebf49008ddd96c245b55a45
2024;Курьер;Птицына Анастасия Андреевна;69420;139037;RUB;Сменный график;Частичная занятость;Ярославская область;Переславль-Залесский;573;Заработай в сезон БОЛЬШЕ с высокими тарифами 16+! Требуются курьеры, у нас свободный график (можно работать у дома)! ❗️❗️МОЖНО работать НА АЙФОНЕ❗️❗️И на андроиде тоже можно. ✔️ СВОБОДНЫЙ ГРАФИК ✔️ ОПЛАТА 3.500- 4.000- 5.600 за день. Зависит от времени работы. ✔️ ПРИНИМАЕМ БЕЗ ОПЫТА. Обучим - покажем. ❗️Оформление без записи в трудовую книжку! ПО РАБОТЕ: Можно использовать как подработку(Легко совмещать с учебой или работой) Район на выбор(10 мин среднее время доставки) Заказы на доставку собраны и оплачены. Вы только доставляете. Чаевые и доплаты 100% ваши,за заказы комиссии нет! Прием ЕЖЕДНЕВНО (даже в выходные)! ДОХОД: Оплата за 4 часа - до 4.000 руб.(зависит от района и времени суток) ЖМИ ОТКЛИКНУТЬСЯ Мы пришлем информацию в ответном сообщении в течение пары минут и скоро напишем в WhatsApp Данная вакансия также подойдет, если вы искали: работа курьером, курьер, курьер с ежедневной оплатой, курьер пеший, курьер подработка, курьер выходного дня, свободный график, пешком, яндекс доставка, доставщик яндекс еда, яндекс лавка, яндекс про, яндекс маркет, сбермаркет, деливери клаб, delivery club, dostavista, достависта, курьер додо, озон, сдек, доставка суши, доставка еды, еду, доставка документов посылок, устроиться курьером, работа в районе, курьер с ежедневной оплатой, подработка с ежедневными выплатами, работа рядом с домом, без опыта, оплата каждый день. ЖМИ ОТКЛИКНУТЬСЯ!;https://hh.ru/vacancy/105480148;b7020fe0ed0e0b1314d32f4be53628f5
2024;Сканировщик торгового зала;АШАН Ритейл Россия;0;46600;RUB;Гибкий график;Частичная занятость;Ярославская область;Рыбинск;514;"МЫ ПОВЫСИЛИ ЗАРАБОТНУЮ ПЛАТУ! Совокупный ежемесячный доход до 46600 руб., по результатам собеседования Возможен дополнительный доход +50% от оклада с учетом подработок В январе - годовая премия +30% от оклада Получайте премию за каждого трудоустроенного друга Графики работы на выбор: 5/2 по 8 часов, плавающие выходные; 2/2 по 11 часов; при желании возможно взять подработки в компании, например, 5/2 по 12 часов возможно трудоустройство по совместительству, с индивидуальным графиком, от 1 дня в неделю возможна подработка для школьников с 14 лет, с индивидуальным графиком Чем предстоит заниматься: выкладка товара на полки, контроль ценников, контроль сроков годности​​​. Пожелания к кандидату: опыт работы не обязателен - проводим обучение. Оставляйте отклик или позвоните нам! Данная вакансия также подойдет, если вы искали: работник торгового зала, продавец, кассир, продавец-кассир, продавец-консультант, работник магазина, мерчендайзер, работник по выкладке товара, оператор склада, кладовщик, сборщик заказов, официант, рабочий, грузчик, комплектовщик, упаковщик, фасовщик, курьер, товаровед, приемщик, разнорабочий, администратор торгового зала, старший кассир, работник кулинарии, кухонный работник, помощник повара, член бригады ресторана, АШАН, АТАК, Азбука Вкуса, Вкусвилл, Лента, Пятерочка, Магнит, Перекресток, Билла, Карусель, Дикси, Мясницкий ряд, Верный, Глобус, Вкусно и точка, Самокат, Яндекс еда, Спар, Euro Spar, Магнолия, Красное белое, Fix Price, Мясновъ Мираторг, Ремит, Фикс Прайс, Сбермаркет, Яндекс маркет, ОКЕЙ, МЕГА, ЕвроСпар, Чижик, Леруа Мерлен, Декатлон, Спортмастер, Детский мир, Ярче, Красное и Белое, подработка, свободный график, сменный график, гибкий график, работа рядом с домом, без опыта работы, начало карьеры, начинающий специалист";https://hh.ru/vacancy/109548815;bca12a91e115c18356e60fa245c3dbbd
2024;Сканировщик торгового зала;АШАН Ритейл Россия;0;46600;RUB;Гибкий график;Частичная занятость;Ярославская область;Рыбинск;514;"МЫ ПОВЫСИЛИ ЗАРАБОТНУЮ ПЛАТУ! Совокупный ежемесячный доход до 46600 руб., по результатам собеседования Возможен дополнительный доход +50% от оклада с учетом подработок В январе - годовая премия +30% от оклада Получайте премию за каждого трудоустроенного друга Графики работы на выбор: 5/2 по 8 часов, плавающие выходные; 2/2 по 11 часов; при желании возможно взять подработки в компании, например, 5/2 по 12 часов возможно трудоустройство по совместительству, с индивидуальным графиком, от 1 дня в неделю возможна подработка для школьников с 14 лет, с индивидуальным графиком Чем предстоит заниматься: выкладка товара на полки, контроль ценников, контроль сроков годности​​​. Пожелания к кандидату: опыт работы не обязателен - проводим обучение. Оставляйте отклик или позвоните нам! Данная вакансия также подойдет, если вы искали: работник торгового зала, продавец, кассир, продавец-кассир, продавец-консультант, работник магазина, мерчендайзер, работник по выкладке товара, оператор склада, кладовщик, сборщик заказов, официант, рабочий, грузчик, комплектовщик, упаковщик, фасовщик, курьер, товаровед, приемщик, разнорабочий, администратор торгового зала, старший кассир, работник кулинарии, кухонный работник, помощник повара, член бригады ресторана, АШАН, АТАК, Азбука Вкуса, Вкусвилл, Лента, Пятерочка, Магнит, Перекресток, Билла, Карусель, Дикси, Мясницкий ряд, Верный, Глобус, Вкусно и точка, Самокат, Яндекс еда, Спар, Euro Spar, Магнолия, Красное белое, Fix Price, Мясновъ Мираторг, Ремит, Фикс Прайс, Сбермаркет, Яндекс маркет, ОКЕЙ, МЕГА, ЕвроСпар, Чижик, Леруа Мерлен, Декатлон, Спортмастер, Детский мир, Ярче, Красное и Белое, подработка, свободный график, сменный график, гибкий график, работа рядом с домом, без опыта работы, начало карьеры, начинающий специалист";https://hh.ru/vacancy/109549145;bca12a91e115c18356e60fa245c3dbbd
2025;помощник слесаря по ремонту автомобилей;"ОТКРЫТОЕ АКЦИОНЕРНОЕ ОБЩЕСТВО ""СИЛЬНИЦКИЙ КАРЬЕР""";23000;24000;RUB;;Полная занятость;Ярославская область;Ярославль;93;"1. Обеспечивать безаварийную и надежную работу автотранспорта предприятия, правильную эксплуатацию, своевременный ремонт, контроль технического состояния. 2. Проводить работы по планово-предупредительному ремонту. 3. Проводить сезонное обслуживание автомобилей. 4. Проводить профилактический осмотр автомобилей и оборудования. 5. Содержать в чистоте рабочее место и оборудование, работать с использованием спецодежды и требуемых средств защиты, приспособлений и ограждений. 6. Оперативно принимать меры к устранению поломок в работе автотранспорта 7. Участвовать в установке и замене запасных частей и оборудования. Продолжительность рабочего времени в зависимости от возраста гражданина, согласно ст.94 ТК РФ; з/п зависит от отработанного времени, график работы по согласованию с работодателем. Предварительно обязательно созвониться с работодателем .";https://trudvsem.ru/vacancy/card/1027601067361/b4c0a638-5e00-11ef-9ec9-d7f294e00a65;e419af511fc33b9eb36f53fe16d52b7c
2025;подсобный рабочий;ГОРОДСКОЕ ПОТРЕБИТЕЛЬСКОЕ ОБЩЕСТВО ПОШЕХОНСКОГО РАЙПОТРЕБСОЮЗА;22440;22440;RUB;;Полная занятость;Ярославская область;Ярославль;104;в соответствии с договором коммуникабельность;https://trudvsem.ru/vacancy/card/1027601120161/44718418-42d6-11f0-b9d8-d549be31d974;ba057b403f04649aa2fc87d17d920ffe
2024;Сборщик заказов (Ярославль, Московский, 125);Перекрёсток;55000;60000;RUB;Гибкий график;Полная занятость;Ярославская область;Ярославль;1052;"Собирай онлайн-заказы в Перекрёстке и зарабатывай больше! Мы повысили зарплаты на 20%Для начинающих специалистов без опыта работы.Наши предложения: - стабильность: официальное трудоустройство и белая зарплата- доступность: предложим удобный супермаркет для работы- комфорт: подберём подходящий график работы (графики от 2-х часов в день, для несовершеннолетних - только с дневными сменами)- развитие: обучение под руководством опытного наставника- забота: оплачиваемый медосмотр за счёт компании и бесплатная телемедицина;- скидки для сотрудников на готовую еду, и другие скидки у партнеров компанииНаши ожидания:- желание заботиться о клиенте - грамотная речь и коммуникабельность- уверенный пользователь мобильных приложений- активность, готовность к обучению- осуществление сбора заказов в соответствии со списком товаров в мобильном приложении- отслеживание качества собираемого товара, контроль времени сборки- передача заказа в зону ожидания курьераесли нет опыта работы, мы всему научим!";https://hh.ru/vacancy/112699094;aecc89800896b8451f83c68b2b980a68
2023;Уборщик производственных и служебных помещений;"МУНИЦИПАЛЬНОЕ УНИТАРНОЕ ПРЕДПРИЯТИЕ ""РАСЧЕТНЫЙ ЦЕНТР""";16300;16500;RUB;Неполный день;Полная занятость;Ярославская область;Ярославль;1276;Должностные обязанности в соответствии с трудовым договором и должностной инструкцией Предварительно обязательно созвониться с работодателем . Социальный пакетпродолжительность рабочего времени в зависимости от возраста несовершеннолетнего.(согласно статьи 94 ТК РФ),з/п начисляется в зависимости от отработанного времени, график работы по согласованию с работодателем;https://trudvsem.ru/vacancy/card/1057601567352/b271f5f2-af20-11ec-9aad-bf2cfe8c828d;ea7e3c1f70295a5b348cfc2ef68efaf8
2023;Промоутер;Краснов Дмитрий Владимирович;15000;20000;RUB;Гибкий график;Частичная занятость;Ярославская область;Ярославль;957;Внимание! Места ограничены. Пока объявление висит - оно актуально. Требуются распространители листовок по почтовым ящикам. Район работы и время Вы выбираете сами. Нас интересуют все районы города. В неделю работаем минимум 3 дня (в среднем в день от 3-х часов), максимум не ограничен. Обязанности: распространение печатной продукции по почтовым ящикам жилых домовведение онлайн отчета + фото отчетТребования:наличие смартфона для предоставления отчетности (android \ ios)активностьответственностьналичие свободного времени от 3-х часов в день, от 3-х дней в неделюможно от 14 летУсловия:выплаты ЕЖЕДНЕВНО, без задержекконкурсы и бонусы для мотивацииработа в любом районе городасвободный графиквозможность совмещения с учебой или основной работойЗвоните или пишите, всегда на связи. Приходите и зарабатывайте.;https://hh.ru/vacancy/77789558;4a0c224a6fbd1d91d7fa9682ed06a5f5
2023;Почтальон;Краснов Дмитрий Владимирович;15000;30000;RUB;Гибкий график;Полная занятость;Ярославская область;Ярославль;573;Требуемый опыт работы: не требуется Частичная занятость, полный день Возможна подработка: сменами по 4-6 часов или по вечерам Нужна подработка?Xочешь дополнитeльно 15-20 тыcяч в месяц, paбoтaя в ЛЮБOE cвoбoднoe вpемя?Не xочешь сидeть в oфисe или мыть полы?A мoжет, не xватaeт на мeчту?Тогдa ты нaшeл cвoй идеальный вapиaнт! Собираем комaнду!Paспpoстрaнениe лиcтoвoк по почтoвым ящикaм.Pабoтaeм пo cвoему району (любой район города). В день работа занимает в среднем 3 часа.Оплата ежедневно, без скрытых штрафов и непонятных ну завтра наверное оплатим! Обязанности: АктивностьЧестностьОтчет по установленной формеТребования:Без опытаТелефон android \ iosУсловия:Свободный график (от 3-х дней в неделю до ежедневной занятости)Своевременные выплатыПрозрачная схема оплатыДополнительные финансовые бонусы и мотивацииРассматриваем кандидатов от 14 лет. Звони;https://hh.ru/vacancy/77789651;3b2c71cb4fa5e7bbc2b4c4fcd1aa9801
2025;Уборщик производственных и служебных помещений;"ПУБЛИЧНОЕ АКЦИОНЕРНОЕ ОБЩЕСТВО ""ТНС ЭНЕРГО ЯРОСЛАВЛЬ""";23000;23000;RUB;;Частичная занятость;Ярославская область;Ярославль;0;Уборка офисных помещений, санузлов, заправка диспенсеров полотенцами и моющими средствами. 0,1 ставки - 2 300 руб. график работы: понедельник - пятница с 8:00 до 8:48, выходные: суббота, воскресенье. Желателен опыт работы уборщиком. В счет квоты для несовершеннолетних граждан.;https://trudvsem.ru/vacancy/card/1057601050011/1bb248b8-d75b-11f0-80a1-cd70d8371981;78f3e85aa2c5fe3f3b130eefee9a0ea9
2024;Оператор контакт-центра;Ростелеком Контакт-центр;34000;40000;RUB;Удаленная работа;Полная занятость;Ярославская область;Ярославль;848;"Наш контактный центр- входит в ТОП-4 ведущих контакт-центров России. Приглашаем тебя на вакансию Специалист по консультированию клиентов. Мы предлагаем: Официальное трудоустройство и стабильный доход; Бонус за стаж до 19 000 рублей и дополнительная премия за продажи; Гибкие графики работы; Возможно трудоустройство с 16-ти лет; Удаленный формат работы; Оплачиваемое обучение + Трудоустройство с первого дня. Что нужно делать: Принимать входящие обращения от клиентов (голосовые обращения и чат-поддержка); Консультировать клиентов и помогать в решении проблем; Фиксировать итоги разговора в системе. Для работы из дома потребуется: Наличие ПК (Windows от 7 версии и выше); Проводной интернет со скоростью не ниже 20 Мбит; Гарнитура с микрофоном; Веб-камера (на период обучения); Тихое место. Откликайся или звони! # Контакт центр # КЦ # колл центр # Контактный центр # Чат-поддержка # Сall центр # Оператор CAll центра # специалист в_call центр # Чат # специалист контактного центра # 16 лет # начинающий # оператор на телефоне # без опыта # работа для начинающих # сменный график # начинающий специалист # гибкий график # сменный график # начало карьеры";https://hh.ru/vacancy/98556954;d1088093636c2ebfcba83b649ac1fcf7
2024;Помощник в кафе на подработку;НОВАЯ РАБОТА (ИП Лядов Владимир Антонович);45000;0;RUB;Гибкий график;Частичная занятость;Ярославская область;Ярославль;514;"Сотрудник в кафе быстрого обслуживания в разные районы г. Ярославль. К нам ты можешь прийти без опыта: мы все расскажем и всему научим! Обязанности: Сбор и выдача заказов Расчет гостей на кассе Готовка блюд по стандартам Уборка служебных и гостевых помещений Условия: Официальное трудоустройство Стабильная зарплата и премии, выплаты два раза в месяц Бесплатные обеды Индивидуальный график работы Место работы выбираешь сам Количество мест ограничено. Если тебе 17+ Откликнись прямо сейчас! Наше предложение подойдет, если тебе интересны вакансии: повар, кассир, повар-кассир, пиццамейкер, сушист, кладовщик, работник торгового зала, доставщик, помощник повара, разнорабочий, пекарь, продавец, консультант, официант, администратор, начинающий специалист, сборщик заказов. Приветствуется опыт работы в ДоДо Пицца, Бургер Кинг, KFC, Ростикс, Domino&#39;s Pizza, Папа Джонс, Ташир Пицца и др.";https://hh.ru/vacancy/103651584;ce60890b98675efc5a3586460fa613f3
2025;Курьер в доставку (легкие заказы из Кафе, 1-3 кг);Работа-Подработка: Курьер, Кладовщик, Сборщик;135000;220000;RUB;Полный день;Частичная занятость;Ярославская область;Ярославль;0;Добрый день уважаемый соискатель!Нам требуется курьер с ежедневной оплатой на подработку или как на основную работу!В данный момент у нас 11 категорий доставок, а именно доставка ЦВЕТОВ, ДОКУМЕНТОВ, ЗООТОВАРОВ, АПТЕКИ, ЭЛЕКТРОНИКА и т.дОбязанности- Доставка небольших посылок (время доставок вы выбираете самостоятельно -сами)- Выполнение заказов через приложение- Очень много заказав- Доставки по районуТребования- Телефон андроид или айфон- Желание зарабатыватьУсловия:- Ежедневные выплаты: до 7000 руб./день.- Близко к дому: доставки в твоем районе.- Легкие заказы: вес до 2 кг.- Гибкое расписание (время и количество рабочих часов выбираете самостоятельно)- Нет обязательного плана по доставкеНажмите ОТКЛИКНУТЬСЯ прямо сейчас и получите все подробности о работе! Также пишите в мессенджерах WhatsApp/Telegram: менеджер 24/7 готов ответить на вопросы и помочь с оформлением. Не упустите свой шанс начать уже сегодня!Также подойдет, если вы искали: «курьер, подработка с ежедневными выплатами, ежедневная оплата, свободный график, ночной курьер, вечерний курьер, доставка, лавка, документы, груз, сервис, пеший курьер, оплата каждый день, подработка, работа рядом с домом, достависта, график, свободный, пеший курьер, работа по району, официальное трудоустройство, зарплата, ЗП, оплата, доставка, работа курьером, курьер, еженедельная, ежедневная, на руки курьеру, подработка, прямой работодатель, ищу работу, время, работа без опыта, оплата сразу, утреннее, дневное, вечернее , время, режим»;https://hh.ru/vacancy/126143674;d1664de1ce06de76df4acff3807a335b
2025;подсобный рабочий;"СЕЛЬСКОХОЗЯЙСТВЕННЫЙ ПРОИЗВОДСТВЕННЫЙ КООПЕРАТИВ "" АКТИВИСТ """;23000;24000;RUB;;Полная занятость;Ярославская область;Ярославль;329;"погрузка-разгрузка товарно-материальных ценностей; перемещение грузов на хранение в складские помещения, распределение их в соответствующие отсеки; упаковка грузов в необходимую тару (коробки, бочки, пакеты, мешки и т.д.); работа в техникой, приборами, инвентарем в рамках получаемых от непосредственного руководителя заданий и своей компетенции; поддержание в чистоте производственных помещений, складов и прилегающих у ним территорий; устранение аварий, поломок, неисправностей, не требующих специальной квалификации, а также их последствий; обеспечение сохранности товарно-материальных ценностей, инвентаря, оборудования; помощь в работе другим сотрудникам предприятии, при наличии соответствующего распоряжения со стороны непосредственного начальника; информирование руководства обо всех выявленных нештатных ситуациях, а также опасных и нестандартных случаях, поломках, авариях, неисправностях; ведение отчетности по своей работе, предоставление ее руководителю. Подсобный рабочий должен знать:методы выгрузки, погрузки, перемещения, размещения груза правила сортировки грузов; - методы очистки помещений, оборудования, инвентаря; - правила погрузки, нормы транспортировки грузов;";https://trudvsem.ru/vacancy/card/1027601069605/44b194d8-cf1b-11ef-8c34-cb26dff57dd7;d403b7cece9d4e82650a1bc07329f800
2025;подсобный рабочий;ГОРОДСКОЕ ПОТРЕБИТЕЛЬСКОЕ ОБЩЕСТВО ПОШЕХОНСКОГО РАЙПОТРЕБСОЮЗА;22440;22440;RUB;;Временная занятость;Ярославская область;Ярославль;0;в соответствии с договором коммуникабельность;https://trudvsem.ru/vacancy/card/1027601120161/4c998a58-8982-11f0-9eca-abd4f0e64f6f;ba057b403f04649aa2fc87d17d920ffe
2025;подсобный рабочий;КОЛХОЗ ИМЕНИ КАЛИНИНА;22440;22440;RUB;;Временная занятость;Ярославская область;Ярославль;0;в соответствии с договором коммуникабельность;https://trudvsem.ru/vacancy/card/1027601120348/6924d260-8982-11f0-9eca-abd4f0e64f6f;f64ccdd8c2b177584c4d3acf7f711feb
2025;Подсобный рабочий;"ПЕРВОМАЙСКИЙ ФИЛИАЛ АКЦИОНЕРНОГО ОБЩЕСТВА ""ЯРДОРМОСТ""";23000;25000;RUB;;Временная занятость;Ярославская область;Ярославль;904;Выполнение подсобных и вспомогательных работ на территории производственной базы филиала, в помещениях РММ, объектах строительства, ремонта и содержания автодорог. Вакансии только для несовершеннолетних. Трудолюбие, коммуникабельность, дисциплинированность, ответственность, честность.;https://trudvsem.ru/vacancy/card/d0a657f0-646d-11ef-bb40-e7d0d2cf29b1/12f08158-45ee-11f0-bd05-e7d0d2cf29b1;6981c4c0abba3a3bee9172062b6d4d65
2024;Курьер / пеший курьер на легкие доставки до 2 кг;Работа сегодня (ИП Холин Андрей Сергеевич);90000;163000;RUB;Гибкий график;Частичная занятость;Ярославская область;Ярославль;573;Ищете подработку с высоким доходом? Мы рады предложить вам новые условия с гарантированным доходом, который выше, чем у других курьерских сервисов. Заинтересовались? Оставьте отклик! Мы перезвоним максимально быстро!ВНИМАНИЕ: Подходит любой телефон (Android, ios) НЕТ КОМИССИЙ С ЗАКАЗОВ МЕД КНИЖКА НЕ ТРЕБУЕТСЯ В трудовую запись не делается (выплаты по договору- ЕЖЕДНЕВНО) БЕЗ СТАЖИРОВКИ (заработок с первого дня) Сборка и оплата товара от вас не требуется ТОЛЬКО ДОСТАВКА У ВАС БУДЕТ: Полностью свободный график (подойдёт, также, студентам, или на подработку) Ежедневная оплата на карту (можно зарабатывать уже сегодня) Доставка коротких заказов от 300 метров до 1.5 Район - микрорайон на выбор где Вам удобно Новейший сервис ультра коротких заказов стабильно 2-4 ЗАКАЗА в час или гарантия оплаты в час при любых условиях! ЗАРАБОТОК:⭕ За 4 часа 2500,⭕ За 12 часов 7000, выплаты ежедневно❗️СКИДКИ на питание до 70%❗️Доставляйте как Вам удобно! ПРЕИМУЩЕСТВА: Самая высокая зарплата. Бесконечные заказы. Абсолютная свобода. Любой ваш график. ВЫПЛАТЫ ЕЖЕДНЕВНО! Также подойдет, если вы искали: «пеший курьер, подработка с ежедневными выплатами, ежедневная оплата, свободный график, вечерам, ночной пеший курьер, доставка, лавка, документы, груз, сервис, пеший курьер, оплата каждый день, официальное трудоустройство, на подработку, работа рядом с домом, достависта, по графику, прямой работодатель, свободный, , работа по району, по утрам, утром, яндекс маркет, сбермаркет, деливери клаб, delivery club, dostavista, в свободное время, по выходным, достависта, зарплата, зп, днем, пешком, после работы, оплата, доставка, работа пешим курьером, еженедельная, пеший, ежедневная, на руки пешему курьеру, подработкой, яндекс , яндекс лавка, яндекс еда, яндекс го, ищу работу, время, работа без опыта, оплата сразу, утреннее, дневное, вечернее , время, режим» ОБРАЩАЕМ ВНИМАНИЕ, после отклика на данную вакансию потребуется предоставление информации или выполнение иных действий на сторонних информационных ресурсах. Места ограничены способ доставки любой. Принимаем ежедневно даже в выходные и праздничные дни. Оставляйте отклик, ставьте лайк ❤ для нас это очень важно. ЗВОНИТЕ ИЛИ ПИШИТЕ В МЕССЕНДЖЕРЫ - сразу отправим подробности ☎️ ⬇️ ЖМИТЕ ОТКЛИКНУТЬСЯ ⬇️;https://hh.ru/vacancy/105504403;54394087a9c46fe54385537efa2009fd
2024;разнорабочий;"ОБЩЕСТВО С ОГРАНИЧЕННОЙ ОТВЕТСТВЕННОСТЬЮ ""БАРЛЕЙ Б.С.""";18000;0;RUB;Неполный день;Частичная занятость;Ярославская область;Ярославль;967;Обеспечение помощи специалистам на своем участке работ. Участие в уборке и выносе мусора после произведенных работ на территории предприятия. Помощь в устранении поломок оборудования в пределах своей компетенции. Хранение выданного инвентаря, спецодежды и уход за ними. Переноска грузов, их погрузка и разгрузка. Взаимодействие с коллегами по проведению необходимых вспомогательных работ. Отслеживание ситуации по возможным поломкам оборудования и другим возможным проблемным моментам. Помощь специалистам в чистке и мойке инвентаря и инструментов. Поддержание норм безопасности на предприятии трудолюбие, ответственное отношение к должностным обязанностям, умение оценивать текущую ситуацию и принимать правильные решения, способность выдерживать значительные физические нагрузки, стремление к обучению и умение применять полученные знания на практике;https://trudvsem.ru/vacancy/card/1047602211623/c35d17c5-82df-11ee-8ffb-d549be31d974;71ff0740fb46cb6947f179dabc559c1a
2025;Сканировщик торгового зала;АШАН Ритейл Россия;0;46600;RUB;Гибкий график;Частичная занятость;Ярославская область;Ярославль;514;"МЫ ПОВЫСИЛИ ЗАРАБОТНУЮ ПЛАТУ! Совокупный ежемесячный доход до 46600 руб., по результатам собеседования Возможен дополнительный доход +50% от оклада с учетом подработок Получайте бонусы от 15 000р. до 40 000р. за каждого трудоустроенного друга Графики работы на выбор: 5/2 по 8 часов, плавающие выходные; 2/2 по 11 часов; при желании возможно взять подработки в компании, например, 5/2 по 12 часов возможно трудоустройство по совместительству, с индивидуальным графиком, от 1 дня в неделю возможна подработка для школьников с 14 лет, с индивидуальным графиком Чем предстоит заниматься: выкладка товара на полки, контроль ценников, контроль сроков годности​​​. Пожелания к кандидату: опыт работы не обязателен - проводим обучение. Оставляйте отклик или позвоните нам! Данная вакансия также подойдет, если вы искали: работник торгового зала, продавец, кассир, продавец-кассир, продавец-консультант, работник магазина, мерчендайзер, работник по выкладке товара, оператор склада, кладовщик, сборщик заказов, комплектовщик, упаковщик, фасовщик, товаровед, приемщик, администратор торгового зала, старший кассир, работник кулинарии, кухонный работник, помощник повара, член бригады ресторана, АШАН, АТАК, Азбука Вкуса, Вкусвилл, Лента, Пятерочка, Магнит, Перекресток, Билла, Карусель, Дикси, Мясницкий ряд, Верный, Глобус, Вкусно и точка, Самокат, Яндекс еда, Спар, Euro Spar, Магнолия, Красное белое, Fix Price, Мясновъ Мираторг, Ремит, Фикс Прайс, Сбермаркет, Яндекс маркет, ОКЕЙ, МЕГА, ЕвроСпар, Чижик, Леруа Мерлен, Декатлон, Спортмастер, Детский мир, Ярче, Красное и Белое, подработка, свободный график, сменный график, гибкий график, работа рядом с домом, без опыта работы, начало карьеры, начинающий специалист";https://hh.ru/vacancy/115421742;bca12a91e115c18356e60fa245c3dbbd
2024;Помощник в кафе. Подработка от 4х часов;Журавлев Александр Сергеевич;0;55000;RUB;Гибкий график;Частичная занятость;Ярославская область;Ярославль;941;Требуются помощники на подработку в сеть фастфуда. Вакансии открыты во всех районах города. Принимают с 15 лет! Жмите “ОТКЛИКНУТЬСЯ” и следуйте инструкции! Внимание! Вакансия может закрыться в ближайшее время. Успейте ОТКЛИКНУТЬСЯ и оставить заявку! ПЛЮСЫ С 15 лет. БЕЗ опыта. Выплаты зарплаты БЕЗ задержек. Гарантированные выплаты. Индивидуальные графики под вас. Прекрасная подработка для начинающих и амбициозных. Оплачиваемые больничные, отпуска, в том числе, учебные. Ежемесячные премии. Можно совмещать с учебой/работой. Дружный коллектив. ВАШИ ЗАДАЧИ Принимать и отдавать заказы гостям. Готовить фастфуд по установленным стандартам. Поддерживать чистоту на рабочем месте и в зале. ЧТОБЫ ПРИСОЕДИНИТЬСЯ Нажмите “ОТКЛИКНУТЬСЯ”. Следуйте дальнейшим инструкциям. Опыт работы не обязателен, но приветствуется на позициях: повар, кассир, повар-кассир, сборщик заказов, курьер, пеший курьер, пиццамейкер, сушист, кладовщик, работник торгового зала, доставщик, официант, помощник повара, администратор, разнорабочий, пекарь, продавец, KFC, КФС, Теремок, Деливери Клаб, Вкуснолюбов, Бургер Кинг, Ташир пицца, Додо и др. ОБРАЩАЕМ ВНИМАНИЕ, после отклика на данную вакансию потребуется предоставление информации или выполнение иных действий на сторонних информационных ресурсах.;https://hh.ru/vacancy/97153487;d824fa705e3e7a96ddeecf72ecfbc749
2024;подсобный рабочий;"Общество с ограниченной ответственностью ""Санаторий ""Золотой колос""";20204;0;RUB;Неполный день;Частичная занятость;Ярославская область;Ярославль;904;Выполнение подсобных работ коммуникабельсность, дисциплинированность, без вредных привычек.;https://trudvsem.ru/vacancy/card/1037602608691/80c852c5-b5ee-11ee-b14e-ef6fdced905e;8c94473edf849b3574c3f9ce7c965c6a
2023;Подсобный рабочий Ярославского участка;"Акционерное общество ""РН-Ярославль""";16300;16300;RUB;Неполный день;Полная занятость;Ярославская область;Ярославль;308;Выполнение вспомогательных работ по заданиям сотрудников подразделений Общества. Образование среднее или среднее (полное) общее, или лица, получающие среднее или среднее профессиональное образование. Навыки работы на персональном компьютере. Грамотное письмо. Знание Word, Excel на уровне пользователя (навыки оформления и редактирования печатного текста, таблиц, схем). Расширенный пакет социальных гарантий и льгот: Программа страхования жизни и здоровья от несчастных случаев, материальная помощь в определенных жизненных ситуациях, корпоративное пенсионное обеспечение и т.п.;https://trudvsem.ru/vacancy/card/1087604014827/ab95e645-40da-11ee-9cce-0d972cff014f;cb84d6d9632583a70337ecdaa234a786
2023;подсобный рабочий (НС);МУНИЦИПАЛЬНОЕ ОБЩЕОБРАЗОВАТЕЛЬНОЕ УЧРЕЖДЕНИЕ БРЕЙТОВСКАЯ СРЕДНЯЯ ОБЩЕОБРАЗОВАТЕЛЬНАЯ ШКОЛА;16242;0;RUB;Неполный день;Временная занятость;Ярославская область;Ярославль;904;Благоустройство пришкольного участка. Ответственнность. Организация времнного трудоустройства несовершеннолетних граждан в возрасте от 14 до 18 лет в свободное от учебы время. Работа с сокращенным рабочим днем 05, ставки 8121руб.;https://trudvsem.ru/vacancy/card/1027601492489/6cad43e5-2f8e-11ee-9be0-536ed1d8c06b;5bf22511895f2f03adc8ba4ddc8f8516
2025;Помощник менеджера по продажам;"ОБЩЕСТВО С ОГРАНИЧЕННОЙ ОТВЕТСТВЕННОСТЬЮ ""БИГАМ-ИНВЕСТ""";25000;25000;RUB;;Частичная занятость;Ярославская область;Ярославль;0;Выкладка товара в торговом зале по стандартам компании Обновление ценников Сборка и выдача интернет-заказов (инструмент и техника) Ответственность Внимательность;https://trudvsem.ru/vacancy/card/1127604010555/438c18b0-cf55-11f0-a436-7db1619400bf;9f02db4c47a53366d3f3af68992a83a6
2025;Подсобный рабочий;"ОБЩЕСТВО С ОГРАНИЧЕННОЙ ОТВЕТСТВЕННОСТЬЮ ""ГОТЭК-ПОЛИПАК ПЕРЕСЛАВЛЬ""";23000;23000;RUB;;Частичная занятость;Ярославская область;Ярославль;904;Должностные обязанности в соответствии с трудовым договором и должностной инструкцией. Режим работы - 2 часа в день. Оплата в зависимости от отработанного времени (4810,5 р. к начислению) Ответственность, коммуникабельность, умение работать в команде. Вакансия для несовершеннолетних. Социальный пакет Работа на 0.25 ставки, (заработная плата при условии работы на условиях неполного рабочего времени = 4 750 р. в месяц) Продолжительность рабочего дня - 2 часа (5 дней в неделю).;https://trudvsem.ru/vacancy/card/1157627004336/bdc0d400-3085-11f0-a0a4-e7d0d2cf29b1;4bc05f9184e4b715b4bd36404242bc1d
2024;Утренний/вечерний курьер на лёгкие посылки - подработка;Птицына Анастасия Андреевна;89420;139037;RUB;Гибкий график;Частичная занятость;Ярославская область;Ярославль;573;Заработай в сезон БОЛЬШЕ с высокими тарифами 14+! Требуются курьеры, у нас свободный график (можно работать у дома)! ❗️❗️МОЖНО работать НА АЙФОНЕ❗️❗️И на андроиде тоже можно. ✔️ ЕЖЕДНЕВНЫЕ ВЫПЛАТЫ ✔️ ОПЛАТА 3.500- 4.000- 6.400 за день (зависит от времени работы) ✔️ ПРИНИМАЕМ БЕЗ ОПЫТА (обучим - покажем) ❗️Оформление без записи в трудовую книжку! ПО РАБОТЕ: Можно использовать как подработку(Легко совмещать с учебой или работой) Район на выбор, можно менять каждую смену(7-10 мин среднее время доставки) Заказы на доставку собраны и оплачены. Вы только доставляете(Вес до 5 кг) Чаевые и доплаты 100% ваши,за заказы комиссии нет! Прием ЕЖЕДНЕВНО (даже в выходные)! ДОХОД: Средняя оплата за 4 часа - около 3.000 руб. Акция приведи друга - получи до 10тр ЖМИ ОТКЛИКНУТЬСЯ Мы пришлем информацию в ответном сообщении в течение пары минут и чуть позднее напишем в WhatsApp Данная вакансия также подойдет, если вы искали: работа курьером, курьер, курьер с ежедневной оплатой, курьер пеший, курьер подработка, курьер выходного дня, свободный график, пешком, яндекс доставка, доставщик яндекс еда, яндекс лавка, яндекс про, яндекс маркет, сбермаркет, деливери клаб, delivery club, dostavista, достависта, курьер додо, озон, сдек, доставка суши, доставка еды, еду, доставка документов посылок, устроиться курьером, работа в районе, курьер с ежедневной оплатой, подработка с ежедневными выплатами, работа рядом с домом, без опыта, оплата каждый день. ЖМИ ОТКЛИКНУТЬСЯ;https://hh.ru/vacancy/91713018;64ca2c59568bd3d591dda9b6fa4bf37e
2024;Сканировщик торгового зала;АШАН Ритейл Россия;0;46600;RUB;Гибкий график;Частичная занятость;Ярославская область;Ярославль;514;"МЫ ПОВЫСИЛИ ЗАРАБОТНУЮ ПЛАТУ! Совокупный ежемесячный доход до 46600 руб., по результатам собеседования Возможен дополнительный доход +50% от оклада с учетом подработок В январе - годовая премия +30% от оклада Получайте премию за каждого трудоустроенного друга Графики работы на выбор: 5/2 по 8 часов, плавающие выходные; 2/2 по 11 часов; при желании возможно взять подработки в компании, например, 5/2 по 12 часов возможно трудоустройство по совместительству, с индивидуальным графиком, от 1 дня в неделю возможна подработка для школьников с 14 лет, с индивидуальным графиком Чем предстоит заниматься: выкладка товара на полки, контроль ценников, контроль сроков годности​​​. Пожелания к кандидату: опыт работы не обязателен - проводим обучение. Оставляйте отклик или позвоните нам! Данная вакансия также подойдет, если вы искали: работник торгового зала, продавец, кассир, продавец-кассир, продавец-консультант, работник магазина, мерчендайзер, работник по выкладке товара, оператор склада, кладовщик, сборщик заказов, официант, рабочий, грузчик, комплектовщик, упаковщик, фасовщик, курьер, товаровед, приемщик, разнорабочий, администратор торгового зала, старший кассир, работник кулинарии, кухонный работник, помощник повара, член бригады ресторана, АШАН, АТАК, Азбука Вкуса, Вкусвилл, Лента, Пятерочка, Магнит, Перекресток, Билла, Карусель, Дикси, Мясницкий ряд, Верный, Глобус, Вкусно и точка, Самокат, Яндекс еда, Спар, Euro Spar, Магнолия, Красное белое, Fix Price, Мясновъ Мираторг, Ремит, Фикс Прайс, Сбермаркет, Яндекс маркет, ОКЕЙ, МЕГА, ЕвроСпар, Чижик, Леруа Мерлен, Декатлон, Спортмастер, Детский мир, Ярче, Красное и Белое, подработка, свободный график, сменный график, гибкий график, работа рядом с домом, без опыта работы, начало карьеры, начинающий специалист";https://hh.ru/vacancy/110772147;bca12a91e115c18356e60fa245c3dbbd
2025;подсобный рабочий;ГОРОДСКОЕ ПОТРЕБИТЕЛЬСКОЕ ОБЩЕСТВО ПОШЕХОНСКОГО РАЙПОТРЕБСОЮЗА;22440;22440;RUB;;Полная занятость;Ярославская область;Ярославль;0;в соответствии с договором коммуникабельность;https://trudvsem.ru/vacancy/card/1027601120161/e24e3df8-6c74-11f0-afe2-e7d0d2cf29b1;ba057b403f04649aa2fc87d17d920ffe
2025;подсобный рабочий;КОЛХОЗ ИМЕНИ КАЛИНИНА;22440;22440;RUB;;Полная занятость;Ярославская область;Ярославль;0;в соответствии с договором коммуникабельность;https://trudvsem.ru/vacancy/card/1027601120348/00073b28-6c76-11f0-afe2-e7d0d2cf29b1;f64ccdd8c2b177584c4d3acf7f711feb
2023;Курьер, Легкие заказы (на подработку);Центр обучения курьеров;45000;130000;RUB;Гибкий график;Частичная занятость;Ярославская область;Ярославль;573;Курьер легких заказов (У дома на подработку) Только по микрорайону у дома (заказы собраны, и оплачены) ✔️ ЕЖЕДНЕВНЫЕ ВЫПЛАТЫ ✔️ ТЕЛЕФОН НА БАЗЕ АНДРОИД ✔️ ВЫПЛАТЫ 3.000- 5.500 за день (от времени работы) ✔️ ПРИНИМАЕМ БЕЗ ОПЫТА (обучим и поможем) ❗️НЕТ КОМИССИИ С ЗАКАЗОВ - у нас без процентов УСЛОВИЯ РАБОТЫ: Можно использовать как подработку ( Легко совмещать с учебой или работой ) Заказы на доставку собраны и оплачены. Вы только доставляете! Район на выбор, можно менять каждую смену (7-10 мин среднее время доставки ) Чаевые и доплаты 100% ваши, за заказы комиссии нет! Прием ЕЖЕДНЕВНО (и в выходные)! ЗАРАБОТОК: Средняя оплата за 4 часа около 1.800 руб. и выше зависит от скорости работы Условия выплат: Ежедневно на карту до 450 рублей в час + надбавки и бонусы ‼️ Во время повышенного спроса до 550рублей в час ‼️ ЖМИ ОТКЛИКНУТЬСЯ! Также подойдет, если вы искали: документы, работа курьером, курьер, курьер с ежедневной оплатой, курьер пеший, курьер подработка, курьер выходного дня, день, вечер, утро, в ночь, вечером, свободный график, пешком, яндекс доставка, доставщик , лавка, яндекс про, яндекс маркет, сбермаркет, деливери клаб, delivery club, dostavista, достависта, курьер додо, озон, сдек, доставка суши, доставка еды, еду, доставка документов посылок, устроиться курьером, работа в районе, курьер с ежедневной оплатой, подработка с ежедневными выплатами, работа рядом с домом, без опыта, оплата каждый день;https://hh.ru/vacancy/77929813;2cd0a92ba0b9e5eb5035e6f5449cce1f
2025;подсобный рабочий;"ОБЩЕСТВО С ОГРАНИЧЕННОЙ ОТВЕТСТВЕННОСТЬЮ ""ЛЮБИМСКОЕ""";23000;23000;RUB;;Полная занятость;Ярославская область;Ярославль;0;Выполнение ручных вспомогательных работ в швейном цехе, чистка готовой продукции Ответственность, желание работать, соблюдение трудовой и производственной дисциплины;https://trudvsem.ru/vacancy/card/1187627037553/50eff8b0-896d-11f0-ad15-efc3bb2eec02;854fbb57acbd84554f4d9d14db61a71d
2024;Курьер пеший;Птицына Анастасия Андреевна;158400;197500;RUB;Гибкий график;Частичная занятость;Ярославская область;Ярославль;573;Заработай в сезон БОЛЬШЕ с высокими тарифами 16+ ! Требуются курьеры, у нас свободный график (можно работать у дома)! ❗️❗️МОЖНО работать НА АЙФОНЕ❗️❗️И на андроиде тоже можно. ✔️ СВОБОДНЫЙ ГРАФИК ✔️ ОПЛАТА 3.500- 4.000- 5.600 за день. Зависит от времени работы. ✔️ ПРИНИМАЕМ БЕЗ ОПЫТА. Обучим - покажем. ❗️Оформление без записи в трудовую книжку! ПО РАБОТЕ: Можно использовать как подработку(Легко совмещать с учебой или работой) Район на выбор(10 мин среднее время доставки) Заказы на доставку собраны и оплачены. Вы только доставляете. Чаевые и доплаты 100% ваши,за заказы комиссии нет! Прием ЕЖЕДНЕВНО (даже в выходные)! ДОХОД: Оплата за 4 часа - до 4.000 руб.(зависит от района и времени суток) ЖМИ ОТКЛИКНУТЬСЯ Мы пришлем информацию в ответном сообщении в течение пары минут и скоро напишем в WhatsApp Данная вакансия также подойдет, если вы искали: работа курьером, курьер, курьер с ежедневной оплатой, курьер пеший, курьер подработка, курьер выходного дня, свободный график, пешком, яндекс доставка, доставщик яндекс еда, яндекс лавка, яндекс про, яндекс маркет, сбермаркет, деливери клаб, delivery club, dostavista, достависта, курьер додо, озон, сдек, доставка суши, доставка еды, еду, доставка документов посылок, устроиться курьером, работа в районе, курьер с ежедневной оплатой, подработка с ежедневными выплатами, работа рядом с домом, без опыта, оплата каждый день. ЖМИ ОТКЛИКНУТЬСЯ!;https://hh.ru/vacancy/110778396;53c7aa10087ed99c8a934e53f8c94d68
2025;Художник-дизайнер (квотируемое рабочее место для несовершеннолетних);"ОБЩЕСТВО С ОГРАНИЧЕННОЙ ОТВЕТСТВЕННОСТЬЮ ""ПАПИРУПАК""";30000;0;RUB;;Полная занятость;Ярославская область;Ярославль;159;"На художника-дизайнера по полиграфии возлагаются функции по разработке и созданию оригинальных творческих проектов, художественно-эстетических решений в производстве различной полиграфической продукции удожник-дизайнер по полиграфии должен знать: - компьютерные программы, применяемые при создании проектов полиграфической продукции, в том числе программу для обработки фотографий Adobe Photoshop; редакторы векторных изображений (рисунков), которые используются для создания компьютерной графики Adobe Illustrator и (или) CorelDraw; программы допечатной подготовки QuarkXpress и PageMaker; - методы и средства выполнения художественно-оформительских работ";https://trudvsem.ru/vacancy/card/1027601055184/72cd1175-8f7d-11ee-b242-d549be31d974;c575be5f9258875a51e7cfba5dd85075
2024;Курьер на подработку с ежедневными выплатами;Птицына Анастасия Андреевна;69420;139037;RUB;Сменный график;Частичная занятость;Ярославская область;Тутаев;573;Заработай в сезон БОЛЬШЕ с высокими тарифами 16+! Требуются курьеры, у нас свободный график (можно работать у дома)!Можно работать пешком или на любом своем транспорте. ❗️❗️МОЖНО работать НА АЙФОНЕ❗️❗️И на андроиде тоже можно. ✔️ СВОБОДНЫЙ ГРАФИК ✔️ ОПЛАТА 3.500- 4.000- 5.600 за день. Зависит от времени работы. ✔️ ПРИНИМАЕМ БЕЗ ОПЫТА. Обучим - покажем. ❗️Оформление без записи в трудовую книжку! ПО РАБОТЕ: Можно использовать как подработку(Легко совмещать с учебой или работой) Район на выбор(10 мин среднее время доставки) Заказы на доставку собраны и оплачены. Вы только доставляете. Чаевые и доплаты 100% ваши,за заказы комиссии нет! Прием ЕЖЕДНЕВНО (даже в выходные)! ДОХОД: Оплата за 4 часа - до 4.000 руб.(зависит от района и времени суток) ЖМИ ОТКЛИКНУТЬСЯ Мы пришлем информацию в ответном сообщении в течение пары минут и скоро напишем в WhatsApp Данная вакансия также подойдет, если вы искали: работа курьером, курьер, курьер с ежедневной оплатой, курьер пеший, курьер подработка, курьер выходного дня, свободный график, пешком, яндекс доставка, доставщик яндекс еда, яндекс лавка, яндекс про, яндекс маркет, сбермаркет, деливери клаб, delivery club, dostavista, достависта, курьер додо, озон, сдек, доставка суши, доставка еды, еду, доставка документов посылок, устроиться курьером, работа в районе, курьер с ежедневной оплатой, подработка с ежедневными выплатами, работа рядом с домом, без опыта, оплата каждый день. ЖМИ ОТКЛИКНУТЬСЯ!;https://hh.ru/vacancy/104915621;cc0f9780a705b90aa8b442e9f5efde92
2025;подсобный рабочий;"ОБЩЕСТВО С ОГРАНИЧЕННОЙ ОТВЕТСТВЕННОСТЬЮ ""ЛЮБИМСКОЕ""";23000;23000;RUB;;Полная занятость;Ярославская область;Ярославль;904;Выполнение ручных вспомогательных работ в швейном цехе, чистка готовой продукции Ответственность, желание работать, соблюдение трудовой и производственной дисциплины;https://trudvsem.ru/vacancy/card/1187627037553/fbfbc835-b505-11ee-a691-bb4c34bddc95;854fbb57acbd84554f4d9d14db61a71d
2023;Почтальон (промоутер);Фотоарт;10000;30000;RUB;Гибкий график;Частичная занятость;Ярославская область;Ярославль;957;Ищем ответственных сотрудников, для разноса почтовой рекламы до адресатов в почтовые ящикиНабираем с опытом и без опыта работы от 14 лет (с разрешением от родителей в письменном виде, образец в интернете)ПРОЕЗД ОПЛАЧИВАЕМ от дома до работы и с работы до домаПодработка для всех желающихАдреса на выбор не даем, нужно работать по порядку в разных районах города, ключи выдаем после нескольких качественных маршрутовоплата 40-50коп за почтовый ящик в зависимости от количества домов на маршруте, один маршрут примерно 1000кв, брать можно любое количествоФотоотчет не нужен для вашей экономии времени, но проверяем сами лично на следующий деньОплата сразу после проверкиРаботать нужно минимум 2 дня в неделюОстальные вопросы можете уточнить на собеседовании и сразу же приступить к работеРаботать можно в любое время, но работу заканчиваем в тот же день;https://hh.ru/vacancy/86616250;a039fef0f1023a7a1aac2706ba950f20
2025;уборщик территорий;"ОБЩЕСТВО С ОГРАНИЧЕННОЙ ОТВЕТСТВЕННОСТЬЮ ""РЫБИНСКАЯ ВЕРФЬ""";23000;23000;RUB;;Частичная занятость;Ярославская область;Ярославль;0;уборка территории квота для несовершеннолетних;https://trudvsem.ru/vacancy/card/1187627030766/7b6a69b8-518f-11f0-a065-d549be31d974;ba089f609dcc50204e0523f4357db987
2025;Подсобный рабочий (для несовершеннолетних граждан);"БРЕЙТОВСКИЙ ФИЛИАЛ АКЦИОНЕРНОГО ОБЩЕСТВА ""ЯРДОРМОСТ""";23000;23000;RUB;;Полная занятость;Ярославская область;Ярославль;0;Содержание в чистоте территории производственной базы. Уборка от мусора и листьев. В летний период - окос травы, уборка автостоянок на территории объекта, покрасочные работы наружных и внутренних помещений. В зимний период - уборка территории от снега и льда, включая въезд на территорию базы. Дисциплинированность, выносливость, ответственный подход к должностным инструкциям.;https://trudvsem.ru/vacancy/card/6e964f40-8707-11ef-9fe0-d549be31d974/c2b405b8-b495-11f0-aad2-0347e841b1d2;73a3ab71ff324c0f9077bd3545d3126e
2025;подсобный рабочий;"СЕЛЬСКОХОЗЯЙСТВЕННЫЙ ПРОИЗВОДСТВЕННЫЙ КООПЕРАТИВ "" АКТИВИСТ """;23000;24000;RUB;;Полная занятость;Ярославская область;Ярославль;329;"погрузка-разгрузка товарно-материальных ценностей; перемещение грузов на хранение в складские помещения, распределение их в соответствующие отсеки; упаковка грузов в необходимую тару (коробки, бочки, пакеты, мешки и т.д.); работа в техникой, приборами, инвентарем в рамках получаемых от непосредственного руководителя заданий и своей компетенции; поддержание в чистоте производственных помещений, складов и прилегающих у ним территорий; устранение аварий, поломок, неисправностей, не требующих специальной квалификации, а также их последствий; обеспечение сохранности товарно-материальных ценностей, инвентаря, оборудования; помощь в работе другим сотрудникам предприятии, при наличии соответствующего распоряжения со стороны непосредственного начальника; информирование руководства обо всех выявленных нештатных ситуациях, а также опасных и нестандартных случаях, поломках, авариях, неисправностях; ведение отчетности по своей работе, предоставление ее руководителю. Подсобный рабочий должен знать:методы выгрузки, погрузки, перемещения, размещения груза правила сортировки грузов; - методы очистки помещений, оборудования, инвентаря; - правила погрузки, нормы транспортировки грузов;";https://trudvsem.ru/vacancy/card/1027601069605/ebbc8e58-1508-11f0-92bb-cb26dff57dd7;d403b7cece9d4e82650a1bc07329f800
2024;Курьер;Птицына Анастасия Андреевна;69420;139037;RUB;Сменный график;Частичная занятость;Ярославская область;Ярославль;573;Заработай в сезон БОЛЬШЕ с высокими тарифами 16+ ! Требуются курьеры, у нас свободный график (можно работать у дома)!Можно работать пешком или на любом своем транспорте. ❗️❗️МОЖНО работать НА АЙФОНЕ❗️❗️И на андроиде тоже можно. ✔️ СВОБОДНЫЙ ГРАФИК ✔️ ОПЛАТА 3.500- 4.000- 5.600 за день. Зависит от времени работы. ✔️ ПРИНИМАЕМ БЕЗ ОПЫТА. Обучим - покажем. ❗️Оформление без записи в трудовую книжку! ПО РАБОТЕ: Можно использовать как подработку(Легко совмещать с учебой или работой) Район на выбор(10 мин среднее время доставки) Заказы на доставку собраны и оплачены. Вы только доставляете. Чаевые и доплаты 100% ваши,за заказы комиссии нет! Прием ЕЖЕДНЕВНО (даже в выходные)! ДОХОД: Оплата за 4 часа - до 4.000 руб.(зависит от района и времени суток) ЖМИ ОТКЛИКНУТЬСЯ Мы пришлем информацию в ответном сообщении в течение пары минут и скоро напишем в WhatsApp Данная вакансия также подойдет, если вы искали: работа курьером, курьер, курьер с ежедневной оплатой, курьер пеший, курьер подработка, курьер выходного дня, свободный график, пешком, яндекс доставка, доставщик яндекс еда, яндекс лавка, яндекс про, яндекс маркет, сбермаркет, деливери клаб, delivery club, dostavista, достависта, курьер додо, озон, сдек, доставка суши, доставка еды, еду, доставка документов посылок, устроиться курьером, работа в районе, курьер с ежедневной оплатой, подработка с ежедневными выплатами, работа рядом с домом, без опыта, оплата каждый день. ЖМИ ОТКЛИКНУТЬСЯ!;https://hh.ru/vacancy/107042322;08b19fd6c02de3b78657def5793d5fd4
2023;Подсобный рабочий;"АКЦИОНЕРНОЕ ОБЩЕСТВО ""ЯРДОРМОСТ""";16242;0;RUB;Неполный день;Частичная занятость;Ярославская область;Ярославль;904;Выполнение подсобных и вспомогательных работ на территории производственной базы филиала, в помещениях РММ, объектах строительства, ремонта и содержания автодорог. Дисциплинированность, ответственность, трудолюбие;https://trudvsem.ru/vacancy/card/1187627037070/19ca3705-eb05-11ed-9635-17f530626801;d14912130d6f92e7d013154806fa7be2
2025;Уборщик производственных и служебных помещений;"ОБЩЕСТВО С ОГРАНИЧЕННОЙ ОТВЕТСТВЕННОСТЬЮ ""УГЛИЧКАБЕЛЬ""";11500;11500;RUB;;Полная занятость;Ярославская область;Ярославль;1276;"легкие виды подсобных и хозяйственных работ для несовершеннолетних граждан. трудолюбие, аккуратность, прием на работу в соответствии с ТК РФ. Социальный пакет; пятидневная рабочая неделя; класс условий труда - 2. В соответствии с ТК РФ.";https://trudvsem.ru/vacancy/card/1027710003529/4ef19862-79aa-11ec-b378-bf2cfe8c828d;2eef811a00e571c3ac0615aa01462f7d
2024;Курьер;Птицына Анастасия Андреевна;69420;139037;RUB;Сменный график;Частичная занятость;Ярославская область;Ярославль;573;Заработай в сезон БОЛЬШЕ с высокими тарифами 16+ ! Требуются курьеры, у нас свободный график (можно работать у дома)!Можно работать пешком или на любом своем транспорте. ❗️❗️МОЖНО работать НА АЙФОНЕ❗️❗️И на андроиде тоже можно. ✔️ СВОБОДНЫЙ ГРАФИК ✔️ ОПЛАТА 3.500- 4.000- 5.600 за день. Зависит от времени работы. ✔️ ПРИНИМАЕМ БЕЗ ОПЫТА. Обучим - покажем. ❗️Оформление без записи в трудовую книжку! ПО РАБОТЕ: Можно использовать как подработку(Легко совмещать с учебой или работой) Район на выбор(10 мин среднее время доставки) Заказы на доставку собраны и оплачены. Вы только доставляете. Чаевые и доплаты 100% ваши,за заказы комиссии нет! Прием ЕЖЕДНЕВНО (даже в выходные)! ДОХОД: Оплата за 4 часа - до 4.000 руб.(зависит от района и времени суток) ЖМИ ОТКЛИКНУТЬСЯ Мы пришлем информацию в ответном сообщении в течение пары минут и скоро напишем в WhatsApp Данная вакансия также подойдет, если вы искали: работа курьером, курьер, курьер с ежедневной оплатой, курьер пеший, курьер подработка, курьер выходного дня, свободный график, пешком, яндекс доставка, доставщик яндекс еда, яндекс лавка, яндекс про, яндекс маркет, сбермаркет, деливери клаб, delivery club, dostavista, достависта, курьер додо, озон, сдек, доставка суши, доставка еды, еду, доставка документов посылок, устроиться курьером, работа в районе, курьер с ежедневной оплатой, подработка с ежедневными выплатами, работа рядом с домом, без опыта, оплата каждый день. ЖМИ ОТКЛИКНУТЬСЯ!;https://hh.ru/vacancy/107042775;08b19fd6c02de3b78657def5793d5fd4
2025;Разнарабочий (вакансия для несовершеннолетних);"ОБЩЕСТВО С ОГРАНИЧЕННОЙ ОТВЕТСТВЕННОСТЬЮ ""УК РЕМКОС""";23000;23500;RUB;;Частичная занятость;Ярославская область;Ярославль;904;Выполнение подсобных и вспомогательных работ. Заработная плата в зависимости от отработанного времени. Ответственность, доброжелательность, добросовестность, коммуникабельность. Вакансия по Квоте для несовершеннолетних.;https://trudvsem.ru/vacancy/card/1157627011167/d9218b65-fbb5-11ed-a8d6-05dc90903fb8;262994f3fe15bc99484ccb78a80d01dd
2024;Менеджер по работе с клиентами;Ростелеком;0;90000;RUB;Гибкий график;Частичная занятость;Ярославская область;Ярославль;714;"Ростелеком ищет в свою команду массового сегмента (B2C) амбициозного специалиста по продажам, который будет расти вместе с нами. Нам важно найти единомышленника, готового быстро обучаться и легко находящего подход к клиентам. Прекрасный старт в начале карьеры! Чем предстоит заниматься: Активные продажи услуг Ростелекома: работать как уже с действующим клиентами, так и осуществлять поиск новых; Помогать клиентам и консультировать их в выборе наиболее подходящих и выгодных тарифов: например, интернет, умная колонка «Маруся», интерактивное ТВ, умный дом, видеонаблюдение, оборудование, мобильная связь. Формировать заявки на подключение услуг, а также вести отчетность. Что мы от вас ожидаем: Рассматриваем от 16 лет; Рассмотрим кандидатов без опыта работы, мы всему научим; Развитые навыки коммуникации, грамотная и четкая речь; Активная жизненная позиция, нацеленность на результат; Что мы предлагаем: Средний уровень дохода от 20 000₽ в месяц и выше, ежемесячные премии по результатам работы. Все в твоих руках! Гибкий график на выбор: 5/2 или 2/2; Можно совмещать с основной работой или учебой: занятость в день от 4 часов. Оформление по договору ГПХ; Наставники обучат техникам продаж и коммуникациям с клиентами, также для профессионального и личного развития предоставляется доступ к корпоративному онлайн-университету и электронным библиотекам Поддержка опытных коллег;";https://hh.ru/vacancy/102101794;638595ca4f42508666e0d659b48c9a4a
2025;Слесарь-инструментальщик;"ПУБЛИЧНОЕ АКЦИОНЕРНОЕ ОБЩЕСТВО ""ОДК-САТУРН""";23000;23000;RUB;;Полная занятость;Ярославская область;Ярославль;1079;В соответствии с трудовым договором и должностной инструкцией Прием на работу по результатам собеседования. Ответственность. Образование: Среднее Режим работы односменный (до 16 лет: с 8-00 до 14-00, от 16 до 18 лет: с 8-00 до 16-00 (1 час обед)). Медицинское обслуживание, санаторно-курортное обеспечение, условия для приема пищи во время перерыва;https://trudvsem.ru/vacancy/card/1027601106169/23df15d8-2f05-11f0-bdff-e7d0d2cf29b1;9be84e6eb743bb6f440ca588eea52da2
2023;Промоутер;Краснов Дмитрий Владимирович;15000;30000;RUB;Гибкий график;Частичная занятость;Ярославская область;Ярославль;957;Внимание! Места ограничены. Пока объявление висит - оно актуально. Требуются распространители листовок по почтовым ящикам. Район работы и время Вы выбираете сами. Нас интересуют все районы города. В неделю работаем минимум 3 дня (в среднем в день от 3-х часов), максимум не ограничен. Обязанности: распространение печатной продукции по почтовым ящикам жилых домовведение онлайн отчета + фото отчетТребования:наличие смартфона для предоставления отчетности (android \ ios)активностьответственностьналичие свободного времени от 3-х часов в день, от 3-х дней в неделюможно от 14 летУсловия:выплаты ЕЖЕДНЕВНО, без задержекконкурсы и бонусы для мотивацииработа в любом районе городасвободный графиквозможность совмещения с учебой или основной работойЗвоните или пишите, всегда на связи. Приходите и зарабатывайте.;https://hh.ru/vacancy/76608277;4a0c224a6fbd1d91d7fa9682ed06a5f5
2023;Почтальон;Краснов Дмитрий Владимирович;15000;30000;RUB;Гибкий график;Полная занятость;Ярославская область;Ярославль;573;Требуемый опыт работы: не требуется Частичная занятость, полный день Возможна подработка: сменами по 4-6 часов или по вечерам Нужна подработка?Xочешь дополнитeльно 30-40 тыcяч в месяц, paбoтaя в ЛЮБOE cвoбoднoe вpемя?Не xочешь сидeть в oфисe или мыть полы?A мoжет, не xватaeт на мeчту?Тогдa ты нaшeл cвoй идеальный вapиaнт! Собираем комaнду!Paспpoстрaнениe лиcтoвoк по почтoвым ящикaм.Pабoтaeм пo cвoему району (любой район города). В день работа занимает в среднем 3 часа.Оплата ежедневно, без скрытых штрафов и непонятных ну завтра наверное оплатим! Обязанности: АктивностьЧестностьОтчет по установленной формеТребования:Без опытаТелефон android \ iosУсловия:Свободный график (от 3-х дней в неделю до ежедневной занятости)Своевременные выплатыПрозрачная схема оплатыДополнительные финансовые бонусы и мотивацииРассматриваем кандидатов от 14 лет. Звони;https://hh.ru/vacancy/76608499;3b2c71cb4fa5e7bbc2b4c4fcd1aa9801
2025;Курьер на склад (легкие заказы для дома 1-3кг);Работа-Подработка: Курьер, Кладовщик, Сборщик;135000;220000;RUB;Полный день;Частичная занятость;Ярославская область;Ярославль;0;Добрый день уважаемый соискатель!Нам требуется курьер с ежедневной оплатой на подработку или как на основную работу!В данный момент у нас 11 категорий доставок, а именно доставка ЦВЕТОВ, ДОКУМЕНТОВ, ЗООТОВАРОВ, АПТЕКИ, ЭЛЕКТРОНИКА и т.дОбязанности- Доставка небольших посылок (время доставок вы выбираете самостоятельно -сами)- Выполнение заказов через приложение- Очень много заказав- Доставки по районуТребования- Телефон андроид или айфон- Желание зарабатыватьУсловия:- Ежедневные выплаты: до 7000 руб./день.- Близко к дому: доставки в твоем районе.- Легкие заказы: вес до 2 кг.- Гибкое расписание (время и количество рабочих часов выбираете самостоятельно)- Нет обязательного плана по доставкеНажмите ОТКЛИКНУТЬСЯ прямо сейчас и получите все подробности о работе! Также пишите в мессенджерах WhatsApp/Telegram: менеджер 24/7 готов ответить на вопросы и помочь с оформлением. Не упустите свой шанс начать уже сегодня!Также подойдет, если вы искали: «курьер, подработка с ежедневными выплатами, ежедневная оплата, свободный график, ночной курьер, вечерний курьер, доставка, лавка, документы, груз, сервис, пеший курьер, оплата каждый день, подработка, работа рядом с домом, достависта, график, свободный, пеший курьер, работа по району, официальное трудоустройство, зарплата, ЗП, оплата, доставка, работа курьером, курьер, еженедельная, ежедневная, на руки курьеру, подработка, прямой работодатель, ищу работу, время, работа без опыта, оплата сразу, утреннее, дневное, вечернее , время, режим»ОБРАЩАЕМ ВНИМАНИЕ, после отклика на данную вакансию потребуется предоставление информации или выполнение иных действий на сторонних информационных ресурсах.;https://hh.ru/vacancy/125640945;fc147b3f834d0a73ad176afc62f27683
2024;Курьер легких заказов;Работа сегодня (ИП Холин Андрей Сергеевич);90000;150000;RUB;Гибкий график;Частичная занятость;Ярославская область;Ярославль;573;✨ Привет! Мы ищем именно тебя: активных и целеустремленных, готовых к новым достижениям. ✨ Присоединяйся к нашей команде и начни зарабатывать уже сегодня! ⭐ Что тебя ждет: Гибкий график: Ты сам выбираешь, когда работать. Утро, день или вечер – ты вольный планировать свой день. Высокий доход: до 6500 руб./день, плюс бонусы за активность и скорость. Работа рядом с домом: Забудь о долгих перемещениях, работаем в пределах твоего района. ⭐ Твои задачи: Доставка легких заказов: товары для дома, аптечные товары, малогабаритные посылки. Вежливое общение с клиентами и своевременная доставка. ⭐ Что мы ценим: Ответственность и активность. Желание работать и зарабатывать. Наличие смартфона с доступом в интернет. ⭐ Почему стоит начать именно с нами: Ежедневные выплаты: Заработок каждый день. Обучение и поддержка: Беспокоит вопрос? Наши менеджеры всегда на связи через WhatsApp/Telegram. Бонусы: Мы ценим твою старательность и готовы это вознаграждать. ✨ Как начать? Просто нажми ОТКЛИКНУТЬСЯ. Все просто – без долгих собеседований, можешь начать уже сегодня. Если вдруг возникнут вопросы, пиши нам. Наша команда всегда на связи, чтобы помочь тебе войти в курс дела и ответить на любые вопросы. Наша вакансия также подойдет вам, если вы искали: работа курьером СберМаркет, работа доставка курьером, пеший курьер, работа пешим курьером, доставщик, курьер, свободный график, гибкий график, удобный график, свободный график, работа рядом с домом, без опыта, начинающий специалист, работа на выходные, в вечернее время, в дневное время, подработка, работа выходного дня, курьер ВкусВилл, курьер Деливери, курьер Яндекс, работа курьером Деливери, работа курьером Самокат, работа курьером Яндекс Лавка, работа курьером Яндекс Еда, Озон, Ozon. ОБРАЩАЕМ ВНИМАНИЕ, места ограничены способ доставки любой. Принимаем ежедневно даже в выходные и праздничные дни. Оставляйте отклик, ставьте лайк ❤ для нас это очень важно. ЗВОНИТЕ ИЛИ ПИШИТЕ В МЕССЕНДЖЕРЫ - сразу отправим подробности ☎️ ⬇️ ЖМИТЕ ОТКЛИКНУТЬСЯ ⬇️ ОБРАЩАЕМ ВНИМАНИЕ, после отклика на данную вакансию потребуется предоставление информации или выполнение иных действий на сторонних информационных ресурсах.;https://hh.ru/vacancy/105573529;be58655c5115aa0b8d132059be93abd9
2025;подсобный рабочий;"АКЦИОНЕРНОЕ ОБЩЕСТВО ""ПРОИЗВОДСТВЕННОЕ ОБЪЕДИНЕНИЕ ""СЕВЕРНЫЙ МАШИНОСТРОИТЕЛЬНЫЙ ЗАВОД""";23000;0;RUB;;Полная занятость;Ярославская область;Ярославль;0;"Погрузка, разгрузка, перемещение грузов, не трубующих осторожности; осуществление мелких ремонтных работ Исполнительность";https://trudvsem.ru/vacancy/card/1187746710007/35334573-dc7d-11ef-a3fa-cb26dff57dd7;2d9fdf0978fc986ca98dd655ea6954c8
2023;Курьер на легкие заказы (до 2 кг, подработка);Центр обучения курьеров;79999;120000;RUB;Сменный график;Частичная занятость;Ярославская область;Ярославль;573;Курьер легких заказов (подработка) Только по микрорайону у дома (заказы собраны, и оплачены) ✔️ ЕЖЕДНЕВНЫЕ ВЫПЛАТЫ ✔️ ТЕЛЕФОН НА БАЗЕ АНДРОИД ✔️ ВЫПЛАТЫ 3.000- 5.500 за день (от времени работы) ✔️ ПРИНИМАЕМ БЕЗ ОПЫТА (обучим и поможем) ❗️НЕТ КОМИССИИ С ЗАКАЗОВ - у нас без процентов УСЛОВИЯ РАБОТЫ: Можно использовать как подработку ( Легко совмещать с учебой или работой ) Заказы на доставку собраны и оплачены. Вы только доставляете! Район на выбор, можно менять каждую смену (7-10 мин среднее время доставки ) Чаевые и доплаты 100% ваши, за заказы комиссии нет! Прием ЕЖЕДНЕВНО (и в выходные)! ЗАРАБОТОК: Средняя оплата за 4 часа около 1.800 руб. и выше зависит от скорости работы Условия выплат: Ежедневно на карту до 450 рублей в час + надбавки и бонусы ‼️ Во время повышенного спроса до 550рублей в час ‼️ ЖМИ ОТКЛИКНУТЬСЯ! Также подойдет, если вы искали: документы, работа курьером, курьер, курьер с ежедневной оплатой, курьер пеший, курьер подработка, курьер выходного дня, день, вечер, утро, в ночь, вееромам, вечером, свободный график, пешком, яндекс доставка, доставщик , лавка, яндекс про, яндекс маркет, сбермаркет, деливери клаб, delivery club, dostavista, достависта, курьер додо, озон, сдек, доставка суши, доставка еды, еду, доставка документов посылок, устроиться курьером, работа в районе, курьер с ежедневной оплатой, подработка с ежедневными выплатами, работа рядом с домом, без опыта, оплата каждый день;https://hh.ru/vacancy/78339199;05c7b2d93dcd9c8f90abbce69e8459df
2025;Сканировщик торгового зала;АШАН Ритейл Россия;0;46600;RUB;Гибкий график;Полная занятость;Ярославская область;Рыбинск;514;"МЫ ПОВЫСИЛИ ЗАРАБОТНУЮ ПЛАТУ!Совокупный ежемесячный доход до 46600 руб., по результатам собеседованияВозможен дополнительный доход +50% от оклада с учетом подработокПолучайте бонусы от 15 000р. до 40 000р. за каждого трудоустроенного другаГрафики работы на выбор:5/2 по 8 часов, плавающие выходные;2/2 по 11 часов;при желании возможно взять подработки в компании, например, 5/2 по 12 часоввозможно трудоустройство по совместительству, с индивидуальным графиком, от 1 дня в неделювозможна подработка для школьников с 14 лет, с индивидуальным графикомЧем предстоит заниматься:выкладка товара на полки, контроль ценников, контроль сроков годности​​​.Пожелания к кандидату:опыт работы не обязателен - проводим обучение.Оставляйте отклик или позвоните нам!Данная вакансия также подойдет, если вы искали: работник торгового зала, продавец, кассир, продавец-кассир, продавец-консультант, работник магазина, мерчендайзер, работник по выкладке товара, оператор склада, кладовщик, сборщик заказов, официант, рабочий, грузчик, комплектовщик, упаковщик, фасовщик, курьер, товаровед, приемщик, разнорабочий, администратор торгового зала, старший кассир, работник кулинарии, кухонный работник, помощник повара, член бригады ресторана, АШАН, АТАК, Азбука Вкуса, Вкусвилл, Лента, Пятерочка, Магнит, Перекресток, Билла, Карусель, Дикси, Мясницкий ряд, Верный, Глобус, Вкусно и точка, Самокат, Яндекс еда, Спар, Euro Spar, Магнолия, Красное белое, Fix Price, Мясновъ Мираторг, Ремит, Фикс Прайс, Сбермаркет, Яндекс маркет, ОКЕЙ, МЕГА, ЕвроСпар, Чижик, Леруа Мерлен, Декатлон, Спортмастер, Детский мир, Ярче, Красное и Белое, подработка, свободный график, сменный график, гибкий график, работа рядом с домом, без опыта работы, начало карьеры, начинающий специалист";https://hh.ru/vacancy/116210903;ec92a65bdb6c60566aa20d2852014722
2024;Сборщик заказов (Ярославль, Калинина, 31);Перекрёсток;50000;55000;RUB;Гибкий график;Частичная занятость;Ярославская область;Ярославль;1052;"Вакансия для 16+!Для начинающих специалистов без опыта работы.Наши предложения: - стабильность: официальное трудоустройство и белая зарплата- доступность: предложим удобный супермаркет для работы- комфорт: подберём подходящий график работы (для несовершеннолетних только с дневными сменами одна смена от 4 до 7 часов)- развитие: обучение под руководством опытного наставника- забота: оплачиваемый медосмотр за счёт компании и бесплатная телемедицина;- скидки для сотрудников на готовую еду, и другие скидки у партнеров компанииНаши ожидания:- желание заботиться о клиенте - грамотная речь и коммуникабельность- уверенный пользователь мобильных приложений- активность, готовность к обучению- осуществление сбора заказов в соответствии со списком товаров в мобильном приложении- отслеживание качества собираемого товара, контроль времени сборки- передача заказа в зону ожидания курьераесли нет опыта работы, мы всему научим!";https://hh.ru/vacancy/107108887;11f7336830bb5b6e35e5982ed59cf83e
2023;Подсобный рабочий Ярославского участка;"Акционерное общество ""РН-Ярославль""";16300;16300;RUB;Неполный день;Полная занятость;Ярославская область;Ярославль;1001;Выполнение вспомогательных работ по заданиям сотрудников подразделений Общества. Образование среднее или среднее (полное) общее, или лица, получающие среднее или среднее профессиональное образование. Навыки работы на персональном компьютере. Грамотное письмо. Знание Word, Excel на уровне пользователя (навыки оформления и редактирования печатного текста, таблиц, схем). Расширенный пакет социальных гарантий и льгот: Программа страхования жизни и здоровья от несчастных случаев, материальная помощь в определенных жизненных ситуациях, корпоративное пенсионное обеспечение и т.п.;https://trudvsem.ru/vacancy/card/1087604014827/2dcf5a05-56e4-11ee-b07a-4de93ed6c034;cb84d6d9632583a70337ecdaa234a786
2025;Фасовщик № 16 (г.Ярославль, ул.Щепкина, д.3);"ЗАКРЫТОЕ АКЦИОНЕРНОЕ ОБЩЕСТВО ""АТРУС""";23000;23000;RUB;;Полная занятость;Ярославская область;Ярославль;1279;"Фасовка полуфабрикатов и готовой продукции в тару вручную как без взвешивания, отмера и оформления, так и с отмером по заданному объему, массе или количеству различных твердых, сыпучих, жидких и штучных товаров, упаковка продукции согласно техническим условиям. Должностные обязанности в соответствии с трудовым договором и должностной инструкцией Продолжительность рабочего времени в зависимости от возраста гражданина, согласно ст.94 ТК РФ; з/п зависит от отработанного времени, график работы по согласованию с работодателем. Предварительно обязательно созвониться с работодателем . Социальный пакетРабочее место магазин ""Атрус"" № 16 г. Ярославль, ул. Щепкина, д. 3. Продолжительность рабочего времени в зависимости от возраста гражданина, согласно ст.94 ТК РФ; з/п зависит от отработанного времени, график работы по согласованию с работодателем.";https://trudvsem.ru/vacancy/card/1027601066041/c9762038-403d-11f0-b6c8-e7d0d2cf29b1;00820b6f90556d994efe79842107d540
2025;Оператор на социологические опросы (Не продажи);Социс-М;35000;40000;RUB;Удаленная работа;Частичная занятость;Ярославская область;Ярославль;0;"Здравствуйте! Давайте знакомиться, Мы команда Социс-М!Наша компания является одной из наиболее крупной независимой компанией, которая специализируется на проведении социологических и маркетинговых исследований уже 25 лет!У НАС НЕТ ПРОДАЖ! НЕТ РЕКЛАМЫ!С нами сотрудничают такие компании как ВЦИОМ, ФОМ, ИНСОМАР, нам доверяют!У нас работает более 500 сотрудников по всей России, наша команда постоянно растет, мы развиваемся и расширяемся и сейчас в нашу команду требуются операторы для проведения социологических опросов абсолютно на разные темы!Еще не было опыта в такой сфере? Не страшно, мы всему обучим!У нас предусмотрено двухдневное обучение и наставничество.ЧТО НУЖНО ДЕЛАТЬ:Проводить интервью, а именно работать за компьютером. Все автоматизировано: специальная программа прозванивает базу и соединяет Вас с респондентом, в браузере открывается анкета с вопросами, а наша задача провести опрос и внести данные в анкету. Все просто!ПОЧЕМУ СТОИТ ИДТИ К НАМ? ⭐ Стабильная заработная плата 2 раза в месяц без задержекчасовая ставка 170-200 рублей:до 4 часов 170 руб./часот 4-6 часов 180 руб./часболее 6 часов 200 руб./часПосле прохождения стажировки и присвоения статуса «опытный оператор» + будут бонусы за успешные анкеты; + различные розыгрыши, денежные вознаграждения за Ваши достижения!⭐Гибкий график, возможно выбирать его самостоятельно для себя и работать в удобное для Вас время в промежутке с 08:00-21:00 по МСК;работайте от 20 часов за половину месяцаМИНИМАЛЬНАЯ СМЕНА 3 ЧАСА ⭐Удаленная работа: работайте из любой точки мира, не тратите время и деньги на дорогу в офис. Работаете там, где удобно ⭐ Дополнительные бонусы: премии за стаж, у нас есть возможность получать 13 зарплату! ⭐ Реферальные программы: дополнительное вознаграждение за каждого приведённого друга, пришедшего и работающего в нашей компании по вашей рекомендации; ⭐Трудоустройство: рассмотрим наиболее удобный для вас вариант ( ТК РФ, самозанятость) Полностью дистанционное оформление. Ехать никуда не потребуется. ⭐ Профессиональное обучение: лучшие наши менеджеры по обучению с большим опытом, научат вас всему необходимому.Что для нас важно: * Для работы потребуется компьютер/ноутбук, стабильный интернет и наушники со встроенным микрофоном (телефонные наушники для работы не подходят);* Базовые знания ПК;* Четкая и грамотная письменная и устная речь;* Опыт работы не требуется. Если вы ищете удобный свободный график, подработку, или удаленную работу, а так же Вам интересно выполнять социально значимую работу, то эта вакансия точно подходит для вас!Присоединяйтесь к нашей команде! Будем расти и развиваться вместе!Откликайся, приводи друзей, стань частью нашей команды и зарабатывай! Наша вакансия подходит также для тех, кто ищет: оператор, начинающий специалист, оператор колл-центра, продавец-консультант, менеджер по работе с клиентами, горячая линия, оператор линии, без опыта, удаленная работа, кассир, операционист, подработка.";https://hh.ru/vacancy/124191099;fd23604c06dee91f3c9f8f44205031e4
2025;Фасовщик № 16 (г.Ярославль, ул.Щепкина, д.3);"ЗАКРЫТОЕ АКЦИОНЕРНОЕ ОБЩЕСТВО ""АТРУС""";23000;23000;RUB;;Полная занятость;Ярославская область;Ярославль;0;"Фасовка полуфабрикатов и готовой продукции в тару вручную как без взвешивания, отмера и оформления, так и с отмером по заданному объему, массе или количеству различных твердых, сыпучих, жидких и штучных товаров, упаковка продукции согласно техническим условиям. Должностные обязанности в соответствии с трудовым договором и должностной инструкцией Продолжительность рабочего времени в зависимости от возраста гражданина, согласно ст.94 ТК РФ; з/п зависит от отработанного времени, график работы по согласованию с работодателем. Предварительно обязательно созвониться с работодателем . Социальный пакетРабочее место магазин ""Атрус"" № 16 г. Ярославль, ул. Щепкина, д. 3. Продолжительность рабочего времени в зависимости от возраста гражданина, согласно ст.94 ТК РФ; з/п зависит от отработанного времени, график работы по согласованию с работодателем.";https://trudvsem.ru/vacancy/card/1027601066041/6e87dc08-c548-11f0-a43c-35f711811e40;00820b6f90556d994efe79842107d540
2024;Начинающий специалист;Ростелеком;0;73000;RUB;Гибкий график;Частичная занятость;Ярославская область;Ярославль;694;"Ростелеком в поисках специалиста в команду прямых продаж, работающей с массовым сегментом (B2C). Для нас важно найти человека, который готов быстро учиться, легко находить контакт с клиентами. Отличный старт даже без опыта работы Обязанности: Активные продажи услуг компании потенциальным и действующим клиентами; Консультация и помощь в выборе наиболее подходящих и выгодных тарифов для клиентов: интернет, интерактивное ТВ, видеонаблюдение, оборудование, мобильная связь, умный дом, умная колонка «Маруся»; Формирование заявок на подключение услуг и ведение отчетности. Требования: Возраст от 16 лет; Опыт работы не имеет значения, всему научим; Грамотная и четкая речь, развитые коммуникативные навыки; Активная жизненная позиция, умение добиваться результатов Условия: Средний доход до 70 000₽ в месяц и выше, ежемесячные премии по результатам работы. Все зависит только от вас! Гибкий график 5/2, 2/2 Занятость от 4 часов в день, можно совмещать с основной работой или учебой; Оформление по договору ГПХ; Обучение техникам продаж и коммуникациям с клиентами, корпоративный онлайн-университет и доступ к электронным библиотекам для профессионального и личного развития; Поддержка опытных коллег и наставников";https://hh.ru/vacancy/94717916;0664bbd93eb5ca69f1364a4d6953b2c6
2025;Подсобный рабочий;"ОБЩЕСТВО С ОГРАНИЧЕННОЙ ОТВЕТСТВЕННОСТЬЮ ""СЛАВИЧ НОЙА ТЕХНОЛОГИИ""";23000;23000;RUB;;Частичная занятость;Ярославская область;Ярославль;0;Подсобные работы в производственном цехе. Без вредных привычек.;https://trudvsem.ru/vacancy/card/1147608001210/4fe3d0e8-d5c1-11f0-b730-d758e7e1c196;423bbbf8ab4f43638d3923674112229b
2024;Курьер-пеший;Птицына Анастасия Андреевна;158400;197500;RUB;Гибкий график;Частичная занятость;Ярославская область;Ярославль;0;Заработай в сезон БОЛЬШЕ с высокими тарифами 16+ ! Требуются курьеры, у нас свободный график (можно работать у дома)! ❗️❗️МОЖНО работать НА АЙФОНЕ❗️❗️И на андроиде тоже можно. ✔️ СВОБОДНЫЙ ГРАФИК ✔️ ОПЛАТА 3.500- 4.000- 5.600 за день. Зависит от времени работы. ✔️ ПРИНИМАЕМ БЕЗ ОПЫТА. Обучим - покажем. ❗️Оформление без записи в трудовую книжку! ПО РАБОТЕ: Можно использовать как подработку(Легко совмещать с учебой или работой) Район на выбор(10 мин среднее время доставки) Заказы на доставку собраны и оплачены. Вы только доставляете. Чаевые и доплаты 100% ваши,за заказы комиссии нет! Прием ЕЖЕДНЕВНО (даже в выходные)! ДОХОД: Оплата за 4 часа - до 4.000 руб.(зависит от района и времени суток) ЖМИ ОТКЛИКНУТЬСЯ Мы пришлем информацию в ответном сообщении в течение пары минут и скоро напишем в WhatsApp Данная вакансия также подойдет, если вы искали: работа курьером, курьер, курьер с ежедневной оплатой, курьер пеший, курьер подработка, курьер выходного дня, свободный график, пешком, яндекс доставка, доставщик яндекс еда, яндекс лавка, яндекс про, яндекс маркет, сбермаркет, деливери клаб, delivery club, dostavista, достависта, курьер додо, озон, сдек, доставка суши, доставка еды, еду, доставка документов посылок, устроиться курьером, работа в районе, курьер с ежедневной оплатой, подработка с ежедневными выплатами, работа рядом с домом, без опыта, оплата каждый день. ЖМИ ОТКЛИКНУТЬСЯ!;https://hh.ru/vacancy/112831134;f1e9b366d555c67ab6a07aaf398203bf
2024;подсобный рабочий (НС);МУНИЦИПАЛЬНОЕ ОБЩЕОБРАЗОВАТЕЛЬНОЕ УЧРЕЖДЕНИЕ БРЕЙТОВСКАЯ СРЕДНЯЯ ОБЩЕОБРАЗОВАТЕЛЬНАЯ ШКОЛА;19242;0;RUB;Неполный день;Временная занятость;Ярославская область;Ярославль;904;Благоустройство пришкольного участка. Ответственность. Работа с сокращенным рабочим днем 0,5 ставки 9621 руб.;https://trudvsem.ru/vacancy/card/1027601492489/edefe2d8-1ce3-11ef-8714-b905f621e080;dd7b107f8ffedb624a40e9f939460bca
2023;Разнорабочий;"ОБЩЕСТВО С ОГРАНИЧЕННОЙ ОТВЕТСТВЕННОСТЬЮ ""ЯРОСЛАВСКИЙ КАРТОФЕЛЬ""";17000;0;RUB;Неполный день;Частичная занятость;Ярославская область;Ярославль;904;Содержит в чистоте подсобные помещения, места хранения товарно-материальных ценностей. без требований возможно доставка транспортом предприятия;https://trudvsem.ru/vacancy/card/1157627010265/ed1de3b5-2f8c-11ee-a4ce-0d972cff014f;7b4b3dd1c500b61dc2b80cb81478ebe1
2024;Пеший курьер;Птицына Анастасия Андреевна;158400;197500;RUB;Гибкий график;Частичная занятость;Ярославская область;Ярославль;573;Заработай в сезон БОЛЬШЕ с высокими тарифами 16+ ! Требуются курьеры, у нас свободный график (можно работать у дома)! ❗️❗️МОЖНО работать НА АЙФОНЕ❗️❗️И на андроиде тоже можно. ✔️ СВОБОДНЫЙ ГРАФИК ✔️ ОПЛАТА 3.500- 4.000- 5.600 за день. Зависит от времени работы. ✔️ ПРИНИМАЕМ БЕЗ ОПЫТА. Обучим - покажем. ❗️Оформление без записи в трудовую книжку! ПО РАБОТЕ: Можно использовать как подработку(Легко совмещать с учебой или работой) Район на выбор(10 мин среднее время доставки) Заказы на доставку собраны и оплачены. Вы только доставляете. Чаевые и доплаты 100% ваши,за заказы комиссии нет! Прием ЕЖЕДНЕВНО (даже в выходные)! ДОХОД: Оплата за 4 часа - до 4.000 руб.(зависит от района и времени суток) ЖМИ ОТКЛИКНУТЬСЯ Мы пришлем информацию в ответном сообщении в течение пары минут и скоро напишем в WhatsApp Данная вакансия также подойдет, если вы искали: работа курьером, курьер, курьер с ежедневной оплатой, курьер пеший, курьер подработка, курьер выходного дня, свободный график, пешком, яндекс доставка, доставщик яндекс еда, яндекс лавка, яндекс про, яндекс маркет, сбермаркет, деливери клаб, delivery club, dostavista, достависта, курьер додо, озон, сдек, доставка суши, доставка еды, еду, доставка документов посылок, устроиться курьером, работа в районе, курьер с ежедневной оплатой, подработка с ежедневными выплатами, работа рядом с домом, без опыта, оплата каждый день. ЖМИ ОТКЛИКНУТЬСЯ!;https://hh.ru/vacancy/110951213;d3b9395b0f1b6a13fe37ab8f0e45417f
2025;Курьер праздничных заказов (из аптек, магазинов и ресторанов);Работа сегодня (ИП Холин Андрей Сергеевич);108000;138000;RUB;Полный день;Частичная занятость;Ярославская область;Ярославль;573;✨ Привет! Мы ищем именно тебя: активного и целеустремленного, готового к новым достижениям. ✨ Курьер, легких заказов - подработка без графика. СРОЧНО! Возможное как разовые поручения использовать.Обязанности: Доставка небольших посылок. (товары для дома, интернет заказы рестораны, и т.д.) Время доставок вы выбираете самостоятельно -сами. Выполнение заказов через приложение Очень много заказав Соблюдение стандартов компании Доставки по району Требования: Телефон андройд или айос желание зарабатывать Условия: Оплата заказов Ежедневно Гибкое расписание (время и количество рабочих часов выбираете самостоятельно) Регистрация на сайте Нет обязательного плана по доставке.» Нажмите ОТКЛИКНУТЬСЯ прямо сейчас и получите все подробности о работе! Также пишите в мессенджерах WhatsApp/Telegram: менеджер 24/7 готов ответить на вопросы и помочь с оформлением. Не упустите свой шанс начать уже сегодня! Также подойдет, если вы искали: «курьер, подработка с ежедневными выплатами, ежедневная оплата, свободный график, ночной курьер, вечерний курьер, доставка, лавка, документы, груз, сервис, пеший курьер, оплата каждый день, подработка, работа рядом с домом, достависта, график, свободный, пеший курьер, работа по району, официальное трудоустройство, зарплата, ЗП, оплата, доставка, разнорабочий, оператор, работа курьером, курьер, еженедельная, ежедневная, на руки курьеру, подработка, прямой работодатель, ищу работу, время, работа без опыта, оплата сразу, утреннее, дневное, вечернее , время, режим» ОБРАЩАЕМ ВНИМАНИЕ, после отклика на данную вакансию потребуется предоставление информации или выполнение иных действий на сторонних информационных ресурсах. Мста ограничены способ доставки любой. Принимаем ежедневно даже в выходные и праздничные дни. Оставляйте отклик, ставьте лайк ❤ для нас это очень важно. ЗВОНИТЕ ИЛИ ПИШИТЕ В МЕССЕНДЖЕРЫ - сразу отправим подробности ☎️ ⬇️ ЖМИТЕ ОТКЛИКНУТЬСЯ ⬇️;https://hh.ru/vacancy/115523729;c9307272e763e98f6f38571043b35cd4
2025;Архивариус;"ПУБЛИЧНОЕ АКЦИОНЕРНОЕ ОБЩЕСТВО ""ОДК-САТУРН""";23000;23000;RUB;;Полная занятость;Ярославская область;Ярославль;754;В соответствии с трудовым договором и должностной инструкцией Прием на работу по результатам собеседования. Ответственность. Образование: Среднее Режим работы односменный (до 16 лет: с 8-00 до 14-00, от 16 до 18 лет: с 8-00 до 16-00 (1 час обед)). Медицинское обслуживание, санаторно-курортное обеспечение, условия для приема пищи во время перерыва;https://trudvsem.ru/vacancy/card/1027601106169/5b5f3850-e905-11ef-8b46-d549be31d974;9efdb519feb1f6cb93eea448f3471223
2025;Контролер измерительных приборов и специального инструмента;"ПУБЛИЧНОЕ АКЦИОНЕРНОЕ ОБЩЕСТВО ""ОДК-САТУРН""";23000;23000;RUB;;Полная занятость;Ярославская область;Ярославль;1229;В соответствии с трудовым договором и должностной инструкцией Прием на работу по результатам собеседования. Ответственность. Образование: Среднее Режим работы односменный (до 16 лет: с 8-00 до 14-00, от 16 до 18 лет: с 8-00 до 16-00 (1 час обед)). Медицинское обслуживание, санаторно-курортное обеспечение, условия для приема пищи во время перерыва;https://trudvsem.ru/vacancy/card/1027601106169/c5d29590-e907-11ef-a95d-e7d0d2cf29b1;067cf77774949085ee8728e3d64112b2
2025;Подсобный рабочий;"ПУБЛИЧНОЕ АКЦИОНЕРНОЕ ОБЩЕСТВО ""ОДК-САТУРН""";23000;23000;RUB;;Полная занятость;Ярославская область;Ярославль;904;В соответствии с трудовым договором и должностной инструкцией. Прием на работу по результатам собеседования. Ответственность. Образование: Среднее Режим работы односменный (до 16 лет: с 8-00 до 14-00, от 16 до 18 лет: с 8-00 до 16-00 (1 час обед)). Медицинское обслуживание, санаторно-курортное обеспечение, условия для приема пищи во время перерыва;https://trudvsem.ru/vacancy/card/1027601106169/a0f2c748-5573-11ef-87f1-d549be31d974;3451538396f12a44a2e54aaf48073ca7
2025;Рабочий зеленого хозяйства;"ПУБЛИЧНОЕ АКЦИОНЕРНОЕ ОБЩЕСТВО ""ОДК-САТУРН""";23000;23000;RUB;;Полная занятость;Ярославская область;Ярославль;904;В соответствии с трудовым договором и должностной инструкцией Прием на работу по результатам собеседования. Ответственность. Образование: Среднее Режим работы односменный (до 16 лет: с 8-00 до 14-00, от 16 до 18 лет: с 8-00 до 16-00 (1 час обед)). Медицинское обслуживание, санаторно-курортное обеспечение, условия для приема пищи во время перерыва;https://trudvsem.ru/vacancy/card/1027601106169/462a9da8-5574-11ef-861a-cb26dff57dd7;2fe128425ac4ad24a036a67a71f1ce58
2025;Распределитель работ;"ПУБЛИЧНОЕ АКЦИОНЕРНОЕ ОБЩЕСТВО ""ОДК-САТУРН""";23000;23000;RUB;;Полная занятость;Ярославская область;Ярославль;904;В соответствии с трудовым договором и должностной инструкцией. Прием на работу по результатам собеседования. Ответственность. Образование: Среднее Режим работы односменный (до 16 лет: с 8-00 до 14-00, от 16 до 18 лет: с 8-00 до 16-00 (1 час обед)). Медицинское обслуживание, санаторно-курортное обеспечение, условия для приема пищи во время перерыва;https://trudvsem.ru/vacancy/card/1027601106169/183cd0d8-5578-11ef-861a-cb26dff57dd7;5017a5da83223c08bfefff194b9196f4
2025;Слесарь-инструментальщик;"ПУБЛИЧНОЕ АКЦИОНЕРНОЕ ОБЩЕСТВО ""ОДК-САТУРН""";23000;23000;RUB;;Полная занятость;Ярославская область;Ярославль;1079;В соответствии с трудовым договором и должностной инструкцией Прием на работу по результатам собеседования. Ответственность. Образование: Среднее Режим работы односменный (до 16 лет: с 8-00 до 14-00, от 16 до 18 лет: с 8-00 до 16-00 (1 час обед)). Медицинское обслуживание, санаторно-курортное обеспечение, условия для приема пищи во время перерыва;https://trudvsem.ru/vacancy/card/1027601106169/05c49db0-5579-11ef-9932-e7d0d2cf29b1;9be84e6eb743bb6f440ca588eea52da2
2025;Электромонтер по ремонту и обслуживанию электрооборудования;"ПУБЛИЧНОЕ АКЦИОНЕРНОЕ ОБЩЕСТВО ""ОДК-САТУРН""";23000;23000;RUB;;Полная занятость;Ярославская область;Ярославль;1361;В соответствии с трудовым договором и должностной инструкцией Прием на работу по результатам собеседования. Ответственность. Образование: Среднее Режим работы односменный (до 16 лет: с 8-00 до 14-00, от 16 до 18 лет: с 8-00 до 16-00 (1 час обед)). Медицинское обслуживание, санаторно-курортное обеспечение, условия для приема пищи во время перерыва;https://trudvsem.ru/vacancy/card/1027601106169/bdad0a68-557a-11ef-87f1-d549be31d974;7d7ef43e21d8503909213a4856738e7a
2024;Курьер / пеший курьер на легкие доставки до 2 кг;Работа сегодня (ИП Холин Андрей Сергеевич);90000;163000;RUB;Гибкий график;Частичная занятость;Ярославская область;Ярославль;573;Ищете подработку с высоким доходом? Мы рады предложить вам новые условия с гарантированным доходом, который выше, чем у других курьерских сервисов. Заинтересовались? Оставьте отклик! Мы перезвоним максимально быстро!ВНИМАНИЕ: Подходит любой телефон (Android, ios) НЕТ КОМИССИЙ С ЗАКАЗОВ МЕД КНИЖКА НЕ ТРЕБУЕТСЯ В трудовую запись не делается (выплаты по договору- ЕЖЕДНЕВНО) БЕЗ СТАЖИРОВКИ (заработок с первого дня) Сборка и оплата товара от вас не требуется ТОЛЬКО ДОСТАВКА У ВАС БУДЕТ: Полностью свободный график (подойдёт, также, студентам, или на подработку) Ежедневная оплата на карту (можно зарабатывать уже сегодня) Доставка коротких заказов от 300 метров до 1.5 Район - микрорайон на выбор где Вам удобно Новейший сервис ультра коротких заказов стабильно 2-4 ЗАКАЗА в час или гарантия оплаты в час при любых условиях! ЗАРАБОТОК:⭕ За 4 часа 2500,⭕ За 12 часов 7000, выплаты ежедневно❗️СКИДКИ на питание до 70%❗️Доставляйте как Вам удобно! ПРЕИМУЩЕСТВА: Самая высокая зарплата. Бесконечные заказы. Абсолютная свобода. Любой ваш график. ВЫПЛАТЫ ЕЖЕДНЕВНО! Также подойдет, если вы искали: «пеший курьер, подработка с ежедневными выплатами, ежедневная оплата, свободный график, вечерам, ночной пеший курьер, доставка, лавка, документы, груз, сервис, пеший курьер, оплата каждый день, официальное трудоустройство, на подработку, работа рядом с домом, достависта, по графику, прямой работодатель, свободный, , работа по району, по утрам, утром, яндекс маркет, сбермаркет, деливери клаб, delivery club, dostavista, в свободное время, по выходным, достависта, зарплата, зп, днем, пешком, после работы, оплата, доставка, работа пешим курьером, еженедельная, пеший, ежедневная, на руки пешему курьеру, подработкой, яндекс , яндекс лавка, яндекс еда, яндекс го, ищу работу, время, работа без опыта, оплата сразу, утреннее, дневное, вечернее , время, режим» ОБРАЩАЕМ ВНИМАНИЕ, после отклика на данную вакансию потребуется предоставление информации или выполнение иных действий на сторонних информационных ресурсах. Места ограничены способ доставки любой. Принимаем ежедневно даже в выходные и праздничные дни. Оставляйте отклик, ставьте лайк ❤ для нас это очень важно. ЗВОНИТЕ ИЛИ ПИШИТЕ В МЕССЕНДЖЕРЫ - сразу отправим подробности ☎️ ⬇️ ЖМИТЕ ОТКЛИКНУТЬСЯ ⬇️;https://hh.ru/vacancy/105632797;54394087a9c46fe54385537efa2009fd
2024;Сборщик заказов (Ярославль, Калинина, 31);Перекрёсток;50000;60000;RUB;Гибкий график;Частичная занятость;Ярославская область;Ярославль;1052;"Вакансия для 16+!Для начинающих специалистов без опыта работы.Наши предложения: - стабильность: официальное трудоустройство и белая зарплата- доступность: предложим удобный супермаркет для работы- комфорт: подберём подходящий график работы только с дневными сменами одна смена от 4 до 7 часов- развитие: обучение под руководством опытного наставника- забота: оплачиваемый медосмотр за счёт компании и бесплатная телемедицина;- скидки для сотрудников на готовую еду, и другие скидки у партнеров компанииНаши ожидания:- желание заботиться о клиенте - грамотная речь и коммуникабельность- уверенный пользователь мобильных приложений- активность, готовность к обучению- осуществление сбора заказов в соответствии со списком товаров в мобильном приложении- отслеживание качества собираемого товара, контроль времени сборки- передача заказа в зону ожидания курьераесли нет опыта работы, мы всему научим!";https://hh.ru/vacancy/105634694;11f7336830bb5b6e35e5982ed59cf83e
2024;Утренний/вечерний курьер на лёгкие посылки - подработка;Птицына Анастасия Андреевна;89420;139037;RUB;Гибкий график;Частичная занятость;Ярославская область;Ярославль;573;Заработай в сезон БОЛЬШЕ с высокими тарифами 14+! Требуются курьеры, у нас свободный график (можно работать у дома)! ❗️❗️МОЖНО работать НА АЙФОНЕ❗️❗️И на андроиде тоже можно. ✔️ ЕЖЕДНЕВНЫЕ ВЫПЛАТЫ ✔️ ОПЛАТА 3.500- 4.000- 6.400 за день (зависит от времени работы) ✔️ ПРИНИМАЕМ БЕЗ ОПЫТА (обучим - покажем) ❗️Оформление без записи в трудовую книжку! ПО РАБОТЕ: Можно использовать как подработку(Легко совмещать с учебой или работой) Район на выбор, можно менять каждую смену(7-10 мин среднее время доставки) Заказы на доставку собраны и оплачены. Вы только доставляете(Вес до 5 кг) Чаевые и доплаты 100% ваши,за заказы комиссии нет! Прием ЕЖЕДНЕВНО (даже в выходные)! ДОХОД: Средняя оплата за 4 часа - около 3.000 руб. Акция приведи друга - получи до 10тр ЖМИ ОТКЛИКНУТЬСЯ Мы пришлем информацию в ответном сообщении в течение пары минут и чуть позднее напишем в WhatsApp Данная вакансия также подойдет, если вы искали: работа курьером, курьер, курьер с ежедневной оплатой, курьер пеший, курьер подработка, курьер выходного дня, свободный график, пешком, яндекс доставка, доставщик яндекс еда, яндекс лавка, яндекс про, яндекс маркет, сбермаркет, деливери клаб, delivery club, dostavista, достависта, курьер додо, озон, сдек, доставка суши, доставка еды, еду, доставка документов посылок, устроиться курьером, работа в районе, курьер с ежедневной оплатой, подработка с ежедневными выплатами, работа рядом с домом, без опыта, оплата каждый день. ЖМИ ОТКЛИКНУТЬСЯ;https://hh.ru/vacancy/91860178;64ca2c59568bd3d591dda9b6fa4bf37e
2025;подсобный рабочий;"ОБЩЕСТВО С ОГРАНИЧЕННОЙ ОТВЕТСТВЕННОСТЬЮ ПРОИЗВОДСТВЕННО-КОММЕРЧЕСКАЯ ФИРМА ""СИЛУЭТ""";25000;35000;RUB;;Полная занятость;Ярославская область;Ярославль;904;сортировка продукции по асортименту укладка продукции по асортименту перемещение продукции по участкам ответственность, исполнительность;https://trudvsem.ru/vacancy/card/1037600201540/1c5a3e30-41ce-11f0-b9d8-d549be31d974;5bd7ffdcae4276c703e7af78425ef97d
2025;Подсобный рабочий;"ОБЩЕСТВО С ОГРАНИЧЕННОЙ ОТВЕТСТВЕННОСТЬЮ ""СЛАВИЧ НОЙА ТЕХНОЛОГИИ""";23000;23000;RUB;;Частичная занятость;Ярославская область;Ярославль;904;Подсобные работы в производственном цехе. Без вредных привычек.;https://trudvsem.ru/vacancy/card/1147608001210/399fe5b5-a2fd-11ee-b92b-cb26dff57dd7;423bbbf8ab4f43638d3923674112229b
2025;Сканировщик торгового зала;АШАН Ритейл Россия;0;46600;RUB;Полный день;Полная занятость;Ярославская область;Ярославль;514;"МЫ ПОВЫСИЛИ ЗАРАБОТНУЮ ПЛАТУ! Совокупный ежемесячный доход до 46600 руб., по результатам собеседования Возможен дополнительный доход +50% от оклада с учетом подработок Получайте бонусы от 15 000р. до 40 000р. за каждого трудоустроенного друга Графики работы на выбор: 5/2 по 8 часов, плавающие выходные; 2/2 по 11 часов; при желании возможно взять подработки в компании, например, 5/2 по 12 часов возможно трудоустройство по совместительству, с индивидуальным графиком, от 1 дня в неделю возможна подработка также для школьников с 14 лет, с индивидуальным графиком Чем предстоит заниматься: выкладка товара на полки, контроль ценников, контроль сроков годности​​​. Пожелания к кандидату: опыт работы не обязателен - проводим обучение. Оставляйте отклик или позвоните нам! Данная вакансия также подойдет, если вы искали: работник торгового зала, работник магазина, мерчендайзер, работник по выкладке товара, АШАН, АТАК, Азбука Вкуса, Вкусвилл, Лента, Пятерочка, Магнит, Перекресток, Билла, Карусель, Дикси, Мясницкий ряд, Верный, Глобус, Вкусно и точка, Самокат, Яндекс еда, Спар, Euro Spar, Магнолия, Красное белое, Fix Price, Мясновъ Мираторг, Ремит, Фикс Прайс, Сбермаркет, Яндекс маркет, ОКЕЙ, МЕГА, ЕвроСпар, Чижик, Леруа Мерлен, Декатлон, Спортмастер, Детский мир, Ярче, Красное и Белое, подработка, свободный график, сменный график, гибкий график, работа рядом с домом, без опыта работы, начало карьеры, начинающий специалист";https://hh.ru/vacancy/121883938;bca12a91e115c18356e60fa245c3dbbd
2023;Курьер на доставку в Рестораны (подработка);Квазар;65500;115500;RUB;Гибкий график;Частичная занятость;Ярославская область;Ярославль;573;КУРЬЕР С ЕЖЕДНЕВНЫМИ ВЫПЛАТАМИ СО СВОБОДНЫМ ГРАФИКОМ! НАЖИМАЙТЕ ОТКЛИК НА ВАКАНСИЮ - МЫ СВЯЖЕМСЯ С ВАМИ Выплаты каждый день! Нет комиссий! Гарантия заработка! Свободное расписание! Заинтересовались? Звоните! Или оставьте ваш номер в чате! Мы перезвоним максимально быстро! Легкие заказы. Только по микрорайону у дома. Набор курьеров: можно без опыта. Любая подработка от 4-ёх часов в день/неделю. Подработка на выходные дни. В том числе вечерняя подработка Подработка со свободным расписанием, в том числе и для тех, у кого уже есть основная работа. Возможна подработка с расписанием - 2 через 2. ✅ ВЫПЛАТЫ ЕЖЕДНЕВНЫЕ ✅ ОПЛАТА 3.000 - 5.500 за день (от времени работы) ✅ БЕЗ ОПЫТА (обучим - поддержка на старте) ❗️ БЕЗ ТРУДОВОЙ КНИЖКИ (можно использовать в качестве подработки) ❗️НЕТ КОМИССИИ С ЗАКАЗОВ - у нас без процентов УСЛОВИЯ РАБОТЫ: ПРИНИМАЕМ БЕЗ ОПЫТА КУРЬЕРОВ Можно использовать как подработку (Легко совмещать с работой или учебой) Район для работы выбираете сами (район можно менять каждую смену) Только доставляете - без сбора! (вес до 5 кг) Большое количество заказов ❗️ Любой график ❗️ Оформление Круглосуточно (даже в выходные) ✔️ ДОХОД: Средняя оплата за 4 часа около 1.800 руб и выше, зависит от времени работы ❗️ Оплата за полный день 3.000- 5.500 ❗️ Приглашайте друзей и получайте бонус ❗️ ❗Самые высокие ставки по городу ❗️ ЖМИТЕ ОТКЛИКНУТЬСЯ, ЗВОНИТЕ ИЛИ ПИШИТЕ В МЕССЕНДЖЕРЫ - сразу отправим подробности ☎️ Данная вакансия также подойдет, если вы искали: работа курьером, курьер, курьер с ежедневной оплатой, курьер, курьер подработка, курьер, курьер, курьер выходного дня, свободный график, яндекс доставка, курьер, доставщик яндекс еда, яндекс лавка, яндекс про, яндекс маркет, сбермаркет, деливери клаб, delivery club, dostavista, достависта, курьер додо, озон, сдек, доставка еды, курьер яндекс еда, курьер в яндекс еду, доставка пешком, яндекс еды, доставка суши, доставка еды, ночной курьер, подработка, для вечернее, работа без опыта, утреннее, дневное, время, режим, доставка документов посылок, устроиться курьером, работа в районе, курьер с ежедневной оплатой, подработка с ежедневными выплатами, работа рядом с домом, без опыта, оплата каждый день.ОБРАЩАЕМ ВНИМАНИЕ, после отклика на данную вакансию потребуется предоставление информации или выполнение иных действий на сторонних информационных ресурсах.;https://hh.ru/vacancy/76685911;1e160e4f3503dafceb9b6d7763566c1b
2023;Курьер на доставку в Рестораны (подработка);Квазар;65500;115500;RUB;Гибкий график;Частичная занятость;Ярославская область;Ярославль;573;КУРЬЕР С ЕЖЕДНЕВНЫМИ ВЫПЛАТАМИ СО СВОБОДНЫМ ГРАФИКОМ! НАЖИМАЙТЕ ОТКЛИК НА ВАКАНСИЮ - МЫ СВЯЖЕМСЯ С ВАМИ Выплаты каждый день! Нет комиссий! Гарантия заработка! Свободное расписание! Заинтересовались? Звоните! Или оставьте ваш номер в чате! Мы перезвоним максимально быстро! Легкие заказы. Только по микрорайону у дома. Набор курьеров: можно без опыта. Любая подработка от 4-ёх часов в день/неделю. Подработка на выходные дни. В том числе вечерняя подработка Подработка со свободным расписанием, в том числе и для тех, у кого уже есть основная работа. Возможна подработка с расписанием - 2 через 2. ✅ ВЫПЛАТЫ ЕЖЕДНЕВНЫЕ ✅ ОПЛАТА 3.000 - 5.500 за день (от времени работы) ✅ БЕЗ ОПЫТА (обучим - поддержка на старте) ❗️ БЕЗ ТРУДОВОЙ КНИЖКИ (можно использовать в качестве подработки) ❗️НЕТ КОМИССИИ С ЗАКАЗОВ - у нас без процентов УСЛОВИЯ РАБОТЫ: ПРИНИМАЕМ БЕЗ ОПЫТА КУРЬЕРОВ Можно использовать как подработку (Легко совмещать с работой или учебой) Район для работы выбираете сами (район можно менять каждую смену) Только доставляете - без сбора! (вес до 5 кг) Большое количество заказов ❗️ Любой график ❗️ Оформление Круглосуточно (даже в выходные) ✔️ ДОХОД: Средняя оплата за 4 часа около 1.800 руб и выше, зависит от времени работы ❗️ Оплата за полный день 3.000- 5.500 ❗️ Приглашайте друзей и получайте бонус ❗️ ❗Самые высокие ставки по городу ❗️ ЖМИТЕ ОТКЛИКНУТЬСЯ, ЗВОНИТЕ ИЛИ ПИШИТЕ В МЕССЕНДЖЕРЫ - сразу отправим подробности ☎️ Данная вакансия также подойдет, если вы искали: работа курьером, курьер, курьер с ежедневной оплатой, курьер пеший, курьер подработка, пешком, пеший курьер, курьер пеший, курьер выходного дня, свободный график, пешком, яндекс доставка, курьер, доставщик яндекс еда, яндекс лавка, яндекс про, яндекс маркет, сбермаркет, деливери клаб, delivery club, dostavista, достависта, курьер додо, озон, сдек, доставка еды, курьер яндекс еда, курьер в яндекс еду, доставка пешком, яндекс еды, доставка суши, доставка еды, ночной курьер, подработка, для вечернее, работа без опыта, утреннее, дневное, время, режим, доставка документов посылок, устроиться курьером, работа в районе, курьер с ежедневной оплатой, подработка с ежедневными выплатами, работа рядом с домом, без опыта, оплата каждый день.ОБРАЩАЕМ ВНИМАНИЕ, после отклика на данную вакансию потребуется предоставление информации или выполнение иных действий на сторонних информационных ресурсах.;https://hh.ru/vacancy/76690309;1e160e4f3503dafceb9b6d7763566c1b
2025;Курьер на склад (легкие заказы для дома 1-3кг);Работа-Подработка: Курьер, Кладовщик, Сборщик;135000;220000;RUB;Полный день;Частичная занятость;Ярославская область;Ярославль;0;Добрый день уважаемый соискатель!Нам требуется курьер с ежедневной оплатой на подработку или как на основную работу!В данный момент у нас 11 категорий доставок, а именно доставка ЦВЕТОВ, ДОКУМЕНТОВ, ЗООТОВАРОВ, АПТЕКИ, ЭЛЕКТРОНИКА и т.дОбязанности- Доставка небольших посылок (время доставок вы выбираете самостоятельно -сами)- Выполнение заказов через приложение- Очень много заказав- Доставки по районуТребования- Телефон андроид или айос- Желание зарабатыватьУсловия- Ежедневные выплаты: до 7000 руб./день.- Близко к дому: доставки в твоем районе.- Легкие заказы: вес до 2 кг.- Гибкое расписание (время и количество рабочих часов выбираете самостоятельно)- Нет обязательного плана по доставкеНажмите ОТКЛИКНУТЬСЯ прямо сейчас и получите все подробности о работе! Также пишите в мессенджерах WhatsApp/Telegram: менеджер 24/7 готов ответить на вопросы и помочь с оформлением. Не упустите свой шанс начать уже сегодня!Также подойдет, если вы искали: «курьер, подработка с ежедневными выплатами, ежедневная оплата, свободный график, ночной курьер, вечерний курьер, доставка, лавка, документы, груз, сервис, пеший курьер, оплата каждый день, подработка, работа рядом с домом, достависта, график, свободный, пеший курьер, работа по району, официальное трудоустройство, зарплата, ЗП, оплата, доставка, работа курьером, курьер, еженедельная, ежедневная, на руки курьеру, подработка, прямой работодатель, ищу работу, время, работа без опыта, оплата сразу, утреннее, дневное, вечернее , время, режим»ОБРАЩАЕМ ВНИМАНИЕ, после отклика на данную вакансию потребуется предоставление информации или выполнение иных действий на сторонних информационных ресурсах.;https://hh.ru/vacancy/124211650;fc147b3f834d0a73ad176afc62f27683
2025;Курьер в доставку Кафе (легкие заказы 2-3 кг);Работа-Подработка: Курьер, Кладовщик, Сборщик;135000;220000;RUB;Полный день;Частичная занятость;Ярославская область;Ярославль;0;Добрый день уважаемый соискатель!Нам требуется курьер с ежедневной оплатой на подработку или как на основную работу!В данный момент у нас 11 категорий доставок, а именно доставка ЦВЕТОВ, ДОКУМЕНТОВ, ЗООТОВАРОВ, АПТЕКИ, ЭЛЕКТРОНИКА и т.дОбязанности- Доставка небольших посылок (время доставок вы выбираете самостоятельно -сами)- Выполнение заказов через приложение- Очень много заказав- Доставки по районуТребования- Телефон андроид или айос- Желание зарабатыватьУсловия- Ежедневные выплаты: до 7000 руб./день.- Близко к дому: доставки в твоем районе.- Легкие заказы: вес до 2 кг.- Гибкое расписание (время и количество рабочих часов выбираете самостоятельно)- Нет обязательного плана по доставкеНажмите ОТКЛИКНУТЬСЯ прямо сейчас и получите все подробности о работе! Также пишите в мессенджерах WhatsApp/Telegram: менеджер 24/7 готов ответить на вопросы и помочь с оформлением. Не упустите свой шанс начать уже сегодня!Также подойдет, если вы искали: «курьер, подработка с ежедневными выплатами, ежедневная оплата, свободный график, ночной курьер, вечерний курьер, доставка, лавка, документы, груз, сервис, пеший курьер, оплата каждый день, подработка, работа рядом с домом, достависта, график, свободный, пеший курьер, работа по району, официальное трудоустройство, зарплата, ЗП, оплата, доставка, работа курьером, курьер, еженедельная, ежедневная, на руки курьеру, подработка, прямой работодатель, ищу работу, время, работа без опыта, оплата сразу, утреннее, дневное, вечернее , время, режим»ОБРАЩАЕМ ВНИМАНИЕ, после отклика на данную вакансию потребуется предоставление информации или выполнение иных действий на сторонних информационных ресурсах.;https://hh.ru/vacancy/124211667;73bea92cb894165a13f98274a03b4b22
2025;Курьер в доставку, легкие заказы из Кафе (1-3кг);Работа-Подработка: Курьер, Кладовщик, Сборщик;135000;220000;RUB;Полный день;Частичная занятость;Ярославская область;Ярославль;0;Добрый день уважаемый соискатель!Нам требуется курьер с ежедневной оплатой на подработку или как на основную работу!В данный момент у нас 11 категорий доставок, а именно доставка ЦВЕТОВ, ДОКУМЕНТОВ, ЗООТОВАРОВ, АПТЕКИ, ЭЛЕКТРОНИКА и т.дОбязанности- Доставка небольших посылок (время доставок вы выбираете самостоятельно -сами)- Выполнение заказов через приложение- Очень много заказав- Доставки по районуТребования- Телефон андроид или айфон- Желание зарабатыватьУсловия:- Ежедневные выплаты: до 7000 руб./день.- Близко к дому: доставки в твоем районе.- Легкие заказы: вес до 2 кг.- Гибкое расписание (время и количество рабочих часов выбираете самостоятельно)- Нет обязательного плана по доставкеНажмите ОТКЛИКНУТЬСЯ прямо сейчас и получите все подробности о работе! Также пишите в мессенджерах WhatsApp/Telegram: менеджер 24/7 готов ответить на вопросы и помочь с оформлением. Не упустите свой шанс начать уже сегодня!Наша вакансия также подойдет вам, если вы искали: работа курьером СберМаркет, работа доставка курьером, пеший курьер, работа пешим курьером, доставщик, курьер, свободный график, гибкий график, удобный график, свободный график, работа рядом с домом, без опыта, начинающий специалист, работа на выходные, в вечернее время, в дневное время, подработка, работа выходного дня, курьер ВкусВилл, курьер Деливери, курьер Яндекс, работа курьером Деливери, работа курьером Самокат, работа курьером Яндекс Лавка, работа курьером Яндекс Еда, Озон, Ozon.ОБРАЩАЕМ ВНИМАНИЕ, после отклика на данную вакансию потребуется предоставление информации или выполнение иных действий на сторонних информационных ресурсах.;https://hh.ru/vacancy/125738728;93465bf880b3ce9a7d9870fb32e23950
2025;Промоутер-консультант;Розничная сеть салонов ВСЕ ОПТИКА;20000;40000;RUB;Гибкий график;Частичная занятость;Ярославская область;Ярославль;0;Хотите быть частью нашей команды и помогать людям заботиться о своем зрении? Федеральная сеть ВСЕ Оптика приглашает на работу энергичных и коммуникабельных промоутеров для привлечения людей у салонов оптики! Обязанности: - Работать в нашей фирменной жилетке вблизи салона. - Активное привлечение людей на бесплатную проверку зрения БЕЗ ЛИСТОВОК! Требования: - Умение привлекать внимание. - Пунктуальность. - Грамотная pечь, активность, доброжелательность. - Берем разных возрастов. - Умение и желание много общаться с разными людьми. Условия: - Оплата ежедневно.- 160 рублей в час + 2 % от товарооборота. - График от 4-х часов в день (график и время работы согласовывается с руководителем). Если тебя заинтересовала наша вакансия, то отправляй отклик с резюме прямо сейчас!;https://hh.ru/vacancy/126347368;03e60e63dfb059f2d0870474425a6310
2023;Подсобный рабочий;"МУНИЦИПАЛЬНОЕ УЧРЕЖДЕНИЕ БОРИСОГЛЕБСКОГО МУНИЦИПАЛЬНОГО РАЙОНА ЯРОСЛАВСКОЙ ОБЛАСТИ ""СОЦИАЛЬНОЕ АГЕНТСТВО МОЛОДЕЖИ""";16242;0;RUB;Неполный день;Временная занятость;Ярославская область;Ярославль;904;Выполнение распоряжения и указания руководителя организации. коммуникабельность, дисциплинированность, исполнительность, ответственность;https://trudvsem.ru/vacancy/card/1027601071035/b3a3d390-1571-11ee-84ba-0d972cff014f;8f983f52fdff064357d868d2078f26df
2024;Курьер легких посылок в Кафе (заказы до 4кг);Работа сегодня (ИП Холин Андрей Сергеевич);120000;0;RUB;Гибкий график;Частичная занятость;Ярославская область;Ярославль;573;Курьер, легких заказов - подработка без графика. СРОЧНО! Возможное как разовые поручения использовать.совмещение без графика (рядом с домом)Обязанности: Доставка небольших посылок. (товары для дома, интернет заказы рестораны, и т.д.) Время доставок вы выбираете самостоятельно -сами. Выполнение заказов через приложение Очень много заказав Соблюдение стандартов компании Доставки по району Требования: Телефон андроид или айфон желание зарабатывать Условия: Оплата заказов Ежедневно Гибкое расписание (время и количество рабочих часов выбираете самостоятельно) Регистрация на сайте Нет обязательного плана по доставке.» Нажмите ОТКЛИКНУТЬСЯ прямо сейчас и получите все подробности о работе! Также пишите в мессенджерах WhatsApp/Telegram: менеджер 24/7 готов ответить на вопросы и помочь с оформлением. Не упустите свой шанс начать уже сегодня! Также подойдет, если вы искали: «курьер, подработка с ежедневными выплатами, ежедневная оплата, свободный график, ночной курьер, вечерний курьер, доставка, лавка, документы, груз, сервис, пеший курьер, оплата каждый день, подработка, работа рядом с домом, достависта, график, промоутер, свободный, пеший курьер, работа по району, официальное трудоустройство, комплектовщик, упаковщик, зарплата, ЗП, оплата, доставка, разнорабочий, оператор, работа курьером, курьер, еженедельная, ежедневная, на руки курьеру, подработка, прямой работодатель, ищу работу, время, работа без опыта, оплата сразу, утреннее, дневное, вечернее , время, режим»ОБРАЩАЕМ ВНИМАНИЕ, после отклика на данную вакансию потребуется предоставление информации или выполнение иных действий на сторонних информационных ресурсах.;https://hh.ru/vacancy/107122013;e9b0b864c147ae314ec1ef709ca43c17
2024;Курьер (700-1000р/час, свободный график и ежедневная оплата);Хубулов Георгий;150000;160000;RUB;Гибкий график;Частичная занятость;Ярославская область;Ярославль;573;Требуется курьер на доставку товаров или готовой еды из кафе (НА ВАШ ВЫБОР). Необходимо доставлять готовые заказы до клиента. ✅Ежедневные выплаты 700-1000р/час + все чаевые ВАШИ ✅Гарантированный доход даже при отсутствии заказов! ✅ Оформления по договору ГПХ или самозанятости (на ВАШ выбор) ✅Можно выбрать любой удобный район рядом с домом и доставлять только по нему (небольшое расстояние до 2км, вес до 2кг)! ✅ График полностью СВОБОДНЫЙ (хоть час в день, хоть час в неделю!) Условия: - Выйти на работу можно уже сегодня! Для ускорения нашей с Вами связи большая просьба сразу писать на Ватсап, отклики не рассматриваются. Пишите в любое время дня и ночи, мы всегда на связи! Данная вакансия также подойдет, если вы искали: работа с ежедневной оплатой, по свободному графику, свободный график, подрабатывание, вторичная занятость,утреннее, дневное, вечернее, время, режим, доставка еды, еду, яндекс еда, яндекс.еда, доставщик, еженедельная, сервис, подработка с ежедневными выплатами, без трудовой, без записи в трудовую книжку, ежедневная, яндекс лавка, сбермаркет, заказов для интернет магазина, деливери клаб, delivery club, dostavista, достависта, додо, озон, ozon, сдэк, прямой работодатель, устроиться, работа в районе, без опыта, оплата каждый день,доставка продуктов и питания,доставщик, сбер доставка, устроиться в доставку, подключение в доставку;https://hh.ru/vacancy/107787653;7a44abc8c3a5d5ec9835d4cca54aa998
2024;Почтальон (промоутер);Фотоарт;10000;30000;RUB;Гибкий график;Полная занятость;Ярославская область;Ярославль;957;Ищем ответственных сотрудников, для разноса почтовой рекламы до адресатов в почтовые ящикиНабираем с опытом и без опыта работы от 14 лет (с разрешением от родителей в письменном виде, образец в интернете)Подработка для всех желающихРайон работы подбирается индивидуально, ключи выдаем после нескольких качественных маршрутовоплата 60 коп за почтовый ящик в зависимости от количества домов на маршруте, один маршрут примерно 1000кв, брать можно любое количествоФотоотчет не нужен для вашей экономии времени, но проверяем сами лично на следующий деньОплата сразу после проверкиРаботать нужно минимум 2 дня в неделюОстальные вопросы можете уточнить на собеседовании и сразу же приступить к работеРаботать можно в любое время, но работу заканчиваем в тот же день;https://hh.ru/vacancy/93660538;a039fef0f1023a7a1aac2706ba950f20
2024;Курьер-пеший;Птицына Анастасия Андреевна;158400;197500;RUB;Гибкий график;Частичная занятость;Ярославская область;Рыбинск;0;Заработай в сезон БОЛЬШЕ с высокими тарифами 16+ ! Требуются курьеры, у нас свободный график (можно работать у дома)! ❗️❗️МОЖНО работать НА АЙФОНЕ❗️❗️И на андроиде тоже можно. ✔️ СВОБОДНЫЙ ГРАФИК ✔️ ОПЛАТА 3.500- 4.000- 5.600 за день. Зависит от времени работы. ✔️ ПРИНИМАЕМ БЕЗ ОПЫТА. Обучим - покажем. ❗️Оформление без записи в трудовую книжку! ПО РАБОТЕ: Можно использовать как подработку(Легко совмещать с учебой или работой) Район на выбор(10 мин среднее время доставки) Заказы на доставку собраны и оплачены. Вы только доставляете. Чаевые и доплаты 100% ваши,за заказы комиссии нет! Прием ЕЖЕДНЕВНО (даже в выходные)! ДОХОД: Оплата за 4 часа - до 4.000 руб.(зависит от района и времени суток) ЖМИ ОТКЛИКНУТЬСЯ Мы пришлем информацию в ответном сообщении в течение пары минут и скоро напишем в WhatsApp Данная вакансия также подойдет, если вы искали: работа курьером, курьер, курьер с ежедневной оплатой, курьер пеший, курьер подработка, курьер выходного дня, свободный график, пешком, яндекс доставка, доставщик яндекс еда, яндекс лавка, яндекс про, яндекс маркет, сбермаркет, деливери клаб, delivery club, dostavista, достависта, курьер додо, озон, сдек, доставка суши, доставка еды, еду, доставка документов посылок, устроиться курьером, работа в районе, курьер с ежедневной оплатой, подработка с ежедневными выплатами, работа рядом с домом, без опыта, оплата каждый день. ЖМИ ОТКЛИКНУТЬСЯ!;https://hh.ru/vacancy/112859351;f1e9b366d555c67ab6a07aaf398203bf
2025;Разнарабочий (вакансия для несовершеннолетних);"ОБЩЕСТВО С ОГРАНИЧЕННОЙ ОТВЕТСТВЕННОСТЬЮ ""УК РЕМКОС""";23000;23500;RUB;;Частичная занятость;Ярославская область;Ярославль;904;Выполнение подсобных и вспомогательных работ. Заработная плата в зависимости от отработанного времени. Ответственность, доброжелательность, добросовестность, коммуникабельность. Вакансия по Квоте для несовершеннолетних.;https://trudvsem.ru/vacancy/card/1157627011167/3b70afe0-ffe1-11ef-bf6f-d549be31d974;262994f3fe15bc99484ccb78a80d01dd
2025;Подсобный рабочий;"АКЦИОНЕРНОЕ ОБЩЕСТВО ""ЯРОСЛАВСКИЙ ТЕХНИЧЕСКИЙ УГЛЕРОД ИМЕНИ В.Ю.ОРЛОВА""";24584;24584;RUB;;Частичная занятость;Ярославская область;Ярославль;904;В должностные обязанности входит выполнение работ по содержанию территории. Без предъявления требований к образованию, навыкам и опыту работы. з/п 7375 руб. (0,3 ставки) Продолжительность рабочего времени по законодательству согласно возраста несовершеннолетнего. З/пл 7071 руб. (0,3 тарифной ставки).;https://trudvsem.ru/vacancy/card/1027600791899/204fbb28-1a99-11f0-95b4-cb26dff57dd7;7783f37dd2b22f31aec98bdede9bce58
2025;Помощник менеджера по продажам;"ОБЩЕСТВО С ОГРАНИЧЕННОЙ ОТВЕТСТВЕННОСТЬЮ ""БИГАМ-ИНВЕСТ""";25000;25000;RUB;;Частичная занятость;Ярославская область;Ярославль;941;Выкладка товара в торговом зале по стандартам компании Обновление ценников Сборка и выдача интернет-заказов (инструмент и техника) Ответственность Внимательность;https://trudvsem.ru/vacancy/card/1127604010555/94071990-2b1b-11f0-9f7d-d549be31d974;9f02db4c47a53366d3f3af68992a83a6
2024;Курьер;Птицына Анастасия Андреевна;69420;139037;RUB;Сменный график;Частичная занятость;Ярославская область;Ярославль;573;Заработай в сезон БОЛЬШЕ с высокими тарифами 16+ ! Требуются курьеры, у нас свободный график (можно работать у дома)! ❗️❗️МОЖНО работать НА АЙФОНЕ❗️❗️И на андроиде тоже можно. ✔️ СВОБОДНЫЙ ГРАФИК ✔️ ОПЛАТА 3.500- 4.000- 5.600 за день. Зависит от времени работы. ✔️ ПРИНИМАЕМ БЕЗ ОПЫТА. Обучим - покажем. ❗️Оформление без записи в трудовую книжку! ПО РАБОТЕ: Можно использовать как подработку(Легко совмещать с учебой или работой) Район на выбор(10 мин среднее время доставки) Заказы на доставку собраны и оплачены. Вы только доставляете. Чаевые и доплаты 100% ваши,за заказы комиссии нет! Прием ЕЖЕДНЕВНО (даже в выходные)! ДОХОД: Оплата за 4 часа - до 4.000 руб.(зависит от района и времени суток) ЖМИ ОТКЛИКНУТЬСЯ Мы пришлем информацию в ответном сообщении в течение пары минут и скоро напишем в WhatsApp Данная вакансия также подойдет, если вы искали: работа курьером, курьер, курьер с ежедневной оплатой, курьер пеший, курьер подработка, курьер выходного дня, свободный график, пешком, яндекс доставка, доставщик яндекс еда, яндекс лавка, яндекс про, яндекс маркет, сбермаркет, деливери клаб, delivery club, dostavista, достависта, курьер додо, озон, сдек, доставка суши, доставка еды, еду, доставка документов посылок, устроиться курьером, работа в районе, курьер с ежедневной оплатой, подработка с ежедневными выплатами, работа рядом с домом, без опыта, оплата каждый день. ЖМИ ОТКЛИКНУТЬСЯ!;https://hh.ru/vacancy/107123290;08b19fd6c02de3b78657def5793d5fd4
2023;Курьер, Легкие заказы (на подработку);Центр обучения курьеров;45000;130000;RUB;Гибкий график;Частичная занятость;Ярославская область;Ярославль;573;Курьер легких заказов (У дома на подработку) Только по микрорайону у дома (заказы собраны, и оплачены) ✔️ ЕЖЕДНЕВНЫЕ ВЫПЛАТЫ ✔️ ТЕЛЕФОН НА БАЗЕ АНДРОИД ✔️ ВЫПЛАТЫ 3.000- 5.500 за день (от времени работы) ✔️ ПРИНИМАЕМ БЕЗ ОПЫТА (обучим и поможем) ❗️НЕТ КОМИССИИ С ЗАКАЗОВ - у нас без процентов УСЛОВИЯ РАБОТЫ: Можно использовать как подработку ( Легко совмещать с учебой или работой ) Заказы на доставку собраны и оплачены. Вы только доставляете! Район на выбор, можно менять каждую смену (7-10 мин среднее время доставки ) Чаевые и доплаты 100% ваши, за заказы комиссии нет! Прием ЕЖЕДНЕВНО (и в выходные)! ЗАРАБОТОК: Средняя оплата за 4 часа около 1.800 руб. и выше зависит от скорости работы Условия выплат: Ежедневно на карту до 450 рублей в час + надбавки и бонусы ‼️ Во время повышенного спроса до 550рублей в час ‼️ ЖМИ ОТКЛИКНУТЬСЯ! Также подойдет, если вы искали: документы, работа курьером, курьер, курьер с ежедневной оплатой, курьер пеший, курьер подработка, курьер выходного дня, день, вечер, утро, в ночь, вечером, свободный график, пешком, яндекс доставка, доставщик , лавка, яндекс про, яндекс маркет, сбермаркет, деливери клаб, delivery club, dostavista, достависта, курьер додо, озон, сдек, доставка суши, доставка еды, еду, доставка документов посылок, устроиться курьером, работа в районе, курьер с ежедневной оплатой, подработка с ежедневными выплатами, работа рядом с домом, без опыта, оплата каждый день;https://hh.ru/vacancy/76706813;2cd0a92ba0b9e5eb5035e6f5449cce1f
2024;Подсобный рабочий;"ПЕРВОМАЙСКИЙ ФИЛИАЛ АКЦИОНЕРНОГО ОБЩЕСТВА ""ЯРДОРМОСТ""";19400;19400;RUB;Неполный день;Полная занятость;Ярославская область;Ярославль;904;Выполнение подсобных и вспомогательных работ на территории производственной базы филиала, в помещениях РММ, объектах строительства, ремонта и содержания автодорог. Трудолюбие, коммуникабельность, дисциплинированность Полный социальный пакет, материальная поддержка при определенных жизненных ситуациях;https://trudvsem.ru/vacancy/card/d0a657f0-646d-11ef-bb40-e7d0d2cf29b1/e4dae628-6ac4-11ef-a2fa-cb26dff57dd7;cb4b2439a31378cc996e371a3fffa70b
2025;Подсобный рабочий;"ОБЩЕСТВО С ОГРАНИЧЕННОЙ ОТВЕТСТВЕННОСТЬЮ ""НОВАЯ ЖИЗНЬ""";23000;25000;RUB;Полный день;Полная занятость;Ярославская область;Ярославль;904;Должностные обязанности согласно должностной инструкции в организации. Для несовершеннолетних. Отсутствие противопоказаний для работы по состоянию здоровья. Социальный пакет Наличие общежития не более 3,5 час в день;https://trudvsem.ru/vacancy/card/1147609001055/6e423088-d974-11ef-a3fa-cb26dff57dd7;ec9d45940e4c2233e2ae7765e07f9a03
2024;Курьер на подработку с ежедневными выплатами;Птицына Анастасия Андреевна;81420;139037;RUB;Сменный график;Частичная занятость;Ярославская область;Тутаев;573;Заработай в сезон БОЛЬШЕ с высокими тарифами 16+ ! Требуются курьеры, у нас свободный график (можно работать у дома)!Можно работать пешком или на любом своем транспорте. ❗️❗️МОЖНО работать НА АЙФОНЕ❗️❗️И на андроиде тоже можно. ✔️ СВОБОДНЫЙ ГРАФИК ✔️ ОПЛАТА 3.500- 4.000- 5.600 за день. Зависит от времени работы. ✔️ ПРИНИМАЕМ БЕЗ ОПЫТА. Обучим - покажем. ❗️Оформление без записи в трудовую книжку! ПО РАБОТЕ: Можно использовать как подработку(Легко совмещать с учебой или работой) Район на выбор(10 мин среднее время доставки) Заказы на доставку собраны и оплачены. Вы только доставляете. Чаевые и доплаты 100% ваши,за заказы комиссии нет! Прием ЕЖЕДНЕВНО (даже в выходные)! ДОХОД: Оплата за 4 часа - до 4.000 руб.(зависит от района и времени суток) ЖМИ ОТКЛИКНУТЬСЯ Мы пришлем информацию в ответном сообщении в течение пары минут и скоро напишем в WhatsApp Данная вакансия также подойдет, если вы искали: работа курьером, курьер, курьер с ежедневной оплатой, курьер пеший, курьер подработка, курьер выходного дня, свободный график, пешком, яндекс доставка, доставщик яндекс еда, яндекс лавка, яндекс про, яндекс маркет, сбермаркет, деливери клаб, delivery club, dostavista, достависта, курьер додо, озон, сдек, доставка суши, доставка еды, еду, доставка документов посылок, устроиться курьером, работа в районе, курьер с ежедневной оплатой, подработка с ежедневными выплатами, работа рядом с домом, без опыта, оплата каждый день. ЖМИ ОТКЛИКНУТЬСЯ!;https://hh.ru/vacancy/107795508;9c582d5e60e48036ba443eeda045b423
2024;Менеджер по работе с клиентами;Ростелеком;0;50000;RUB;Гибкий график;Частичная занятость;Ярославская область;Ярославль;714;"Ростелеком ищет в свою команду массового сегмента (B2C) амбициозного специалиста по продажам, который будет расти вместе с нами. Нам важно найти единомышленника, готового быстро обучаться и легко находящего подход к клиентам. Прекрасный старт в начале карьеры! Чем предстоит заниматься: Активные продажи услуг Ростелекома: работать как уже с действующим клиентами, так и осуществлять поиск новых; Помогать клиентам и консультировать их в выборе наиболее подходящих и выгодных тарифов: например, интернет, умная колонка «Маруся», интерактивное ТВ, умный дом, видеонаблюдение, оборудование, мобильная связь. Формировать заявки на подключение услуг, а также вести отчетность. Что мы от вас ожидаем: Рассмотрим кандидатов без опыта работы, мы всему научим; Развитые навыки коммуникации, грамотная и четкая речь; Активная жизненная позиция, нацеленность на результат; Что мы предлагаем: Средний уровень дохода от 20 000₽ в месяц и выше, ежемесячные премии по результатам работы. Все в твоих руках! Гибкий график на выбор: 5/2 или 2/2; Можно совмещать с основной работой или учебой: занятость в день от 4 часов. Оформление по договору ГПХ; Наставники обучат техникам продаж и коммуникациям с клиентами, также для профессионального и личного развития предоставляется доступ к корпоративному онлайн-университету и электронным библиотекам Поддержка опытных коллег;";https://hh.ru/vacancy/104974795;638595ca4f42508666e0d659b48c9a4a
2023;Курьер в доставку легких заказов (на подработку);Центр обучения курьеров;75000;135000;RUB;Гибкий график;Частичная занятость;Ярославская область;Ярославль;573;КУРЬЕР С ЕЖЕДНЕВНЫМИ ВЫПЛАТАМИ СО СВОБОДНЫМ ГРАФИКОМ! Условия:✅ Доставляйте на чем угодно! ✅ Ежедневные выплаты, много заказов! ✅ Можно выбрать любой район города. ✅ Доставляйте, когда есть возможность! (Легко совмещать с учебой или работой). Начните работать уже СЕГОДНЯ! Обязанности и требования: ✅ Доставка заказов (заказы уже собраны и оплачены). ✅ Работа с приложением, нужно наличие смартфона на Андроид. ✅ Можно без опыта. Наши преимущества: ✅ Комиссия сервиса 0%! ✅ Гарантия дохода. Даже при отсутствии заказов! ✅ Удобный район! ✅ Ежедневные выплаты! ЖМИ ОТКЛИКНУТЬСЯ ИЛИ ЗВОНИ ПО ТЕЛЕФОНУМы свяжемся в течение 5 минут (напишем в WhatsApp или позвоним ☎️ ) Данная вакансия также подойдет, если вы искали: работа курьером, курьер, курьер с ежедневной оплатой, курьер пеший, курьер подработка, курьер выходного дня, свободный график, пешком, яндекс доставка, доставщик яндекс еда, яндекс лавка, яндекс про, яндекс маркет, сбермаркет, деливери клаб, delivery club, dostavista, достависта, курьер додо, озон, сдек, доставка суши, доставка еды, еду, доставка документов посылок, устроиться курьером, работа в районе, курьер с ежедневной оплатой, подработка с ежедневными выплатами, работа рядом с домом, без опыта, оплата каждый день;https://hh.ru/vacancy/78445181;fdfd503339484736803efcb4afc9042b
2024;Подсобный рабочий;"ОБЩЕСТВО С ОГРАНИЧЕННОЙ ОТВЕТСТВЕННОСТЬЮ ""ПРЕЧИСТЕНСКИЙ МОЛОЧНЫЙ ПРОДУКТ""";19300;19300;RUB;Неполный день;Частичная занятость;Ярославская область;Ярославль;904;Содержит в чистоте подсобные помещения, места хранения товарно-материальных ценностей.Получает задания и выполняет распоряжения непосредственного начальника.Подготавливает собственное рабочее место.Получает инвентарь, выполняет с ним работы. Хорошая физическая подготовка.;https://trudvsem.ru/vacancy/card/1077611000884/845f7f10-0b68-11ef-9dba-d549be31d974;68571dd047bd36ca8aa46ac23c0cd0de
2025;Курьер праздничных заказов (из аптек, магазинов и ресторанов);Работа сегодня (ИП Холин Андрей Сергеевич);90000;163000;RUB;Полный день;Частичная занятость;Ярославская область;Ярославль;573;✨ Привет! Мы ищем именно тебя: активных и целеустремленных, готовых к новым достижениям. ✨ Присоединяйся к нашей команде и начинай зарабатывать уже сегодня! ⚡️ Почему это круто: 1️⃣ Заработок до 7000 руб./день — чем активнее ты, тем больше заработок. 2️⃣ Гибкий график — работай, когда тебе удобно: утро, день, вечер. 3️⃣ Работа рядом с домом — забудь о долгих поездках. 4️⃣ Ежедневные выплаты — деньги сразу на карту. ⚡️ Твои задачи: Доставка легких заказов и товаров для дома. Вежливое и дружелюбное общение с клиентами. Обеспечение быстрой и качественной доставки. ⚡️ Что требуется: Смартфон с доступом в интернет. Ответственность и пунктуальность. ⚡️ Наши условия: Гибкий график: работа от 1 до 12 часов в день, 2-3 раза в неделю или полная занятость. Повышенные тарифы: дополнительные премии за работу в пиковые периоды. Финансовые бонусы: за качественное выполнение работы и активность. ⭐ Как присоединиться: Нажми ОТКЛИКНУТЬСЯ и начни работать уже сегодня! Если есть вопросы, пиши нам в WhatsApp — мы всегда на связи, чтобы помочь. ОБРАЩАЕМ ВНИМАНИЕ, после отклика на данную вакансию потребуется предоставление информации или выполнение иных действий на сторонних информационных ресурсах. Не упусти возможность заработать этим летом! Мест ограничено, действуй быстро! Наша вакансия также подойдет вам, если вы искали: работа курьером СберМаркет, работа доставка курьером, пеший курьер, работа пешим курьером, доставщик, курьер, свободный график, гибкий график, удобный график, свободный график, работа рядом с домом, без опыта, начинающий специалист, работа на выходные, в вечернее время, в дневное время, подработка, работа выходного дня, курьер ВкусВилл, курьер Деливери, курьер Яндекс, работа курьером Деливери, работа курьером Самокат, работа курьером Яндекс Лавка, работа курьером Яндекс Еда, Озон, Ozon.;https://hh.ru/vacancy/115767611;a78e2560ff41f2cbe30e1ace79e2add4
2023;Курьер ЛЕГКИХ ЗАКАЗОВ, посылки 2-4кг, ЗА СМЕНУ 3-5к, (ПОДРАБОТКА, ОПЛАТА КАЖДЫЙ ДЕНЬ) (Сбер);Работа сегодня (ИП Холин Андрей Сергеевич);75000;145200;RUB;Гибкий график;Частичная занятость;Ярославская область;Ярославль;573;"Курьер ЛЕГКИХ ЗАКАЗОВ, рядом с домом, посылки 2-4кг, ЗА СМЕНУ 3-5к, (ПОДРАБОТКА, ОПЛАТА КАЖДЫЙ ДЕНЬ)​​​​​​​Работа или подработка в свободное время курьером в доставку❗️Приветственный бонус 10.000р за первые доставки❗️ Доставка в своём районе до 3 кг товаров со свободным графиком и ежедневными выплатами. Доставляй утром днем или даже вечером! 5 Причин откликнуться на вакансию: НАЖИМАЕМ ОТКЛИК НА ВАКАНСИЮ - МЫ СРАЗУ ВАМ ПОЗВОНИМ !1️⃣ - Это нoвейший сервис кoротких заказов от 300 метров до 1,5 км.2️⃣ - Небольшой вес до 2-3 кг . Вы сами oпределяете количество доставок !3️⃣ - Любoй райoн. Болee 150 складов в городе. Вы сами выбираете склад рядом!4️⃣ - Стабильная ежедневная зарплата. (270, 350₽ до 550₽ в час) до 6000р в день.5️⃣ - Абсолютно реальный свободный график. Можно работать даже 1 час. ⭕Главные преимущества: Стабильно высокая зарплата. Гарантированный поток заказов. Полностью свободный график. Возможность выбора склада рядом с домом, и менять по своему желанию. - Всё бесплатно, вложений не требуется: Склад это ещё и зона отдыха: чай, кофе WC .- Особенности работы: Форма одежды любая. Штрафов нет. Мед книжка не нужна.- Условия выплат: Ежедневно платим гарантированного за часы, за заказы, прибавляем бонусы, надбавки, чаевые.ИТОГО 2700, 3500 до 6000 в день.- Бесплатный проезд. связь. Вы устраиваетесь через центральный офис напрямую без посредников и без комиссии. НАЖИМАЕМ ОТКЛИК НА ВАКАНСИЮ - МЫ СВЯЖЕМСЯ СРАЗУ в WHATS&#39;APP, ОБЯЗАТЕЛЬНО ОТКЛИКАЙТЕСЬ И СТАВЬТЕ ЛАЙК, УВЕРЕНЫ ВАМ ПОНРАВИТСЯ (Количество мест ограничено) Также подойдет, если вы искали: «курьер, подработка с ежедневными выплатами, ежедневная оплата, свободный график, ночной курьер, легкие, доставка, лавка, документы, груз, сервис, оплата каждый день, подработка , работа рядом с домом, достависта, график, после смены, у дома, свободный, работа по району, официальное трудоустройство, зарплата, ЗП, оплата, доставка, работа курьером, курьер, еженедельная, ежедневная, на руки курьеру, подработка, прямой работодатель, ищу работу, время, работа без опыта, оплата сразу, утреннее, дневное, вечернее, время, режим»";https://hh.ru/vacancy/90537941;685a15b8c955a433a45643ee3881c0fd
2023;Курьер ЛЕГКИХ ЗАКАЗОВ, посылки 2-4кг, ЗА СМЕНУ 3-5к, (ПОДРАБОТКА, ОПЛАТА КАЖДЫЙ ДЕНЬ) (Сбер);Работа сегодня (ИП Холин Андрей Сергеевич);75000;145200;RUB;Гибкий график;Частичная занятость;Ярославская область;Ярославль;573;"Курьер ЛЕГКИХ ЗАКАЗОВ, рядом с домом, посылки 2-4кг, ЗА СМЕНУ 3-5к, (ПОДРАБОТКА, ОПЛАТА КАЖДЫЙ ДЕНЬ)​​​​​​​Работа или подработка в свободное время курьером в доставку❗️Приветственный бонус 10.000р за первые доставки❗️ Доставка в своём районе до 3 кг товаров со свободным графиком и ежедневными выплатами. Доставляй утром днем или даже вечером! 5 Причин откликнуться на вакансию: НАЖИМАЕМ ОТКЛИК НА ВАКАНСИЮ - МЫ СРАЗУ ВАМ ПОЗВОНИМ !1️⃣ - Это нoвейший сервис кoротких заказов от 300 метров до 1,5 км.2️⃣ - Небольшой вес до 2-3 кг . Вы сами oпределяете количество доставок !3️⃣ - Любoй райoн. Болee 150 складов в городе. Вы сами выбираете склад рядом!4️⃣ - Стабильная ежедневная зарплата. (270, 350₽ до 550₽ в час) до 6000р в день.5️⃣ - Абсолютно реальный свободный график. Можно работать даже 1 час. ⭕Главные преимущества: Стабильно высокая зарплата. Гарантированный поток заказов. Полностью свободный график. Возможность выбора склада рядом с домом, и менять по своему желанию. - Всё бесплатно, вложений не требуется: Склад это ещё и зона отдыха: чай, кофе WC .- Особенности работы: Форма одежды любая. Штрафов нет. Мед книжка не нужна.- Условия выплат: Ежедневно платим гарантированного за часы, за заказы, прибавляем бонусы, надбавки, чаевые.ИТОГО 2700, 3500 до 6000 в день.- Бесплатный проезд. связь. Вы устраиваетесь через центральный офис напрямую без посредников и без комиссии. НАЖИМАЕМ ОТКЛИК НА ВАКАНСИЮ - МЫ СВЯЖЕМСЯ СРАЗУ в WHATS&#39;APP, ОБЯЗАТЕЛЬНО ОТКЛИКАЙТЕСЬ И СТАВЬТЕ ЛАЙК, УВЕРЕНЫ ВАМ ПОНРАВИТСЯ (Количество мест ограничено) Также подойдет, если вы искали: «курьер, подработка с ежедневными выплатами, ежедневная оплата, свободный график, ночной курьер, легкис, доставка, лавка, документы, груз, сервис, оплата каждый день, подработка , работа рядом с домом, достависта, график, после смены, у дома, свободный, работа по району, официальное трудоустройство, зарплата, ЗП, оплата, доставка, работа курьером, курьер, еженедельная, ежедневная, на руки курьеру, подработка, прямой работодатель, ищу работу, время, работа без опыта, оплата сразу, утреннее, дневное, вечернее, время, режим»";https://hh.ru/vacancy/90538485;685a15b8c955a433a45643ee3881c0fd
2024;Разнорабочий;"ОБЩЕСТВО С ОГРАНИЧЕННОЙ ОТВЕТСТВЕННОСТЬЮ ""ЯРОСЛАВСКИЙ КАРТОФЕЛЬ""";17000;0;RUB;Неполный день;Частичная занятость;Ярославская область;Ярославль;904;Содержит в чистоте подсобные помещения, места хранения товарно-материальных ценностей. без требований возможно доставка транспортом предприятия;https://trudvsem.ru/vacancy/card/1157627010265/87a4b2e5-013f-11ef-8b1d-e7d0d2cf29b1;7b4b3dd1c500b61dc2b80cb81478ebe1
2025;Подсобный рабочий (для несовершеннолетних граждан);"БРЕЙТОВСКИЙ ФИЛИАЛ АКЦИОНЕРНОГО ОБЩЕСТВА ""ЯРДОРМОСТ""";23000;23000;RUB;;Полная занятость;Ярославская область;Ярославль;0;Содержание в чистоте территории производственной базы. Уборка от мусора и листьев. В летний период - окос травы, уборка автостоянок на территории объекта, покрасочные работы наружных и внутренних помещений. В зимний период - уборка территории от снега и льда, включая въезд на территорию базы. Дисциплинированность, выносливость, ответственный подход к должностным инструкциям.;https://trudvsem.ru/vacancy/card/6e964f40-8707-11ef-9fe0-d549be31d974/291627c8-8967-11f0-b5da-bdc82d0d5dcd;73a3ab71ff324c0f9077bd3545d3126e
2023;Курьер подработка от 1 часа, легкие интернет заказы, свободный график, рядом с домом (16+);Сириус;0;102500;RUB;Гибкий график;Частичная занятость;Ярославская область;Ярославль;573;Oткpытa вaкансия куpьера нa подработку или пoлный дeнь Свoбoдный гpaфик oт 1 часа в дeнь, ежeнeдeльныe выплаты, возможен выxод на рaбoту в день oбращения, можно работать через iOS (айфон) и Android (андроид) Пpеимущeства стaть курьеpoм: Mнoго зaкaзов Можно cтaвить смены на утро, день или вeчep Pабота пo cвoему paйoну Mожно без опыта Доход за смену до 5500 рублей Без комиссии по заказам Можно работать на чем угодно, любой способ доставки Обязанности курьера интернет заказов: Доставлять легкие собранные заказы из супермаркетов и гипермаркетов, ресторанов (суши, роллы, пицца) в своем районе Оставляй отклик, чтобы стать курьером онлайн заказов!Также подойдет, если искали: курьер, подработка, ежедневные выплаты,пеший курьер, оплата сразу, свободный график, вечерний курьер, дневной курьер, маркет, пункт выдачи заказов, посылки, сборщик, ночной курьер, доставка, комплектовщик, удаленная работа, сервис, оплата каждый день, подработка, работа рядом с домом, промоутер, стать курьером, подработка курьером, подработка в свободное время, грузчик, оператор, работа комплектовщиком, работа промоутером, работа с ежедневными выплатами, свободный график, официальное трудоустройство, зарплата, оплата, доставка, работа без опыта, утреннее, дневное, вечернее время, режим.;https://hh.ru/vacancy/90540710;2aa0e53eb6f26189e6643b44d04ce712
2024;Курьер;Птицына Анастасия Андреевна;69420;139037;RUB;Сменный график;Частичная занятость;Ярославская область;Тутаев;573;Заработай в сезон БОЛЬШЕ с высокими тарифами 16+ ! Требуются курьеры, у нас свободный график (можно работать у дома)! ❗️❗️МОЖНО работать НА АЙФОНЕ❗️❗️И на андроиде тоже можно. ✔️ СВОБОДНЫЙ ГРАФИК ✔️ ОПЛАТА 3.500- 4.000- 5.600 за день. Зависит от времени работы. ✔️ ПРИНИМАЕМ БЕЗ ОПЫТА. Обучим - покажем. ❗️Оформление без записи в трудовую книжку! ПО РАБОТЕ: Можно использовать как подработку(Легко совмещать с учебой или работой) Район на выбор(10 мин среднее время доставки) Заказы на доставку собраны и оплачены. Вы только доставляете. Чаевые и доплаты 100% ваши,за заказы комиссии нет! Прием ЕЖЕДНЕВНО (даже в выходные)! ДОХОД: Оплата за 4 часа - до 4.000 руб.(зависит от района и времени суток) ЖМИ ОТКЛИКНУТЬСЯ Мы пришлем информацию в ответном сообщении в течение пары минут и скоро напишем в WhatsApp Данная вакансия также подойдет, если вы искали: работа курьером, курьер, курьер с ежедневной оплатой, курьер пеший, курьер подработка, курьер выходного дня, свободный график, пешком, яндекс доставка, доставщик яндекс еда, яндекс лавка, яндекс про, яндекс маркет, сбермаркет, деливери клаб, delivery club, dostavista, достависта, курьер додо, озон, сдек, доставка суши, доставка еды, еду, доставка документов посылок, устроиться курьером, работа в районе, курьер с ежедневной оплатой, подработка с ежедневными выплатами, работа рядом с домом, без опыта, оплата каждый день. ЖМИ ОТКЛИКНУТЬСЯ!;https://hh.ru/vacancy/107144405;08b19fd6c02de3b78657def5793d5fd4
2025;Курьер в доставку Кафе;Работа-Подработка: Курьер, Кладовщик, Сборщик;115879;235467;RUB;Полный день;Частичная занятость;Ярославская область;Ярославль;0;Добрый день уважаемый соискатель!Нам требуется курьер с ежедневной оплатой на подработку или как на основную работу!В данный момент у нас 11 категорий доставок, а именно доставка ЦВЕТОВ, ДОКУМЕНТОВ, ЗООТОВАРОВ, АПТЕКИ, ЭЛЕКТРОНИКА и т.дОбязанности- Доставка небольших посылок (время доставок вы выбираете самостоятельно -сами)- Выполнение заказов через приложение- Очень много заказав- Доставки по районуТребования- Телефон андроид или айфон- Желание зарабатыватьУсловия:- Ежедневные выплаты: до 7000 руб./день.- Близко к дому: доставки в твоем районе.- Легкие заказы: вес до 2 кг.- Гибкое расписание (время и количество рабочих часов выбираете самостоятельно)- Нет обязательного плана по доставкеНажмите ОТКЛИКНУТЬСЯ прямо сейчас и получите все подробности о работе! менеджер 24/7 готов ответить на вопросы и помочь с оформлением. Не упустите свой шанс начать уже сегодня!Также подойдет, если вы искали: «курьер, подработка с ежедневными выплатами, ежедневная оплата, свободный график, ночной курьер, вечерний курьер, доставка, лавка, документы, груз, сервис, пеший курьер, оплата каждый день, подработка, работа рядом с домом, достависта, график, свободный, пеший курьер, работа по району, официальное трудоустройство, зарплата, ЗП, оплата, доставка, работа курьером, курьер, еженедельная, ежедневная, на руки курьеру, подработка, прямой работодатель, ищу работу, время, работа без опыта, оплата сразу, утреннее, дневное, вечернее , время, режим»ОБРАЩАЕМ ВНИМАНИЕ, после отклика на данную вакансию потребуется предоставление информации или выполнение иных действий на сторонних информационных ресурсах.;https://hh.ru/vacancy/122469752;15638419e4c3d11ea0e7fbd66ae9f66b
2025;Курьер на склад (легкие заказы для дома 1-3кг);Работа-Подработка: Курьер, Кладовщик, Сборщик;135000;220000;RUB;Полный день;Частичная занятость;Ярославская область;Ярославль;0;Добрый день уважаемый соискатель!Нам требуется курьер с ежедневной оплатой на подработку или как на основную работу!В данный момент у нас 11 категорий доставок, а именно доставка ЦВЕТОВ, ДОКУМЕНТОВ, ЗООТОВАРОВ, АПТЕКИ, ЭЛЕКТРОНИКА и т.дОбязанности- Доставка небольших посылок (время доставок вы выбираете самостоятельно -сами)- Выполнение заказов через приложение- Очень много заказав- Доставки по районуТребования- Телефон андроид или айфон- Желание зарабатыватьУсловия:- Ежедневные выплаты: до 7000 руб./день.- Близко к дому: доставки в твоем районе.- Легкие заказы: вес до 2 кг.- Гибкое расписание (время и количество рабочих часов выбираете самостоятельно)- Нет обязательного плана по доставкеНажмите ОТКЛИКНУТЬСЯ прямо сейчас и получите все подробности о работе! Также пишите в мессенджерах WhatsApp/Telegram: менеджер 24/7 готов ответить на вопросы и помочь с оформлением. Не упустите свой шанс начать уже сегодня!Также подойдет, если вы искали: «курьер, подработка с ежедневными выплатами, ежедневная оплата, свободный график, ночной курьер, вечерний курьер, доставка, лавка, документы, груз, сервис, пеший курьер, оплата каждый день, подработка, работа рядом с домом, достависта, график, свободный, пеший курьер, работа по району, официальное трудоустройство, зарплата, ЗП, оплата, доставка, работа курьером, курьер, еженедельная, ежедневная, на руки курьеру, подработка, прямой работодатель, ищу работу, время, работа без опыта, оплата сразу, утреннее, дневное, вечернее , время, режим»ОБРАЩАЕМ ВНИМАНИЕ, после отклика на данную вакансию потребуется предоставление информации или выполнение иных действий на сторонних информационных ресурсах.;https://hh.ru/vacancy/125879133;fc147b3f834d0a73ad176afc62f27683
2024;подсобный рабочий (ТН);МУНИЦИПАЛЬНОЕ ОБЩЕОБРАЗОВАТЕЛЬНОЕ УЧРЕЖДЕНИЕ СРЕДНЯЯ ОБЩЕОБРАЗОВАТЕЛЬНАЯ ШКОЛА №4 Г.РОСТОВА;19242;0;RUB;Неполный день;Временная занятость;Ярославская область;Ярославль;904;Полив и прополка клумб, уборка школьной территории и кабинетов, перенос парт, стульев и макулатуры Добросовестность, ответственность, пунктуальность;https://trudvsem.ru/vacancy/card/1027601070892/853e01c8-23de-11ef-bb5e-e7d0d2cf29b1;b2dd2b8e55c404d44fe84167796d8396
2024;Подсобный рабочий (ТН);МУНИЦИПАЛЬНОЕ ОБЩЕОБРАЗОВАТЕЛЬНОЕ УЧРЕЖДЕНИЕ ШУРСКОЛЬСКАЯ СРЕДНЯЯ ОБЩЕОБРАЗОВАТЕЛЬНАЯ ШКОЛА;19242;0;RUB;Неполный день;Временная занятость;Ярославская область;Ярославль;904;Подсобные работы. В соответствии с трудовым договором Ответственность;https://trudvsem.ru/vacancy/card/1027601070155/53414e58-23e0-11ef-bb5e-e7d0d2cf29b1;94e7c10d32f4cbcbe4c86a0d9d36236a
2024;Подсобный рабочий (ТН);МУНИЦИПАЛЬНОЕ ОБЩЕОБРАЗОВАТЕЛЬНОЕ УЧРЕЖДЕНИЕ ВАХРУШЕВСКАЯ ОСНОВНАЯ ОБЩЕОБРАЗОВАТЕЛЬНАЯ ШКОЛА;19242;0;RUB;Неполный день;Временная занятость;Ярославская область;Ярославль;904;Подсобные работы. Должностные обязанности в соответствии с трудовым договором и должностной инструкцией. ответственность;https://trudvsem.ru/vacancy/card/1027601070166/ad3dedc0-23e3-11ef-9bd7-cb26dff57dd7;a61e30f36e7bfac379252ab1d2b51e6a
2024;Подсобный рабочий (ТН);"МУНИЦИПАЛЬНОЕ ДОШКОЛЬНОЕ ОБРАЗОВАТЕЛЬНОЕ УЧРЕЖДЕНИЕ ""ДЕТСКИЙ САД № 13""";19242;0;RUB;Неполный день;Временная занятость;Ярославская область;Ярославль;904;Подсобные работы. Прополка, полив цветников. Должностные обязанности в соответствии с трудовым договором и должностной инструкцией. ответственность;https://trudvsem.ru/vacancy/card/1027601074016/91d684e8-23e6-11ef-8160-d549be31d974;e4cbda3deeef4328d9043d31513db32d
2024;Курьер на подработку с ежедневными выплатами;Птицына Анастасия Андреевна;81420;139037;RUB;Сменный график;Частичная занятость;Ярославская область;Рыбинск;573;Заработай в сезон БОЛЬШЕ с высокими тарифами 16+ ! Требуются курьеры, у нас свободный график (можно работать у дома)!Можно работать пешком или на любом своем транспорте. ❗️❗️МОЖНО работать НА АЙФОНЕ❗️❗️И на андроиде тоже можно. ✔️ СВОБОДНЫЙ ГРАФИК ✔️ ОПЛАТА 3.500- 4.000- 5.600 за день. Зависит от времени работы. ✔️ ПРИНИМАЕМ БЕЗ ОПЫТА. Обучим - покажем. ❗️Оформление без записи в трудовую книжку! ПО РАБОТЕ: Можно использовать как подработку(Легко совмещать с учебой или работой) Район на выбор(10 мин среднее время доставки) Заказы на доставку собраны и оплачены. Вы только доставляете. Чаевые и доплаты 100% ваши,за заказы комиссии нет! Прием ЕЖЕДНЕВНО (даже в выходные)! ДОХОД: Оплата за 4 часа - до 4.000 руб.(зависит от района и времени суток) ЖМИ ОТКЛИКНУТЬСЯ Мы пришлем информацию в ответном сообщении в течение пары минут и скоро напишем в WhatsApp Данная вакансия также подойдет, если вы искали: работа курьером, курьер, курьер с ежедневной оплатой, курьер пеший, курьер подработка, курьер выходного дня, свободный график, пешком, яндекс доставка, доставщик яндекс еда, яндекс лавка, яндекс про, яндекс маркет, сбермаркет, деливери клаб, delivery club, dostavista, достависта, курьер додо, озон, сдек, доставка суши, доставка еды, еду, доставка документов посылок, устроиться курьером, работа в районе, курьер с ежедневной оплатой, подработка с ежедневными выплатами, работа рядом с домом, без опыта, оплата каждый день. ЖМИ ОТКЛИКНУТЬСЯ!;https://hh.ru/vacancy/107805003;9c582d5e60e48036ba443eeda045b423
2024;Курьер на подработку с ежедневными выплатами;Птицына Анастасия Андреевна;81420;139037;RUB;Сменный график;Частичная занятость;Ярославская область;Переславль-Залесский;573;Заработай в сезон БОЛЬШЕ с высокими тарифами 16+ ! Требуются курьеры, у нас свободный график (можно работать у дома)!Можно работать пешком или на любом своем транспорте. ❗️❗️МОЖНО работать НА АЙФОНЕ❗️❗️И на андроиде тоже можно. ✔️ СВОБОДНЫЙ ГРАФИК ✔️ ОПЛАТА 3.500- 4.000- 5.600 за день. Зависит от времени работы. ✔️ ПРИНИМАЕМ БЕЗ ОПЫТА. Обучим - покажем. ❗️Оформление без записи в трудовую книжку! ПО РАБОТЕ: Можно использовать как подработку(Легко совмещать с учебой или работой) Район на выбор(10 мин среднее время доставки) Заказы на доставку собраны и оплачены. Вы только доставляете. Чаевые и доплаты 100% ваши,за заказы комиссии нет! Прием ЕЖЕДНЕВНО (даже в выходные)! ДОХОД: Оплата за 4 часа - до 4.000 руб.(зависит от района и времени суток) ЖМИ ОТКЛИКНУТЬСЯ Мы пришлем информацию в ответном сообщении в течение пары минут и скоро напишем в WhatsApp Данная вакансия также подойдет, если вы искали: работа курьером, курьер, курьер с ежедневной оплатой, курьер пеший, курьер подработка, курьер выходного дня, свободный график, пешком, яндекс доставка, доставщик яндекс еда, яндекс лавка, яндекс про, яндекс маркет, сбермаркет, деливери клаб, delivery club, dostavista, достависта, курьер додо, озон, сдек, доставка суши, доставка еды, еду, доставка документов посылок, устроиться курьером, работа в районе, курьер с ежедневной оплатой, подработка с ежедневными выплатами, работа рядом с домом, без опыта, оплата каждый день. ЖМИ ОТКЛИКНУТЬСЯ!;https://hh.ru/vacancy/107807076;9c582d5e60e48036ba443eeda045b423
2025;Курьер легких заказов в it компанию (упакованные заказы);Работа-Подработка: Курьер, Кладовщик, Сборщик;135000;220000;RUB;Полный день;Частичная занятость;Ярославская область;Ярославль;0;Добрый день уважаемый соискатель!Нам требуется курьер с ежедневной оплатой на подработку или как на основную работу!В данный момент у нас 11 категорий доставок, а именно доставка ЦВЕТОВ, ДОКУМЕНТОВ, ЗООТОВАРОВ, АПТЕКИ, ЭЛЕКТРОНИКА и т.дОбязанности- Доставка небольших посылок (время доставок вы выбираете самостоятельно -сами)- Выполнение заказов через приложение- Очень много заказав- Доставки по районуТребования- Телефон андроид или айфон- Желание зарабатыватьУсловия:- Ежедневные выплаты: до 7000 руб./день.- Близко к дому: доставки в твоем районе.- Легкие заказы: вес до 2 кг.- Гибкое расписание (время и количество рабочих часов выбираете самостоятельно)- Нет обязательного плана по доставкеНажмите ОТКЛИКНУТЬСЯ прямо сейчас и получите все подробности о работе! Также пишите в мессенджерах WhatsApp/Telegram: менеджер 24/7 готов ответить на вопросы и помочь с оформлением. Не упустите свой шанс начать уже сегодня!Также подойдет, если вы искали: «курьер, подработка с ежедневными выплатами, ежедневная оплата, свободный график, ночной курьер, вечерний курьер, доставка, лавка, документы, груз, сервис, пеший курьер, оплата каждый день, подработка, работа рядом с домом, достависта, график, свободный, пеший курьер, работа по району, официальное трудоустройство, зарплата, ЗП, оплата, доставка, работа курьером, курьер, еженедельная, ежедневная, на руки курьеру, подработка, прямой работодатель, ищу работу, время, работа без опыта, оплата сразу, утреннее, дневное, вечернее , время, режим»ОБРАЩАЕМ ВНИМАНИЕ, после отклика на данную вакансию потребуется предоставление информации или выполнение иных действий на сторонних информационных ресурсах.;https://hh.ru/vacancy/124271400;05cbea09ac856a1c4710ff8f39504e21
2025;Курьер;Работа-Подработка: Курьер, Кладовщик, Сборщик;135000;220000;RUB;Полный день;Частичная занятость;Ярославская область;Ярославль;0;Добрый день уважаемый соискатель!Нам требуется курьер с ежедневной оплатой на подработку или как на основную работу!В данный момент у нас 11 категорий доставок, а именно доставка ЦВЕТОВ, ДОКУМЕНТОВ, ЗООТОВАРОВ, АПТЕКИ, ЭЛЕКТРОНИКА и т.дОбязанности- Доставка небольших посылок (время доставок вы выбираете самостоятельно -сами)- Выполнение заказов через приложение- Очень много заказав- Доставки по районуТребования- Телефон андроид или айфон- Желание зарабатыватьУсловия:- Ежедневные выплаты: до 7000 руб./день.- Близко к дому: доставки в твоем районе.- Легкие заказы: вес до 2 кг.- Гибкое расписание (время и количество рабочих часов выбираете самостоятельно)- Нет обязательного плана по доставкеНажмите ОТКЛИКНУТЬСЯ прямо сейчас и получите все подробности о работе! Также пишите в мессенджерах WhatsApp/Telegram: менеджер 24/7 готов ответить на вопросы и помочь с оформлением. Не упустите свой шанс начать уже сегодня!Также подойдет, если вы искали: «курьер, подработка с ежедневными выплатами, ежедневная оплата, свободный график, ночной курьер, вечерний курьер, доставка, лавка, документы, груз, сервис, пеший курьер, оплата каждый день, подработка, работа рядом с домом, достависта, график, свободный, пеший курьер, работа по району, официальное трудоустройство, зарплата, ЗП, оплата, доставка, работа курьером, курьер, еженедельная, ежедневная, на руки курьеру, подработка, прямой работодатель, ищу работу, время, работа без опыта, оплата сразу, утреннее, дневное, вечернее , время, режим»ОБРАЩАЕМ ВНИМАНИЕ, после отклика на данную вакансию потребуется предоставление информации или выполнение иных действий на сторонних информационных ресурсах.;https://hh.ru/vacancy/124272009;9ae0800c4df10c9116ca54441ec70d6c
2024;Курьер;Птицына Анастасия Андреевна;69420;139037;RUB;Сменный график;Частичная занятость;Ярославская область;Рыбинск;573;Заработай в сезон БОЛЬШЕ с высокими тарифами 16+ ! Требуются курьеры, у нас свободный график (можно работать у дома)! ❗️❗️МОЖНО работать НА АЙФОНЕ❗️❗️И на андроиде тоже можно. ✔️ СВОБОДНЫЙ ГРАФИК ✔️ ОПЛАТА 3.500- 4.000- 5.600 за день. Зависит от времени работы. ✔️ ПРИНИМАЕМ БЕЗ ОПЫТА. Обучим - покажем. ❗️Оформление без записи в трудовую книжку! ПО РАБОТЕ: Можно использовать как подработку(Легко совмещать с учебой или работой) Район на выбор(10 мин среднее время доставки) Заказы на доставку собраны и оплачены. Вы только доставляете. Чаевые и доплаты 100% ваши,за заказы комиссии нет! Прием ЕЖЕДНЕВНО (даже в выходные)! ДОХОД: Оплата за 4 часа - до 4.000 руб.(зависит от района и времени суток) ЖМИ ОТКЛИКНУТЬСЯ Мы пришлем информацию в ответном сообщении в течение пары минут и скоро напишем в WhatsApp Данная вакансия также подойдет, если вы искали: работа курьером, курьер, курьер с ежедневной оплатой, курьер пеший, курьер подработка, курьер выходного дня, свободный график, пешком, яндекс доставка, доставщик яндекс еда, яндекс лавка, яндекс про, яндекс маркет, сбермаркет, деливери клаб, delivery club, dostavista, достависта, курьер додо, озон, сдек, доставка суши, доставка еды, еду, доставка документов посылок, устроиться курьером, работа в районе, курьер с ежедневной оплатой, подработка с ежедневными выплатами, работа рядом с домом, без опыта, оплата каждый день. ЖМИ ОТКЛИКНУТЬСЯ!;https://hh.ru/vacancy/107146350;08b19fd6c02de3b78657def5793d5fd4
2024;Курьер;Птицына Анастасия Андреевна;69420;139037;RUB;Сменный график;Частичная занятость;Ярославская область;Переславль-Залесский;573;Заработай в сезон БОЛЬШЕ с высокими тарифами 16+ ! Требуются курьеры, у нас свободный график (можно работать у дома)! ❗️❗️МОЖНО работать НА АЙФОНЕ❗️❗️И на андроиде тоже можно. ✔️ СВОБОДНЫЙ ГРАФИК ✔️ ОПЛАТА 3.500- 4.000- 5.600 за день. Зависит от времени работы. ✔️ ПРИНИМАЕМ БЕЗ ОПЫТА. Обучим - покажем. ❗️Оформление без записи в трудовую книжку! ПО РАБОТЕ: Можно использовать как подработку(Легко совмещать с учебой или работой) Район на выбор(10 мин среднее время доставки) Заказы на доставку собраны и оплачены. Вы только доставляете. Чаевые и доплаты 100% ваши,за заказы комиссии нет! Прием ЕЖЕДНЕВНО (даже в выходные)! ДОХОД: Оплата за 4 часа - до 4.000 руб.(зависит от района и времени суток) ЖМИ ОТКЛИКНУТЬСЯ Мы пришлем информацию в ответном сообщении в течение пары минут и скоро напишем в WhatsApp Данная вакансия также подойдет, если вы искали: работа курьером, курьер, курьер с ежедневной оплатой, курьер пеший, курьер подработка, курьер выходного дня, свободный график, пешком, яндекс доставка, доставщик яндекс еда, яндекс лавка, яндекс про, яндекс маркет, сбермаркет, деливери клаб, delivery club, dostavista, достависта, курьер додо, озон, сдек, доставка суши, доставка еды, еду, доставка документов посылок, устроиться курьером, работа в районе, курьер с ежедневной оплатой, подработка с ежедневными выплатами, работа рядом с домом, без опыта, оплата каждый день. ЖМИ ОТКЛИКНУТЬСЯ!;https://hh.ru/vacancy/107147257;08b19fd6c02de3b78657def5793d5fd4
2025;Помощник в кафе, Подработка;НОВАЯ РАБОТА (ИП Лядов Владимир Антонович);58137;0;RUB;Полный день;Частичная занятость;Ярославская область;Ярославль;0;"Сотрудник в кафе быстрого обслуживания в разные районы города Обязанности: Сбор и выдача заказов Расчет гостей на кассе Готовка блюд по стандартам Уборка служебных и гостевых помещений Требования: К нам ты можешь прийти без опыта: мы все расскажем и всему научим Условия: Официальное трудоустройство Стабильная зарплата и премии, выплаты два раза в месяц Бесплатные и вкусные обеды Индивидуальный график работы: совмещение, подработка Место работы выбираешь сам: в центре города или рядом с домом Оплачиваемые больничные листы и отпуска, в том числе учебные Количество мест ограничено. Откликнись прямо сейчас! Наше предложение подойдет, если тебе интересны вакансии: повар, кассир, продавец, консультант, официант, администратор, начинающий специалист, сборщик заказов. Приветствуется опыт работы в ДоДо Пицца, Бургер Кинг, KFC, Ростикс, Domino&#39;s Pizza, Папа Джонс, Ташир Пицца и др.";https://hh.ru/vacancy/115854377;a880c816ec5b25cf5ae6b140971fab25
2023;Промоутер-распространитель;Ярспецгаз;25000;40000;RUB;Гибкий график;Частичная занятость;Ярославская область;Ярославль;957;Обязанности: Распространение листовок по почтовым ящикам Предоставление фотоотчетов о проделанной работе Требования: Требуется сотрудник на постоянную работу Желание работать и зарабатывать. Добросовестность, ответственность и честность. Опыт работы не обязателен Возраст от 16 лет Условия: Подробный инструктаж Приступить к работе можно сразу, после собеседования в этот же день Возможность совмещать с учебой и работой! Оплата происходит ежедневно или раз в неделю, сугубо по вашему сделанному объёму Возможно оформление по трудовому договору Ограничений на максимум нет, все зависит только от вашего желания и активности;https://hh.ru/vacancy/79002740;9c47b64dec564ccc9d0ef58120a06907
2023;Начинающий менеджер социальных сетей;Сервис+ служба доставки;35000;49000;RUB;Удаленная работа;Частичная занятость;Ярославская область;Ярославль;70;Мы ищем начинающих специалистов в социальных сетях (smm). Вам предстоит выбрать направление: Вконтакте, Телеграм, Одноклассники, Воцап. Модерация и размещение контента и постов в группах, пабликах, каналах, чатах, блогах. Обучение предоставляется, уже на нем вы будете зарабатывать первые деньги в интернете Делайте отклик и оставляйте свою заявку на рассмотрение. Условия: Работа / подработка Свободный график, 2-3 часа в день Ежедневные выплаты после выполнения заданий Бесплатное обучение Без вложений Места ограничены. Требования: Можно без опыта Гражданство любое. Можно только со смартфоном Задачи: Тексты в соц.сетях SMM: копирайт, рерайт Создание карточек услуг, товаров с текстовым описанием Тексты для постов в каналах и группах, комментарии Отзывы, обзоры и прочее;https://hh.ru/vacancy/87459404;33100758e97b89aab9211191c64d5f21
2025;подсобный рабочий (квота н/л);"ОБЩЕСТВО С ОГРАНИЧЕННОЙ ОТВЕТСТВЕННОСТЬЮ ""КОРОЛАН-ПЛЮС""";23000;23000;RUB;;Полная занятость;Ярославская область;Ярославль;904;"погрузочно-разгрузочные работы. Должностные обязанности в соответствии с трудовым договором и должностной инструкцией. ответственность. Предварительно обязательно созвониться с работодателем. Продолжительность рабочего времени в зависимости от возраста гражданина, согласно ст.94 ТК РФ; з/п зависит от отработанного времени, график работы по согласованию с работодателем.";https://trudvsem.ru/vacancy/card/1067609021600/9ea26968-1e7b-11f0-b6d4-cb26dff57dd7;2b0b7a2f1abc4a3361f917205349cc18
2023;Начинающий менеджер социальных сетей;Сервис+ служба доставки;35000;49000;RUB;Удаленная работа;Частичная занятость;Ярославская область;Рыбинск;70;Мы ищем начинающих специалистов в социальных сетях (smm). Вам предстоит выбрать направление: Вконтакте, Телеграм, Одноклассники, Воцап. Модерация и размещение контента и постов в группах, пабликах, каналах, чатах, блогах. Обучение предоставляется, уже на нем вы будете зарабатывать первые деньги в интернете Делайте отклик и оставляйте свою заявку на рассмотрение. Условия: Работа / подработка Свободный график, 2-3 часа в день Ежедневные выплаты после выполнения заданий Бесплатное обучение Без вложений Места ограничены. Требования: Можно без опыта Гражданство любое. Можно только со смартфоном Задачи: Тексты в соц.сетях SMM: копирайт, рерайт Создание карточек услуг, товаров с текстовым описанием Тексты для постов в каналах и группах, комментарии Отзывы, обзоры и прочее;https://hh.ru/vacancy/87460858;33100758e97b89aab9211191c64d5f21
2025;Подсобный рабочий;"АКЦИОНЕРНОЕ ОБЩЕСТВО ""ЯРОСЛАВСКИЙ ТЕХНИЧЕСКИЙ УГЛЕРОД ИМЕНИ В.Ю.ОРЛОВА""";23570;23570;RUB;;Частичная занятость;Ярославская область;Ярославль;0;В должностные обязанности входит выполнение работ по содержанию территории. Без предъявления требований к образованию, навыкам и опыту работы. з/п 7071 руб. (0,3 ставки) Продолжительность рабочего времени по законодательству согласно возраста несовершеннолетнего. З/пл 7071 руб. (0,3 тарифной ставки).;https://trudvsem.ru/vacancy/card/1027600791899/39ba3098-0563-11f0-a960-d549be31d974;4fbd9edc4893a6b6820cb147a11da90f
2023;Курьер лёгких заказов до 2,5 кг, подработка;Курьер - Центр Найма;75000;137000;RUB;Гибкий график;Частичная занятость;Ярославская область;Ярославль;573;Курьер посылок до 2,5кг ( у дома). Новейший сервис ультра коротких заказов от 300 метров до 2 км. Стабильно 2-4 ЗАКАЗА в час. Теперь можно работать и на Айфон и на Андроид! Опыт работы: не требуется. График: абсолютно свободный, возможна подработка или совмещение. Условия выплат: ежедневно + еженедельно. РАБОТАЙ НА ЧЕМ УГОДНО, И КОГДА УГОДНА, ЗАКАЗЫ СОБРАНЫ И ОПЛАЧЕНЫ, ВАМ НУЖНО ЛИШЬ ДОСТАВИТЬ. Доставка из ресторанов, из магазинов Доставка в одном своём районе (либо удобный Вам). Оставляем ОТКЛИК - МЫ свяжемся с Вами по WhatsApp! ❗ Самые высокие ставки по городу ❗210-380 руб/час + за заказы до 150 руб + бонусы + чаевые. В час можно сделать 3-5 заказов.В среднем за 4 часа Вы получаете на руки от 2000 руб ЖМИ ОТКЛИКНУТЬСЯ - напишем подробности в WhatsApp!! Лучшие условия: Устройство без посредников Без комиссии Удобный для Вас район ПОСЛЕ ОТКЛИКА - напишем подробнее в WhatsApp как устроиться ЧЕРЕЗ МИНУТУ ! «курьер, подработка с ежедневными выплатами, ежедневная оплата, свободный график, ночной курьер, доставка, лавка, документы, груз, сервис, оплата каждый день, подработка, работа рядом с домом, достависта, график, свободный, по району, официальное трудоустройство, зарплата, ЗП, оплата, доставка, работа курьером в деливери клаб, курьер, еженедельная, ежедневная, на руки курьеру, подработка, прямой работодатель, ищу работу, время, работа без опыта, оплата сразу, утреннее, дневное, вечернее , время, режим»;https://hh.ru/vacancy/78540289;e9da8263a9d63eeb665e1babac8ca49c
2024;Обработчик легких посылок на пункт выдачи заказов;Кондратьева Наталья Михайловна;69000;92180;RUB;Гибкий график;Частичная занятость;Ярославская область;Ярославль;1052;Обработчик легких посылок на пункт выдачи заказов Открыта СРОЧНАЯ вакансия обработчика легких посылок в своем районе (Подработка или на полный день). Сборщик может работать утром/днем/вечером, когда удобно. Вы только собираете. ОСТАВЬТЕ ОТКЛИК СЕЙЧАС, ПОТОМУ ЧТО: ✔️ Сейчас МОРЕ заказов, что позволяет зарабатывать больше других. ✔️ Места ограничены. Успейте устроиться пока есть вакансия у дома ✔️ Оплата 2000-3200 в день. С нами можно накопить на мечту. САМЫЕ выгодные условия для Вас только у нас: Гибкий график (от 4 часов, без опыта) Работа возле дома или в удобном для Вас районе ( ~300-500 метров от дома) Самые высокие ставки в Вашем городе (до 300 рублей в час) Скидки и акции от нас и наших партнеров (обслуживание авто, еда, техника и т.д.) Возможности роста и развития без потолка Еженедельные выплаты (каждую пятницу без задержек) Мы гордимся Вашими выплатами: ✔️ Средняя оплата за 4 часа от 1000 руб. и выше зависит от часов работы! ✔️ Еженедельно на карту до 260 рублей в час + надбавки и бонусы ✔️ Во время повышенного спроса до 300 рублей в час Присоединяйтесь к дружной команде и начинайте зарабатывать уже сегодня больше других! Приветствуется опыт работы в компании Деливери Клаб, Яндекс.Еда, Ozon, Ламода, Самокат, Вайлдберриз, Утконос, Перекресток, Азбука вкуса, О’кей, Мetro, DPD, СДЭК, Додо Пицца, КФС, Бургер Кинг, Пятерочка, Достависта, а так же в других компанияхВозможно вы ищете: подработка с ежедневными выплатами, работа рядом с домом, работа на районе, оплата каждый день, еженедельная оплата, ежедневная оплата, прямой работодатель, ищу работу, подработка в вечернее время, работа в утреннее время, работа в дневное время, режим работы, сдэк, сдек, подработка на выходные, работа для начинающих, работа по совместительству, гибкий график, работа у дома, свободный график, работа рядом оплата сразу, утреннее, дневное, вечернее, время, режим, ночная работа, работа без опыта, опыт не требуется ОБРАЩАЕМ ВНИМАНИЕ, после отклика на данную вакансию потребуется предоставление информации или выполнение иных действий на сторонних информационных ресурсах.;https://hh.ru/vacancy/108649974;d22befa3290c3c790427d71d21d0deb5
2025;Курьер в доставку, легкие заказы из Кафе (1-3кг);Работа-Подработка: Курьер, Кладовщик, Сборщик;135000;220000;RUB;Полный день;Частичная занятость;Ярославская область;Ярославль;0;Добрый день уважаемый соискатель!Нам требуется курьер с ежедневной оплатой на подработку или как на основную работу!В данный момент у нас 11 категорий доставок, а именно доставка ЦВЕТОВ, ДОКУМЕНТОВ, ЗООТОВАРОВ, АПТЕКИ, ЭЛЕКТРОНИКА и т.дОбязанности- Доставка небольших посылок (время доставок вы выбираете самостоятельно -сами)- Выполнение заказов через приложение- Очень много заказав- Доставки по районуТребования- Телефон андроид или айфон- Желание зарабатыватьУсловия:- Ежедневные выплаты: до 7000 руб./день.- Близко к дому: доставки в твоем районе.- Легкие заказы: вес до 2 кг.- Гибкое расписание (время и количество рабочих часов выбираете самостоятельно)- Нет обязательного плана по доставкеНажмите ОТКЛИКНУТЬСЯ прямо сейчас и получите все подробности о работе! Также пишите в мессенджерах WhatsApp/Telegram: менеджер 24/7 готов ответить на вопросы и помочь с оформлением. Не упустите свой шанс начать уже сегодня!Также подойдет, если вы искали: «курьер, подработка с ежедневными выплатами, ежедневная оплата, свободный график, ночной курьер, вечерний курьер, доставка, лавка, документы, груз, сервис, пеший курьер, оплата каждый день, подработка, работа рядом с домом, достависта, график, свободный, пеший курьер, работа по району, официальное трудоустройство, зарплата, ЗП, оплата, доставка, работа курьером, курьер, еженедельная, ежедневная, на руки курьеру, подработка, прямой работодатель, ищу работу, время, работа без опыта, оплата сразу, утреннее, дневное, вечернее , время, режим»;https://hh.ru/vacancy/125934857;93465bf880b3ce9a7d9870fb32e23950
2024;Курьер в доставку Магнит;Работа сегодня (ИП Холин Андрей Сергеевич);82500;155500;RUB;Гибкий график;Частичная занятость;Ярославская область;Ярославль;573;СPOЧНО ТРЕБУЮТСЯ КУРЬEРЫ! Чaевые 100% вaши. Нe штpaфуeм. Heт кoмиccии c заказов. Гибкий гpaфик. Eженeдельные выплaты. Доcтaвкa заказов в удобном райoне. Мы – ceмья мaгазинов Мaгнит!Пpисoeдиниcь к нашей команде и достaвляй зaказы! Ты сможешь заpaбaтывaть до 5500 рублeй в день ❗️✅ Пoчeму МAГHИТ? Лeгко совмещать с учебой или другой занятостью Еженедельные выплаты на банковскую карту Гибкий график (смены от 5 часов) Большое количество заказов (и будет еще больше) Нет штрафов. Нет комиссии с заказов. Доставляй заказы в удобном для тебя районе Чаевые 100% твои ✅ Мы ждем от тебя: Устройство на базе Аndrоid Действующий статус самозанятого или готовность его оформить (мы помогаем) Опыт не главное. Качественное обучение и suрроrt на нашей стороне. ✅ КАК НАЧАТЬ выполнять заказы: Откликнись на вакансию Оформись дистанционно без посещения офисаЖдем твой отклик! ОБРАЩАЕМ ВНИМАНИЕ, места ограниченуы способ доставки любой. Принимаем ежедневно даже в выходные и праздничные дни. Также подойдет, если вы искали: «курьер, подработка с ежедневными выплатами, ежедневная оплата, свободный график, вечерам, ночной курьер, доставка, лавка, документы, груз, сервис, курьер, оплата каждый день, официальное трудоустройство, на подработку, работа рядом с домом, достависта, по графику, прямой работодатель, свободный, , работа по району, по утрам, утром, яндекс маркет, сбермаркет, деливери клаб, delivery club, dostavista, в свободное время, по выходным, достависта, зарплата, зп, днем, пешком, после работы, оплата, доставка, работа курьером, еженедельная, пеший, ежедневная, на руки курьеру, подработкой, яндекс , яндекс лавка, яндекс еда, яндекс го, ищу работу, время, работа без опыта, оплата сразу, утреннее, дневное, вечернее , время, режим» Оставляйте отклик, ставьте лайк ❤ для нас это очень важно. ОБРАЩАЕМ ВНИМАНИЕ, после отклика на данную вакансию потребуется предоставление информации или выполнение иных действий на сторонних информационных ресурсах.;https://hh.ru/vacancy/105719378;ebe138c81f6412c8574022c32575b628
2025;Работник торгового зала;Пятёрочка;36400;60000;RUB;Полный день;Частичная занятость;Ярославская область;Ярославль;966;Пятёрочка приглашает на вакансию: Работник торгового зала ОТ НАС: Трудоустраиваем с 16 лет Оформление по ТК РФ Фиксированный оклад + премии, надбавки за стаж (заработная плата указана с учетом полной занятости) Смены от 4-х часов, по выходным или по вечерам Работу у нас можно совмещать с учебой или другой работой Медицинская книжка за счет компании Медицинская страховка в формате телемедицины ЧЕМ НУЖНО ЗАНИМАТЬСЯ: Работа в торговом зале Консультация покупателей Выкладка и отслеживание сроков годности товаров ОТ ВАС: Желание работать с покупателями, остальному научим! Наша вакансия также подойдет вам, если вы искали: ежедневная подработка, без опыта, продавец, начинающий специалист;https://hh.ru/vacancy/118814836;5cab492c3b683a459f588f94ba9aeeff
2024;Курьер на подработку с ежедневными выплатами;Птицына Анастасия Андреевна;69420;139037;RUB;Сменный график;Частичная занятость;Ярославская область;Ярославль;573;Заработай в сезон БОЛЬШЕ с высокими тарифами 16+ ! Требуются курьеры, у нас свободный график (можно работать у дома)!Можно работать пешком или на любом своем транспорте. ❗️❗️МОЖНО работать НА АЙФОНЕ❗️❗️И на андроиде тоже можно. ✔️ СВОБОДНЫЙ ГРАФИК ✔️ ОПЛАТА 3.500- 4.000- 5.600 за день. Зависит от времени работы. ✔️ ПРИНИМАЕМ БЕЗ ОПЫТА. Обучим - покажем. ❗️Оформление без записи в трудовую книжку! ПО РАБОТЕ: Можно использовать как подработку(Легко совмещать с учебой или работой) Район на выбор(10 мин среднее время доставки) Заказы на доставку собраны и оплачены. Вы только доставляете. Чаевые и доплаты 100% ваши,за заказы комиссии нет! Прием ЕЖЕДНЕВНО (даже в выходные)! ДОХОД: Оплата за 4 часа - до 4.000 руб.(зависит от района и времени суток) ЖМИ ОТКЛИКНУТЬСЯ Мы пришлем информацию в ответном сообщении в течение пары минут и скоро напишем в WhatsApp Данная вакансия также подойдет, если вы искали: работа курьером, курьер, курьер с ежедневной оплатой, курьер пеший, курьер подработка, курьер выходного дня, свободный график, пешком, яндекс доставка, доставщик яндекс еда, яндекс лавка, яндекс про, яндекс маркет, сбермаркет, деливери клаб, delivery club, dostavista, достависта, курьер додо, озон, сдек, доставка суши, доставка еды, еду, доставка документов посылок, устроиться курьером, работа в районе, курьер с ежедневной оплатой, подработка с ежедневными выплатами, работа рядом с домом, без опыта, оплата каждый день. ЖМИ ОТКЛИКНУТЬСЯ!;https://hh.ru/vacancy/107181210;00d520d763e1111ed0598c7f6f5aebe2
2024;Junior менеджер в отдел продаж (Ярославль);Работут;0;80000;RUB;Гибкий график;Полная занятость;Ярославская область;Ярославль;694;"Приглашаем начинающего менеджера в отдел продаж для продвижения услуг телевидения и интернета! Мы предлагаем: График работы от 4 часов в день, в удобное для Вас время; Выходные по согласованию с руководителем; Стабильные выплаты-без задержек; Можно совмещать с учёбой/работой; Обеспечение полноценного рабочего места (ПК, гарнитура, необходимые программы); Постоянные Акции и Бонусы У нас действует «Акция приведи друга» Обучение и наставничество с опытными сотрудниками; Амбициозный молодой коллектив; Возможность карьерного роста; Можно без опыта- всему научим; Чем предстоит заниматься: Консультирование клиентов по телефону по вопросам подключения домашнего интернета; Оформление заявок на подключение; Продвижение рекламы; Личные продажи; Что для нас важно: Навыки ведения телефонных переговоров; Грамотная устная и письменная речь; Навыки работы на ПК на уровне уверенного пользователя. Откликайтесь на вакансию, мы внимательно просматриваем каждое резюме! Если Вам не ответили на звонок, мы с Вами обязательно свяжемся.";https://hh.ru/vacancy/99169266;f64f95b4a0dba4cb01813e00b1a9b0d3
2025;Подсобный рабочий Ярославского участка (руководство);"АКЦИОНЕРНОЕ ОБЩЕСТВО ""РН-ЯРОСЛАВЛЬ""";23000;23000;RUB;;Полная занятость;Ярославская область;Ярославль;340;Выполнение вспомогательных работ по заданиям сотрудников подразделений Общества Образование среднее или среднее (полное) общее, или лица, получающие среднее или среднее профессиональное образование Навыки работы на персональном компьютере. Грамотное письмо. Знание Word, Excel на уровне пользователя (навыки оформления и редактирования печатного текста, таблиц, схем).;https://trudvsem.ru/vacancy/card/1087604014827/594fe7ba-ede4-11ef-9c71-cb26dff57dd7;eb2de562c2a0f3b0fa0a17b4e62725a5
2025;Специалист по оформлению документов с клиентами;Акаев Арсенали Арсланбекович;55000;100000;RUB;Полный день;Полная занятость;Ярославская область;Ярославль;0;"В Межрегиональную компанию ИП Акаев А. А. открыт набор на вакансию специалист по оформлению документов. Готовы рассмотреть сотрудника без опыта работы! Наша компания предоставляет клининговые услуги по чистке вентиляционных систем, а так же их установке. Мы расширяемся!! Ищем сотрудника для взаимодействия с клиентами. Без продаж!!! Что мы предлагаем: Работа в компании с многолетним стажем; Конкурентная заработная плата с ежедневными выплатами; Гарантированные выплаты с первого дня; Оплачиваемое обучение; Официальное трудоустройство (по желанию); Перспектива профессионального роста; Оплачиваемые больничные и отпуска; График работы,6/1; Дружный и сплоченный коллектив, где коллеги - больше, чем просто коллеги! Обязанности: Взаимодействие с клиентами(физические и юридические лица); Консультация клиента по предоставляемой услуге; Заполнение с клиентом документов, заранее подготовленных юристами. Требования: Опыт работы не обязателен; Коммуникабельность; Активная, а главное позитивная жизненная позиция; Желания расти и развиваться";https://hh.ru/vacancy/115885752;0a55ead9e9a1e69779ecc9c04d3fb31c
2024;Курьер в доставку Магнит БЕЗ ФОРМЫ и ТЕРМОКОРОБА (свободный график, по району);Работа сегодня (ИП Холин Андрей Сергеевич);82500;155500;RUB;Гибкий график;Частичная занятость;Ярославская область;Ярославль;573;СPOЧНО ТРЕБУЮТСЯ КУРЬEРЫ! Чaевые 100% вaши. Нe штpaфуeм. Heт кoмиccии c заказов. Гибкий гpaфик. Eженeдельные выплaты. Доcтaвкa заказов в удобном райoне. Мы – ceмья мaгазинов Мaгнит!Пpисoeдиниcь к нашей команде и достaвляй зaказы! Ты сможешь заpaбaтывaть до 5500 рублeй в день ❗️✅ Пoчeму МAГHИТ? Лeгко совмещать с учебой или другой занятостью Еженедельные выплаты на банковскую карту Гибкий график (смены от 5 часов) Большое количество заказов (и будет еще больше) Нет штрафов. Нет комиссии с заказов. Доставляй заказы в удобном для тебя районе Чаевые 100% твои ✅ Мы ждем от тебя: Устройство на базе Аndrоid Действующий статус самозанятого или готовность его оформить (мы помогаем) Опыт не главное. Качественное обучение и suрроrt на нашей стороне. ✅ КАК НАЧАТЬ выполнять заказы: Откликнись на вакансию Оформись дистанционно без посещения офисаЖдем твой отклик! ОБРАЩАЕМ ВНИМАНИЕ, места ограниченуы способ доставки любой. Принимаем ежедневно даже в выходные и праздничные дни. Также подойдет, если вы искали: «курьер, подработка с ежедневными выплатами, ежедневная оплата, свободный график, вечерам, ночной курьер, доставка, лавка, документы, груз, сервис, курьер, оплата каждый день, официальное трудоустройство, на подработку, работа рядом с домом, достависта, по графику, прямой работодатель, свободный, , работа по району, по утрам, утром, яндекс маркет, сбермаркет, деливери клаб, delivery club, dostavista, в свободное время, по выходным, достависта, зарплата, зп, днем, пешком, после работы, оплата, доставка, работа курьером, еженедельная, пеший, ежедневная, на руки курьеру, подработкой, яндекс , яндекс лавка, яндекс еда, яндекс го, ищу работу, время, работа без опыта, оплата сразу, утреннее, дневное, вечернее , время, режим» Оставляйте отклик, ставьте лайк ❤ для нас это очень важно.;https://hh.ru/vacancy/91948619;2a50030ab8c3b51b27994757dc815a20
2025;уборщик производственных и служебных помещений (квота для несовершеннолетних);"ОБЩЕСТВО С ОГРАНИЧЕННОЙ ОТВЕТСТВЕННОСТЬЮ ""КОФЕ-ЦИКОРНЫЙ КОМБИНАТ ""АРОНАП""";28700;28700;RUB;;Полная занятость;Ярославская область;Ярославль;1276;"Влажная уборка производственных помещений. Должностные обязанности в соответствии с трудовым договором и должностной инструкцией. Ответственность. Дисциплинированность. Предварительно обязательно созвониться с работодателем. Продолжительность рабочего времени в зависимости от возраста гражданина, согласно ст.94 ТК РФ; з/п зависит от отработанного времени, график работы по согласованию с работодателем.";https://trudvsem.ru/vacancy/card/1177627040140/0832cc08-16af-11f0-b3e5-cb26dff57dd7;d48db05ac54f672d351ddffd7ad62581
2025;Уборщик служебных помещений Некоузского представительства;"ПУБЛИЧНОЕ АКЦИОНЕРНОЕ ОБЩЕСТВО ""ТНС ЭНЕРГО ЯРОСЛАВЛЬ""";23000;23000;RUB;;Частичная занятость;Ярославская область;Ярославль;1276;Уборка офисных помещений, санузлов, заправка диспенсеров полотенцами и моющими средствами. 0,1 ставки - 2 300 руб. график работы: понедельник - пятница с 8:00 до 8:48, выходные: суббота, воскресенье. Желателен опыт работы уборщиком. В счет квоты для несовершеннолетних граждан.;https://trudvsem.ru/vacancy/card/1057601050011/c1b18748-0e38-11f0-8be3-cb26dff57dd7;5789566db4e1b8df43030b09ddbd7395
2024;Подсобный рабочий;"ОБЩЕСТВО С ОГРАНИЧЕННОЙ ОТВЕТСТВЕННОСТЬЮ ""ГОТЭК-ПОЛИПАК ПЕРЕСЛАВЛЬ""";19300;0;RUB;Неполный день;Частичная занятость;Ярославская область;Ярославль;904;Должностные обязанности в соответствии с трудовым договором и должностной инструкцией. Режим работы - 2 часа в день. Оплата в зависимости от отработанного времени (4810,5 р. к начислению) Ответственность, коммуникабельность, умение работать в команде. Вакансия для несовершеннолетних. Социальный пакет Работа на 0.25 ставки, (заработная плата при условии работы на условиях неполного рабочего времени = 4 810,5 р. в месяц) Продолжительность рабочего дня - 2 часа (5 дней в неделю).;https://trudvsem.ru/vacancy/card/1157627004336/8c3cdcc2-6028-11ec-b40f-bf2cfe8c828d;2d75706f7cc9d164d602eb842883a34f
2024;Подсобный рабочий ТН;"МУНИЦИПАЛЬНОЕ ДОШКОЛЬНОЕ ОБРАЗОВАТЕЛЬНОЕ УЧРЕЖДЕНИЕ ""ДЕТСКИЙ САД №5 СЕРПАНТИН""";19242;0;RUB;Неполный день;Временная занятость;Ярославская область;Ярославль;904;Подсобные работы. Должностные обязанности в соответствии с трудовым договором и должностной инструкцией. Исполнительность, доброжелательность, умение работать в команде;https://trudvsem.ru/vacancy/card/1137609001969/086586d8-2fa7-11ef-8171-d549be31d974;4f8a1a618fd52f9ec4d7a68aa9c532e8
2024;подсобный рабочий;"АКЦИОНЕРНОЕ ОБЩЕСТВО ""ЯРДОРМОСТ""";19300;0;RUB;Неполный день;Полная занятость;Ярославская область;Ярославль;904;согласно должностнной инструкции ответственность, отсутсвие протевопоказания по здоровью;https://trudvsem.ru/vacancy/card/1187627037070/8463ea64-bc20-11ee-bf0e-cb26dff57dd7;b3c8776bbf9bd3592e25cfc1abf17ed9
2024;Подсобный рабочий Ярославского участка;"АКЦИОНЕРНОЕ ОБЩЕСТВО ""РН-ЯРОСЛАВЛЬ""";19242;19242;RUB;Неполный день;Полная занятость;Ярославская область;Ярославль;1001;Выполнение вспомогательных работ по заданиям сотрудников подразделений Общества. Образование среднее или среднее (полное) общее, или лица, получающие среднее или среднее профессиональное образование. Навыки работы на персональном компьютере. Грамотное письмо. Знание Word, Excel на уровне пользователя (навыки оформления и редактирования печатного текста, таблиц, схем). Расширенный пакет социальных гарантий и льгот: Программа страхования жизни и здоровья от несчастных случаев, материальная помощь в определенных жизненных ситуациях, корпоративное пенсионное обеспечение и т.п.;https://trudvsem.ru/vacancy/card/1087604014827/2189a0e0-b399-11ee-9b8e-d549be31d974;553abe8ceeb13e787e4f78b044f65e7d
2025;подсобный рабочий;"ОБЩЕСТВО С ОГРАНИЧЕННОЙ ОТВЕТСТВЕННОСТЬЮ ""САНАТОРИЙ ""ЗОЛОТОЙ КОЛОС""";23000;23000;RUB;;Частичная занятость;Ярославская область;Ярославль;0;Выполнение подсобных работ коммуникабельсность, дисциплинированность, без вредных привычек.;https://trudvsem.ru/vacancy/card/1037602608691/9480a378-6d13-11f0-afe2-e7d0d2cf29b1;00556a237be428b7fde84738daddd00a
2025;Банкетный официант;Ресторан АлхимIQ;30000;0;RUB;Полный день;Частичная занятость;Ярославская область;Ярославль;0;Привет! Мы команда банкетного комплекса АлхимIQ (пр. Ленина, 10) Работаем на рынке уже 7 лет и каждый год проводим около 600 мероприятий: свадьбы, дни рождения, юбилеи, выездные кейтеринги и пр. Сейчас мы открыли набор в Сервис-команду: Это официанты Работа в нашем банкетном комплексе - это возможность заработать в период обучения или совмещение с основной работой. И это очень удобно так как: Это идеальный вариант для начала карьеры и первого опыта работы, а также для подработки в свободное время Мы принимаем с 14 лет при наличии разрешения от родителей Мы обучаем профессии онлайн Вы сдаете аттестацию тоже онлайн Первый же ваш выход на работу будет оплачен Чем выше ваш профессионализм, тем больше вы зарабатываете (минимальная ставка 1000 р, максимальная 3500 р/за банкет) Оплата производится 1 раз в неделю Вы сами выбираете мероприятия, на которых вы будете работать (информация отправляется в рабочий чат). Вы можете работать как в будни, так и вы в выходные дни, так как мероприятия идут почти каждый день. Если вакансия интересна, оставляй свой отклик. После этого тебе придет сообщение в чате с приглашением на встречу. Не забудь указать в резюме возраст, иначе приглашение не отправится! После ответа на приглашение в чате мы вышлем детальную информацию по встрече.;https://hh.ru/vacancy/127830595;4c8fe94a34a6ba606cec361f6e40dc4f
2025;Стажер в Маркет.Деливери;Премьер;85000;129000;RUB;Гибкий график;Частичная занятость;Ярославская область;Ярославль;0;Вакансия ОТКРЫТА! Устроиться можно сегодня!После ОТКЛИКА мы отправим более подробную информацию в чат Условия:-Можно использовать как подработку-Район на выбор-График от 1 часа в день-Выплаты ежедневно/еженедельно-Техническая поддержка Обязанности:-Передача оплаченных заказов клиентам Требования:-Смартфон на базе Android или IOS-Можно без опыта-Желание зарабатывать Откликнувшись мы отправим вам более подробную информацию о вакансии! ОБРАЩАЕМ ВНИМАНИЕ, после отклика на данную вакансию потребуется предоставление информации или выполнение иных действий на сторонних информационных ресурсах.;https://hh.ru/vacancy/115891176;ff1dd98a7ea409e9a27105568eb77e24
2025;Продавец кулинарии;АШАН Ритейл Россия;0;54800;RUB;Гибкий график;Полная занятость;Ярославская область;Рыбинск;514;"МЫ ПОВЫСИЛИ ЗАРАБОТНУЮ ПЛАТУ! Совокупный ежемесячный доход до 54800 руб., по результатам собеседования Возможен дополнительный доход +50% от оклада с учетом подработок Получайте бонусы от 15 000р. до 40 000р. за каждого трудоустроенного друга Графики работы на выбор: 5/2 по 8 часов, плавающие выходные; 2/2 по 11 часов; при желании возможно взять подработки в компании, например, 5/2 по 12 часов возможно трудоустройство по совместительству, с индивидуальным графиком, от 1 дня в неделю возможна подработка для школьников с 14 лет, с индивидуальным графиком Чем предстоит заниматься: за прилавком обслуживать клиентов нарезка, упаковка товаров поддержание чистоты и порядка на прилавке, а также контроль за свежестью продукции. Пожелания к кандидату: опыт работы не обязателен - проводим обучение. Оставляйте отклик или позвоните нам! Данная вакансия также подойдет, если вы искали: работник торгового зала, продавец, кассир, продавец-кассир, продавец-консультант, работник магазина, мерчендайзер, работник по выкладке товара, оператор склада, кладовщик, сборщик заказов, официант, рабочий, грузчик, комплектовщик, упаковщик, фасовщик, товаровед, приемщик, разнорабочий, администратор торгового зала, старший кассир, работник кулинарии, кухонный работник, помощник повара, член бригады ресторана, АШАН, АТАК, Азбука Вкуса, Вкусвилл, Лента, Пятерочка, Магнит, Перекресток, Билла, Карусель, Дикси, Мясницкий ряд, Верный, Глобус, Вкусно и точка, Самокат, Яндекс еда, Спар, Euro Spar, Магнолия, Красное белое, Fix Price, Мясновъ Мираторг, Ремит, Фикс Прайс, Сбермаркет, Яндекс маркет, ОКЕЙ, МЕГА, ЕвроСпар, Чижик, Леруа Мерлен, Декатлон, Спортмастер, Детский мир, Ярче, Красное и Белое, подработка, свободный график, сменный график, гибкий график, работа рядом с домом, без опыта работы, начало карьеры, начинающий специалист";https://hh.ru/vacancy/118823491;d7afccf4d7d37ca13a51f54ced4ccd08
2025;Курьер в доставку Кафе;Работа-Подработка: Курьер, Кладовщик, Сборщик;135000;220000;RUB;Полный день;Частичная занятость;Ярославская область;Ярославль;0;Добрый день уважаемый соискатель!Нам требуется курьер с ежедневной оплатой на подработку или как на основную работу!В данный момент у нас 11 категорий доставок, а именно доставка ЦВЕТОВ, ДОКУМЕНТОВ, ЗООТОВАРОВ, АПТЕКИ, ЭЛЕКТРОНИКА и т.дОбязанности- Доставка небольших посылок (время доставок вы выбираете самостоятельно -сами)- Выполнение заказов через приложение- Очень много заказав- Доставки по районуТребования- Телефон андроид или айфон- Желание зарабатыватьУсловия:- Ежедневные выплаты: до 7000 руб./день.- Близко к дому: доставки в твоем районе.- Легкие заказы: вес до 2 кг.- Гибкое расписание (время и количество рабочих часов выбираете самостоятельно)- Нет обязательного плана по доставкеНажмите ОТКЛИКНУТЬСЯ прямо сейчас и получите все подробности о работе! Также пишите в мессенджерах WhatsApp/Telegram: менеджер 24/7 готов ответить на вопросы и помочь с оформлением. Не упустите свой шанс начать уже сегодня!Также подойдет, если вы искали: «курьер, подработка с ежедневными выплатами, ежедневная оплата, свободный график, ночной курьер, вечерний курьер, доставка, лавка, документы, груз, сервис, пеший курьер, оплата каждый день, подработка, работа рядом с домом, достависта, график, свободный, пеший курьер, работа по району, официальное трудоустройство, зарплата, ЗП, оплата, доставка, работа курьером, курьер, еженедельная, ежедневная, на руки курьеру, подработка, прямой работодатель, ищу работу, время, работа без опыта, оплата сразу, утреннее, дневное, вечернее , время, режим»ОБРАЩАЕМ ВНИМАНИЕ, после отклика на данную вакансию потребуется предоставление информации или выполнение иных действий на сторонних информационных ресурсах.;https://hh.ru/vacancy/124325944;3568a151762811d52215537ae67223b0
2024;Подсобный рабочий;"ОБЩЕСТВО С ОГРАНИЧЕННОЙ ОТВЕТСТВЕННОСТЬЮ ""ПРЕЧИСТЕНСКИЙ МОЛОЧНЫЙ ПРОДУКТ""";19300;19300;RUB;Неполный день;Частичная занятость;Ярославская область;Ярославль;904;Содержит в чистоте подсобные помещения, места хранения товарно-материальных ценностей.Получает задания и выполняет распоряжения непосредственного начальника.Подготавливает собственное рабочее место.Получает инвентарь, выполняет с ним работы. Хорошая физическая подготовка, желание работать.;https://trudvsem.ru/vacancy/card/1077611000884/0f4eedb5-d16f-11ee-8f7c-ef6fdced905e;68571dd047bd36ca8aa46ac23c0cd0de
2024;Помощник в кафе. Подработка от 4х часов;Журавлев Александр Сергеевич;0;55000;RUB;Гибкий график;Частичная занятость;Ярославская область;Ярославль;734;Требуются помощники на подработку в сеть фастфуда. Вакансии открыты во всех районах города. Принимают с 15 лет! Жмите “ОТКЛИКНУТЬСЯ” и следуйте инструкции! Внимание! Вакансия может закрыться в ближайшее время. Успейте ОТКЛИКНУТЬСЯ и оставить заявку! ПЛЮСЫ БЕЗ опыта. Выплаты зарплаты БЕЗ задержек. Гарантированные выплаты. Индивидуальные графики под вас. Прекрасная подработка для начинающих и амбициозных. Оплачиваемые больничные, отпуска, в том числе, учебные. Ежемесячные премии. Можно совмещать с учебой/работой. Дружный коллектив. ВАШИ ЗАДАЧИ Принимать и отдавать заказы гостям. Готовить фастфуд по установленным стандартам. Поддерживать чистоту на рабочем месте и в зале. ЧТОБЫ ПРИСОЕДИНИТЬСЯ Нажмите “ОТКЛИКНУТЬСЯ”. Следуйте дальнейшим инструкциям. Опыт работы не обязателен, но приветствуется на позициях: повар, кассир, повар-кассир, сборщик заказов, пиццамейкер, сушист, кладовщик, работник торгового зала, доставщик, официант, помощник повара, администратор, разнорабочий, пекарь, продавец, KFC, КФС, Теремок, Деливери Клаб, Вкуснолюбов, Бургер Кинг, Ташир пицца, Додо и др. ОБРАЩАЕМ ВНИМАНИЕ, после отклика на данную вакансию потребуется предоставление информации или выполнение иных действий на сторонних информационных ресурсах.;https://hh.ru/vacancy/99192797;d824fa705e3e7a96ddeecf72ecfbc749
2023;Промоутер;Краснов Дмитрий Владимирович;15000;20000;RUB;Гибкий график;Частичная занятость;Ярославская область;Ярославль;957;Внимание! Места ограничены. Пока объявление висит - оно актуально. Требуются распространители листовок по почтовым ящикам. Район работы и время Вы выбираете сами. Нас интересуют все районы города. В неделю работаем минимум 3 дня (в среднем в день от 3-х часов), максимум не ограничен. Обязанности: распространение печатной продукции по почтовым ящикам жилых домовведение онлайн отчета + фото отчетТребования:наличие смартфона для предоставления отчетности (android \ ios)активностьответственностьналичие свободного времени от 3-х часов в день, от 3-х дней в неделюможно от 14 летУсловия:выплаты ЕЖЕДНЕВНО, без задержекконкурсы и бонусы для мотивацииработа в любом районе городасвободный графиквозможность совмещения с учебой или основной работойЗвоните или пишите, всегда на связи. Приходите и зарабатывайте.;https://hh.ru/vacancy/79030411;4a0c224a6fbd1d91d7fa9682ed06a5f5
2023;Подсобный рабочий Ярославского участка;"Акционерное общество ""РН-Ярославль""";16300;16300;RUB;Неполный день;Полная занятость;Ярославская область;Ярославль;1001;Выполнение вспомогательных работ по заданиям сотрудников подразделений Общества. Образование среднее или среднее (полное) общее, или лица, получающие среднее или среднее профессиональное образование. Навыки работы на персональном компьютере. Грамотное письмо. Знание Word, Excel на уровне пользователя (навыки оформления и редактирования печатного текста, таблиц, схем). Расширенный пакет социальных гарантий и льгот: Программа страхования жизни и здоровья от несчастных случаев, материальная помощь в определенных жизненных ситуациях, корпоративное пенсионное обеспечение и т.п.;https://trudvsem.ru/vacancy/card/1087604014827/1d9f9775-7409-11ee-b6e8-cb26dff57dd7;cb84d6d9632583a70337ecdaa234a786
2025;Подсобный рабочий;"ПЕРВОМАЙСКИЙ ФИЛИАЛ АКЦИОНЕРНОГО ОБЩЕСТВА ""ЯРДОРМОСТ""";23000;23000;RUB;;Полная занятость;Ярославская область;Ярославль;904;Выполнение подсобных и вспомогательных работ на территории производственной базы филиала, в помещениях РММ, объектах строительства, ремонта и содержания автодорог. Трудолюбие, коммуникабельность, дисциплинированность Полный социальный пакет, материальная поддержка при определенных жизненных ситуациях;https://trudvsem.ru/vacancy/card/d0a657f0-646d-11ef-bb40-e7d0d2cf29b1/62c7e9a8-d732-11ef-ae6a-cb26dff57dd7;6981c4c0abba3a3bee9172062b6d4d65
2025;Помощник менеджера по продажам;"ОБЩЕСТВО С ОГРАНИЧЕННОЙ ОТВЕТСТВЕННОСТЬЮ ""БИГАМ-ИНВЕСТ""";25000;25000;RUB;;Частичная занятость;Ярославская область;Ярославль;941;Выкладка товара в торговом зале по стандартам компании Обновление ценников Сборка и выдача интернет-заказов (инструмент и техника) Ответственность Внимательность;https://trudvsem.ru/vacancy/card/1127604010555/e8a02745-e066-11ee-af44-e7d0d2cf29b1;9f02db4c47a53366d3f3af68992a83a6
2024;Курьер-пеший;Птицына Анастасия Андреевна;158400;197500;RUB;Гибкий график;Частичная занятость;Ярославская область;Ярославль;0;Заработай в сезон БОЛЬШЕ с высокими тарифами 16+ ! Требуются курьеры, у нас свободный график (можно работать у дома)! ❗️❗️МОЖНО работать НА АЙФОНЕ❗️❗️И на андроиде тоже можно. ✔️ СВОБОДНЫЙ ГРАФИК ✔️ ОПЛАТА 3.500- 4.000- 5.600 за день. Зависит от времени работы. ✔️ ПРИНИМАЕМ БЕЗ ОПЫТА. Обучим - покажем. ❗️Оформление без записи в трудовую книжку! ПО РАБОТЕ: Можно использовать как подработку(Легко совмещать с учебой или работой) Район на выбор(10 мин среднее время доставки) Заказы на доставку собраны и оплачены. Вы только доставляете. Чаевые и доплаты 100% ваши,за заказы комиссии нет! Прием ЕЖЕДНЕВНО (даже в выходные)! ДОХОД: Оплата за 4 часа - до 4.000 руб.(зависит от района и времени суток) ЖМИ ОТКЛИКНУТЬСЯ Мы пришлем информацию в ответном сообщении в течение пары минут и скоро напишем в WhatsApp Данная вакансия также подойдет, если вы искали: работа курьером, курьер, курьер с ежедневной оплатой, курьер пеший, курьер подработка, курьер выходного дня, свободный график, пешком, яндекс доставка, доставщик яндекс еда, яндекс лавка, яндекс про, яндекс маркет, сбермаркет, деливери клаб, delivery club, dostavista, достависта, курьер додо, озон, сдек, доставка суши, доставка еды, еду, доставка документов посылок, устроиться курьером, работа в районе, курьер с ежедневной оплатой, подработка с ежедневными выплатами, работа рядом с домом, без опыта, оплата каждый день. ЖМИ ОТКЛИКНУТЬСЯ!;https://hh.ru/vacancy/112986180;f1e9b366d555c67ab6a07aaf398203bf
2023;Разнорабочий;"ОБЩЕСТВО С ОГРАНИЧЕННОЙ ОТВЕТСТВЕННОСТЬЮ ""ЯРОСЛАВСКИЙ КАРТОФЕЛЬ""";17000;0;RUB;Неполный день;Частичная занятость;Ярославская область;Ярославль;904;Содержит в чистоте подсобные помещения, места хранения товарно-материальных ценностей. без требований возможно доставка транспортом предприятия;https://trudvsem.ru/vacancy/card/1157627010265/2469fbf5-851f-11ee-8178-cb26dff57dd7;7b4b3dd1c500b61dc2b80cb81478ebe1
2025;подсобный рабочий;"МУНИЦИПАЛЬНОЕ УЧРЕЖДЕНИЕ ""МОЛОДЕЖНЫЙ ЦЕНТР""";22440;22440;RUB;;Временная занятость;Ярославская область;Ярославль;0;"Подсобный рабочий выполняет следующие должностные обязанности: -осуществляет мелкий текущий ремонт в учреждении; -производит уборку участка прилегающей к учреждению территории, тротуаров, дорожек; - производить обрезку кустарников; - подиметать двор, собирает мусор, сухую траву и листья на территории учреждения и прилегающих территориях; - осуществляет полив газонов, клумб, дорожек; - удалять пыль, подметать и мыть стены, полы; - соблюдать правила техники безопасности и правила пожарной безопасности; при обнаружении пожара немедленно ставит в известность администрацию учреждения. Дисциплинированность, ответственность";https://trudvsem.ru/vacancy/card/1027601070782/ea584b11-6df7-11f0-8e6c-d549be31d974;f8fc4dd5d30ceda76bb6555d5f856695
2025;Подсобный рабочий;"ОБЩЕСТВО С ОГРАНИЧЕННОЙ ОТВЕТСТВЕННОСТЬЮ ""ЯРОСЛАВСКИЙ ОПЫТНО-ПРОМЫШЛЕННЫЙ НЕФТЕМАСЛОЗАВОД ИМЕНИ Д.И. МЕНДЕЛЕЕВА""";22440;25000;RUB;;Частичная занятость;Ярославская область;Ярославль;904;"- Подсобные работы (озеленение территории, полив клумб) - Квотируемое рабочее место для несовершеннолетних (от 16 до 18 лет);";https://trudvsem.ru/vacancy/card/1197627025463/895f2608-c1cf-11ef-8a77-bb4c34bddc95;db5334eeffd5885fe940e482220d75d1
2024;Подсобный рабочий;"ОБЩЕСТВО С ОГРАНИЧЕННОЙ ОТВЕТСТВЕННОСТЬЮ ""ПРЕЧИСТЕНСКИЙ МОЛОЧНЫЙ ПРОДУКТ""";19300;19300;RUB;Неполный день;Полная занятость;Ярославская область;Ярославль;904;Содержит в чистоте подсобные помещения, места хранения товарно-материальных ценностей.Получает задания и выполняет распоряжения непосредственного начальника.Подготавливает собственное рабочее место.Получает инвентарь, выполняет с ним работы;https://trudvsem.ru/vacancy/card/1077611000884/2ec05098-86db-11ef-8126-cb26dff57dd7;68571dd047bd36ca8aa46ac23c0cd0de
2025;Уборщик производственных и служебных помещений;"ПУБЛИЧНОЕ АКЦИОНЕРНОЕ ОБЩЕСТВО ""ТНС ЭНЕРГО ЯРОСЛАВЛЬ""";23000;23000;RUB;;Частичная занятость;Ярославская область;Ярославль;0;Уборка офисных помещений, санузлов, заправка диспенсеров полотенцами и моющими средствами. 0,1 ставки - 2 300 руб. график работы: понедельник - пятница с 8:00 до 8:48, выходные: суббота, воскресенье. Желателен опыт работы уборщиком. В счет квоты для несовершеннолетних граждан.;https://trudvsem.ru/vacancy/card/1057601050011/a2029788-d75b-11f0-80a1-cd70d8371981;78f3e85aa2c5fe3f3b130eefee9a0ea9
2025;Уборщик производственных и служебных помещений;"ПУБЛИЧНОЕ АКЦИОНЕРНОЕ ОБЩЕСТВО ""ТНС ЭНЕРГО ЯРОСЛАВЛЬ""";23000;23000;RUB;;Частичная занятость;Ярославская область;Ярославль;0;Уборка офисных помещений, санузлов, заправка диспенсеров полотенцами и моющими средствами. 0,1 ставки - 2 300 руб. график работы: понедельник - пятница с 8:00 до 8:48, выходные: суббота, воскресенье. Желателен опыт работы уборщиком. В счет квоты для несовершеннолетних граждан.;https://trudvsem.ru/vacancy/card/1057601050011/f6fd0198-d75a-11f0-8fce-2f43d24e31a4;78f3e85aa2c5fe3f3b130eefee9a0ea9
2025;Уборщик производственных и служебных помещений;"ПУБЛИЧНОЕ АКЦИОНЕРНОЕ ОБЩЕСТВО ""ТНС ЭНЕРГО ЯРОСЛАВЛЬ""";23000;23000;RUB;;Частичная занятость;Ярославская область;Ярославль;0;Уборка офисных помещений, санузлов, заправка диспенсеров полотенцами и моющими средствами. 0,1 ставки - 2 300 руб. график работы: понедельник - пятница с 8:00 до 8:48, выходные: суббота, воскресенье. Желателен опыт работы уборщиком. В счет квоты для несовершеннолетних граждан.;https://trudvsem.ru/vacancy/card/1057601050011/4bc83548-d65d-11f0-8fce-2f43d24e31a4;78f3e85aa2c5fe3f3b130eefee9a0ea9
2023;Курьер лёгких заказов до 2,5 кг, подработка;Курьер - Центр Найма;75000;137000;RUB;Гибкий график;Частичная занятость;Ярославская область;Ярославль;573;Курьер посылок до 2,5кг ( у дома). Новейший сервис ультра коротких заказов от 300 метров до 2 км. Стабильно 2-4 ЗАКАЗА в час. Опыт работы: не требуется. График: абсолютно свободный, возможна подработка или совмещение. Условия выплат: ежедневно + еженедельно. РАБОТАЙ НА ЧЕМ УГОДНО, И КОГДА УГОДНА, ЗАКАЗЫ СОБРАНЫ И ОПЛАЧЕНЫ, ВАМ НУЖНО ЛИШЬ ДОСТАВИТЬ. Доставка из ресторанов, из магазинов Доставка в одном своём районе (либо удобный Вам). Оставляем ОТКЛИК - МЫ свяжемся с Вами по WhatsApp СРАЗУ! ❗ Самые высокие ставки по городу ❗210-380 руб/час + за заказы до 150 руб + бонусы + чаевые. В час можно сделать 3-5 заказов.В среднем за 4 часа Вы получаете на руки от 2000 руб ЖМИ ОТКЛИКНУТЬСЯ - напишем подробности в WhatsApp!! Лучшие условия: Устройство без посредников Без комиссии, и без% Удобный для Вас район ПОСЛЕ ОТКЛИКА - напишем подробнее в WhatsApp как устроиться ЧЕРЕЗ МИНУТУ ! «курьер, подработка с ежедневными выплатами, ежедневная оплата, свободный график, ночной курьер, доставка, лавка, документы, груз, сервис, оплата каждый день, подработка, работа рядом с домом, достависта, график, свободный, по району, официальное трудоустройство, зарплата, ЗП, оплата, доставка, работа курьером в деливери клаб, курьер, еженедельная, ежедневная, на руки курьеру, подработка, прямой работодатель, ищу работу, время, работа без опыта, оплата сразу, утреннее, дневное, вечернее , время, режим»;https://hh.ru/vacancy/78350988;e9da8263a9d63eeb665e1babac8ca49c
2024;Подсобный рабочий;"АКЦИОНЕРНОЕ ОБЩЕСТВО ""ЯРДОРМОСТ""";19300;19300;RUB;Неполный день;Частичная занятость;Ярославская область;Ярославль;904;Выполнение подсобных и вспомогательных работ на территории производственной базы филиала, в помещениях РММ, объектах строительства, ремонта и содержания автодорог. Трудолюбие, коммуникабельность, дисциплинированность, ответственность, честность.;https://trudvsem.ru/vacancy/card/1187627037070/bfd63465-c97f-11ee-8e60-e7d0d2cf29b1;bef6681a2b008a07b86bc6c60b7ccbe0
2024;Курьер на подработку с ежедневными выплатами;Птицына Анастасия Андреевна;69420;139037;RUB;Сменный график;Частичная занятость;Ярославская область;Ярославль;573;Заработай в сезон БОЛЬШЕ с высокими тарифами 16+! Требуются курьеры, у нас свободный график (можно работать у дома)!Можно работать пешком или на любом своем транспорте. ❗️❗️МОЖНО работать НА АЙФОНЕ❗️❗️И на андроиде тоже можно. ✔️ СВОБОДНЫЙ ГРАФИК ✔️ ОПЛАТА 3.500- 4.000- 5.600 за день. Зависит от времени работы. ✔️ ПРИНИМАЕМ БЕЗ ОПЫТА. Обучим - покажем. ❗️Оформление без записи в трудовую книжку! ПО РАБОТЕ: Можно использовать как подработку(Легко совмещать с учебой или работой) Район на выбор(10 мин среднее время доставки) Заказы на доставку собраны и оплачены. Вы только доставляете. Чаевые и доплаты 100% ваши,за заказы комиссии нет! Прием ЕЖЕДНЕВНО (даже в выходные)! ДОХОД: Оплата за 4 часа - до 4.000 руб.(зависит от района и времени суток) ЖМИ ОТКЛИКНУТЬСЯ Мы пришлем информацию в ответном сообщении в течение пары минут и скоро напишем в WhatsApp Данная вакансия также подойдет, если вы искали: работа курьером, курьер, курьер с ежедневной оплатой, курьер пеший, курьер подработка, курьер выходного дня, свободный график, пешком, яндекс доставка, доставщик яндекс еда, яндекс лавка, яндекс про, яндекс маркет, сбермаркет, деливери клаб, delivery club, dostavista, достависта, курьер додо, озон, сдек, доставка суши, доставка еды, еду, доставка документов посылок, устроиться курьером, работа в районе, курьер с ежедневной оплатой, подработка с ежедневными выплатами, работа рядом с домом, без опыта, оплата каждый день. ЖМИ ОТКЛИКНУТЬСЯ!;https://hh.ru/vacancy/104917813;cc0f9780a705b90aa8b442e9f5efde92
2023;Подсобный рабочий Ярославского участка;"Акционерное общество ""РН-Ярославль""";19242;19242;RUB;Неполный день;Полная занятость;Ярославская область;Ярославль;1001;Выполнение вспомогательных работ по заданиям сотрудников подразделений Общества. Образование среднее или среднее (полное) общее, или лица, получающие среднее или среднее профессиональное образование. Навыки работы на персональном компьютере. Грамотное письмо. Знание Word, Excel на уровне пользователя (навыки оформления и редактирования печатного текста, таблиц, схем). Расширенный пакет социальных гарантий и льгот: Программа страхования жизни и здоровья от несчастных случаев, материальная помощь в определенных жизненных ситуациях, корпоративное пенсионное обеспечение и т.п.;https://trudvsem.ru/vacancy/card/1087604014827/0adfcba5-852f-11ee-9b19-cb26dff57dd7;553abe8ceeb13e787e4f78b044f65e7d
2024;Менеджер по работе с клиентами;Ростелеком;0;90000;RUB;Гибкий график;Частичная занятость;Ярославская область;Ярославль;714;"Ростелеком ищет в свою команду массового сегмента (B2C) амбициозного специалиста по продажам, который будет расти вместе с нами. Нам важно найти единомышленника, готового быстро обучаться и легко находящего подход к клиентам. Прекрасный старт в начале карьеры! Чем предстоит заниматься: Активные продажи услуг Ростелекома: работать как уже с действующим клиентами, так и осуществлять поиск новых; Помогать клиентам и консультировать их в выборе наиболее подходящих и выгодных тарифов: например, интернет, умная колонка «Маруся», интерактивное ТВ, умный дом, видеонаблюдение, оборудование, мобильная связь. Формировать заявки на подключение услуг, а также вести отчетность. Что мы от вас ожидаем: Рассмотрим кандидатов без опыта работы, мы всему научим; Развитые навыки коммуникации, грамотная и четкая речь; Активная жизненная позиция, нацеленность на результат; Что мы предлагаем: Средний уровень дохода от 20 000₽ в месяц и выше, ежемесячные премии по результатам работы. Все в твоих руках! Гибкий график на выбор: 5/2 или 2/2; Можно совмещать с основной работой или учебой: занятость в день от 4 часов. Оформление по договору ГПХ; Наставники обучат техникам продаж и коммуникациям с клиентами, также для профессионального и личного развития предоставляется доступ к корпоративному онлайн-университету и электронным библиотекам Поддержка опытных коллег;";https://hh.ru/vacancy/104103618;638595ca4f42508666e0d659b48c9a4a
2024;подсобный рабочий;"АКЦИОНЕРНОЕ ОБЩЕСТВО ""ЯРДОРМОСТ""";19242;0;RUB;Неполный день;Полная занятость;Ярославская область;Ярославль;904;Поддержание чистоты производственных помещений, складов и прилегающих к ним территорий, обеспечение сохранности инвентаря, оборудования, помощь в работе другим сотрудникам предприятия. Дисциплинированность, коммуникабельность, ответственность;https://trudvsem.ru/vacancy/card/1187627037070/d2c5efd8-1c30-11ef-b370-e7d0d2cf29b1;41316fffbf660a042d68141b7239485a
2024;Курьер лёгких заказов;Работа сегодня (ИП Холин Андрей Сергеевич);90000;163000;RUB;Гибкий график;Временная занятость;Ярославская область;Ярославль;573;✨ Привет! Мы ищем именно тебя: активных и целеустремленных, готовых к новым достижениям. ✨ Присоединяйся к нашей команде и начинай зарабатывать уже сегодня! ⚡️ Почему это круто: 1️⃣ Заработок до 7000 руб./день — чем активнее ты, тем больше заработок. 2️⃣ Гибкий график — работай, когда тебе удобно: утро, день, вечер. 3️⃣ Работа рядом с домом — забудь о долгих поездках. 4️⃣ Ежедневные выплаты — деньги сразу на карту. ⚡️ Твои задачи: Доставка легких заказов и товаров для дома. Вежливое и дружелюбное общение с клиентами. Обеспечение быстрой и качественной доставки. ⚡️ Что требуется: Смартфон с доступом в интернет. Ответственность и пунктуальность. ⚡️ Наши условия: Гибкий график: работа от 1 до 12 часов в день, 2-3 раза в неделю или полная занятость. Повышенные тарифы: дополнительные премии за работу в пиковые периоды. Финансовые бонусы: за качественное выполнение работы и активность. ⭐ Как присоединиться: Нажми ОТКЛИКНУТЬСЯ и начни работать уже сегодня! Если есть вопросы, пиши нам в WhatsApp — мы всегда на связи, чтобы помочь. ОБРАЩАЕМ ВНИМАНИЕ, после отклика на данную вакансию потребуется предоставление информации или выполнение иных действий на сторонних информационных ресурсах. Не упусти возможность заработать этим летом! Мест ограничено, действуй быстро! Наша вакансия также подойдет вам, если вы искали: работа курьером СберМаркет, работа доставка курьером, пеший курьер, работа пешим курьером, доставщик, курьер, свободный график, гибкий график, удобный график, свободный график, работа рядом с домом, без опыта, начинающий специалист, работа на выходные, в вечернее время, в дневное время, подработка, работа выходного дня, курьер ВкусВилл, курьер Деливери, курьер Яндекс, работа курьером Деливери, работа курьером Самокат, работа курьером Яндекс Лавка, работа курьером Яндекс Еда, Озон, Ozon.;https://hh.ru/vacancy/105879034;efac0ba06943e2df3cb7116c62c05dc1
2024;Подсобный рабочий;"ОБЩЕСТВО С ОГРАНИЧЕННОЙ ОТВЕТСТВЕННОСТЬЮ ""ГОТЭК-ПОЛИПАК ПЕРЕСЛАВЛЬ""";19300;0;RUB;Неполный день;Частичная занятость;Ярославская область;Ярославль;904;Должностные обязанности в соответствии с трудовым договором и должностной инструкцией. Режим работы - 2 часа в день. Оплата в зависимости от отработанного времени (4810,5 р. к начислению) Ответственность, коммуникабельность, умение работать в команде. Вакансия для несовершеннолетних. Социальный пакет Работа на 0.25 ставки, (заработная плата при условии работы на условиях неполного рабочего времени = 4 810,5 р. в месяц) Продолжительность рабочего дня - 2 часа (5 дней в неделю).;https://trudvsem.ru/vacancy/card/1157627004336/be2cc258-74e2-11ef-91c8-e73e8fa159bf;2d75706f7cc9d164d602eb842883a34f
2025;Курьер в доставку Кафе (легкие заказы 2-3 кг);Работа-Подработка: Курьер, Кладовщик, Сборщик;115879;235467;RUB;Полный день;Частичная занятость;Ярославская область;Ярославль;0;Добрый день уважаемый соискатель!Нам требуется курьер с ежедневной оплатой на подработку или как на основную работу!В данный момент у нас 11 категорий доставок, а именно доставка ЦВЕТОВ, ДОКУМЕНТОВ, ЗООТОВАРОВ, АПТЕКИ, ЭЛЕКТРОНИКА и т.дОбязанности- Доставка небольших посылок (время доставок вы выбираете самостоятельно -сами)- Выполнение заказов через приложение- Очень много заказав- Доставки по районуТребования- Телефон андроид или айфон- Желание зарабатыватьУсловия:- Ежедневные выплаты: до 7000 руб./день.- Близко к дому: доставки в твоем районе.- Легкие заказы: вес до 2 кг.- Гибкое расписание (время и количество рабочих часов выбираете самостоятельно)- Нет обязательного плана по доставкеНажмите ОТКЛИКНУТЬСЯ прямо сейчас и получите все подробности о работе! менеджер 24/7 готов ответить на вопросы и помочь с оформлением. Не упустите свой шанс начать уже сегодня!Также подойдет, если вы искали: «курьер, подработка с ежедневными выплатами, ежедневная оплата, свободный график, ночной курьер, вечерний курьер, доставка, лавка, документы, груз, сервис, пеший курьер, оплата каждый день, подработка, работа рядом с домом, достависта, график, свободный, пеший курьер, работа по району, официальное трудоустройство, зарплата, ЗП, оплата, доставка, работа курьером, курьер, еженедельная, ежедневная, на руки курьеру, подработка, прямой работодатель, ищу работу, время, работа без опыта, оплата сразу, утреннее, дневное, вечернее , время, режим»ОБРАЩАЕМ ВНИМАНИЕ, после отклика на данную вакансию потребуется предоставление информации или выполнение иных действий на сторонних информационных ресурсах.;https://hh.ru/vacancy/122765647;a016a97b8623cd5f622f89c674440f74
2025;Подсобный рабочий;"АКЦИОНЕРНОЕ ОБЩЕСТВО ""ПРОИЗВОДСТВЕННОЕ ОБЪЕДИНЕНИЕ ""СЕВЕРНЫЙ МАШИНОСТРОИТЕЛЬНЫЙ ЗАВОД""";23000;23000;RUB;;Полная занятость;Ярославская область;Ярославль;904;"Погрузка, разгрузка, перемещение грузов, не трубующих осторожности; осуществление мелких ремонтных работ Исполнительность";https://trudvsem.ru/vacancy/card/1187746710007/c9a45ff0-f43d-11ef-814b-d549be31d974;2d9fdf0978fc986ca98dd655ea6954c8
2025;Подсобный рабочий;"ОБЩЕСТВО С ОГРАНИЧЕННОЙ ОТВЕТСТВЕННОСТЬЮ ""ГОТЭК-ПОЛИПАК ПЕРЕСЛАВЛЬ""";23000;0;RUB;;Частичная занятость;Ярославская область;Ярославль;904;Должностные обязанности в соответствии с трудовым договором и должностной инструкцией. Режим работы - 2 часа в день. Оплата в зависимости от отработанного времени (4810,5 р. к начислению) Ответственность, коммуникабельность, умение работать в команде. Вакансия для несовершеннолетних. Социальный пакет Работа на 0.25 ставки, (заработная плата при условии работы на условиях неполного рабочего времени = 4 810,5 р. в месяц) Продолжительность рабочего дня - 2 часа (5 дней в неделю).;https://trudvsem.ru/vacancy/card/1157627004336/8376de88-b145-11ef-b0af-d549be31d974;4bc05f9184e4b715b4bd36404242bc1d
2025;Курьер в доставку Кафе;Работа-Подработка: Курьер, Кладовщик, Сборщик;135000;220000;RUB;Полный день;Частичная занятость;Ярославская область;Ярославль;0;Добрый день уважаемый соискатель!Нам требуется курьер с ежедневной оплатой на подработку или как на основную работу!В данный момент у нас 11 категорий доставок, а именно доставка ЦВЕТОВ, ДОКУМЕНТОВ, ЗООТОВАРОВ, АПТЕКИ, ЭЛЕКТРОНИКА и т.дОбязанности- Доставка небольших посылок (время доставок вы выбираете самостоятельно -сами)- Выполнение заказов через приложение- Очень много заказав- Доставки по районуТребования- Телефон андроид или айфон- Желание зарабатыватьУсловия:- Ежедневные выплаты: до 7000 руб./день.- Близко к дому: доставки в твоем районе.- Легкие заказы: вес до 2 кг.- Гибкое расписание (время и количество рабочих часов выбираете самостоятельно)- Нет обязательного плана по доставкеНажмите ОТКЛИКНУТЬСЯ прямо сейчас и получите все подробности о работе! Также пишите в мессенджерах WhatsApp/Telegram: менеджер 24/7 готов ответить на вопросы и помочь с оформлением. Не упустите свой шанс начать уже сегодня!Также подойдет, если вы искали: «курьер, подработка с ежедневными выплатами, ежедневная оплата, свободный график, ночной курьер, вечерний курьер, доставка, лавка, документы, груз, сервис, пеший курьер, оплата каждый день, подработка, работа рядом с домом, достависта, график, свободный, пеший курьер, работа по району, официальное трудоустройство, зарплата, ЗП, оплата, доставка, работа курьером, курьер, еженедельная, ежедневная, на руки курьеру, подработка, прямой работодатель, ищу работу, время, работа без опыта, оплата сразу, утреннее, дневное, вечернее , время, режим»ОБРАЩАЕМ ВНИМАНИЕ, после отклика на данную вакансию потребуется предоставление информации или выполнение иных действий на сторонних информационных ресурсах.;https://hh.ru/vacancy/124405185;3568a151762811d52215537ae67223b0
2025;Курьер легких заказов в it компанию (упакованные заказы);Работа-Подработка: Курьер, Кладовщик, Сборщик;135000;220000;RUB;Полный день;Частичная занятость;Ярославская область;Ярославль;0;Добрый день уважаемый соискатель!Нам требуется курьер с ежедневной оплатой на подработку или как на основную работу!В данный момент у нас 11 категорий доставок, а именно доставка ЦВЕТОВ, ДОКУМЕНТОВ, ЗООТОВАРОВ, АПТЕКИ, ЭЛЕКТРОНИКА и т.дОбязанности- Доставка небольших посылок (время доставок вы выбираете самостоятельно -сами)- Выполнение заказов через приложение- Очень много заказав- Доставки по районуТребования- Телефон андроид или айфон- Желание зарабатыватьУсловия:- Ежедневные выплаты: до 7000 руб./день.- Близко к дому: доставки в твоем районе.- Легкие заказы: вес до 2 кг.- Гибкое расписание (время и количество рабочих часов выбираете самостоятельно)- Нет обязательного плана по доставкеНажмите ОТКЛИКНУТЬСЯ прямо сейчас и получите все подробности о работе! Также пишите в мессенджерах WhatsApp/Telegram: менеджер 24/7 готов ответить на вопросы и помочь с оформлением. Не упустите свой шанс начать уже сегодня!Также подойдет, если вы искали: «курьер, подработка с ежедневными выплатами, ежедневная оплата, свободный график, ночной курьер, вечерний курьер, доставка, лавка, документы, груз, сервис, пеший курьер, оплата каждый день, подработка, работа рядом с домом, достависта, график, свободный, пеший курьер, работа по району, официальное трудоустройство, зарплата, ЗП, оплата, доставка, работа курьером, курьер, еженедельная, ежедневная, на руки курьеру, подработка, прямой работодатель, ищу работу, время, работа без опыта, оплата сразу, утреннее, дневное, вечернее , время, режим»ОБРАЩАЕМ ВНИМАНИЕ, после отклика на данную вакансию потребуется предоставление информации или выполнение иных действий на сторонних информационных ресурсах.;https://hh.ru/vacancy/124405330;05cbea09ac856a1c4710ff8f39504e21
2023;Вечерний курьер легких заказов (подработка);Центр обучения курьеров;60000;125000;RUB;Гибкий график;Частичная занятость;Ярославская область;Ярославль;573;Курьер легких заказов (подработка) Только по микрорайону у дома (заказы собраны, и оплачены) ✔️ ЕЖЕДНЕВНЫЕ ВЫПЛАТЫ ✔️ ТЕЛЕФОН НА БАЗЕ АНДРОИД ИЛИ АЙФОН ✔️ ВЫПЛАТЫ 3.000- 5.500 за день (от времени работы) ✔️ ПРИНИМАЕМ БЕЗ ОПЫТА (обучим и поможем) ❗️НЕТ КОМИССИИ С ЗАКАЗОВ - у нас без процентов УСЛОВИЯ РАБОТЫ: Можно использовать как подработку ( Легко совмещать с учебой или работой ) Заказы на доставку собраны и оплачены. Вы только доставляете! Район на выбор, можно менять каждую смену (7-10 мин среднее время доставки ) Чаевые и доплаты 100% ваши, за заказы комиссии нет! Прием ЕЖЕДНЕВНО (и в выходные)! ЗАРАБОТОК: Средняя оплата за 4 часа около 1.800 руб. и выше зависит от скорости работы Условия выплат: Ежедневно на карту до 450 рублей в час + надбавки и бонусы ‼️ Во время повышенного спроса до 550рублей в час ‼️ ЖМИ ОТКЛИКНУТЬСЯ! Также подойдет, если вы искали: документы, работа курьером, курьер, курьер с ежедневной оплатой, курьер пеший, курьер подработка, курьер выходного дня, день, вечер, утро, в ночь, вечером, свободный график, пешком, яндекс доставка, доставщик , лавка, яндекс про, яндекс маркет, сбермаркет, деливери клаб, delivery club, dostavista, достависта, курьер додо, озон, сдек, доставка суши, доставка еды, еду, доставка документов посылок, устроиться курьером, работа в районе, курьер с ежедневной оплатой, подработка с ежедневными выплатами, работа рядом с домом, без опыта, оплата каждый день;https://hh.ru/vacancy/81231583;6754b6094aea5534b96e3dc524c8da47
2025;Курьер в доставку Кафе (легкие заказы 2-3 кг);Работа-Подработка: Курьер, Кладовщик, Сборщик;115879;235467;RUB;Полный день;Частичная занятость;Ярославская область;Ярославль;0;Добрый день уважаемый соискатель!Нам требуется курьер с ежедневной оплатой на подработку или как на основную работу!В данный момент у нас 11 категорий доставок, а именно доставка ЦВЕТОВ, ДОКУМЕНТОВ, ЗООТОВАРОВ, АПТЕКИ, ЭЛЕКТРОНИКА и т.дОбязанности- Доставка небольших посылок (время доставок вы выбираете самостоятельно -сами)- Выполнение заказов через приложение- Очень много заказав- Доставки по районуТребования- Телефон андроид или айфон- Желание зарабатыватьУсловия:- Ежедневные выплаты: до 7000 руб./день.- Близко к дому: доставки в твоем районе.- Легкие заказы: вес до 2 кг.- Гибкое расписание (время и количество рабочих часов выбираете самостоятельно)- Нет обязательного плана по доставкеНажмите ОТКЛИКНУТЬСЯ прямо сейчас и получите все подробности о работе! Также пишите в мессенджерах WhatsApp/Telegram: менеджер 24/7 готов ответить на вопросы и помочь с оформлением. Не упустите свой шанс начать уже сегодня!Также подойдет, если вы искали: «курьер, подработка с ежедневными выплатами, ежедневная оплата, свободный график, ночной курьер, вечерний курьер, доставка, лавка, документы, груз, сервис, пеший курьер, оплата каждый день, подработка, работа рядом с домом, достависта, график, свободный, пеший курьер, работа по району, официальное трудоустройство, зарплата, ЗП, оплата, доставка, работа курьером, курьер, еженедельная, ежедневная, на руки курьеру, подработка, прямой работодатель, ищу работу, время, работа без опыта, оплата сразу, утреннее, дневное, вечернее , время, режим»ОБРАЩАЕМ ВНИМАНИЕ, после отклика на данную вакансию потребуется предоставление информации или выполнение иных действий на сторонних информационных ресурсах.;https://hh.ru/vacancy/120662700;a016a97b8623cd5f622f89c674440f74
2023;подсобный рабочий (НС);МУНИЦИПАЛЬНОЕ ОБЩЕОБРАЗОВАТЕЛЬНОЕ УЧРЕЖДЕНИЕ БРЕЙТОВСКАЯ СРЕДНЯЯ ОБЩЕОБРАЗОВАТЕЛЬНАЯ ШКОЛА;16242;0;RUB;Неполный день;Временная занятость;Ярославская область;Ярославль;904;Благоустройство пришкольного участка. Ответственнность. Организация времнного трудоустройства несовершеннолетних граждан в возрасте от 14 до 18 лет в свободное от учебы время. Работа с сокращенным рабочим днем 05, ставки 8121руб.;https://trudvsem.ru/vacancy/card/1027601492489/abe1b065-1719-11ee-bf88-dd0276383d19;5bf22511895f2f03adc8ba4ddc8f8516
2025;подсобный рабочий;"ОБЩЕСТВО С ОГРАНИЧЕННОЙ ОТВЕТСТВЕННОСТЬЮ ПРОИЗВОДСТВЕННО-КОММЕРЧЕСКАЯ ФИРМА ""СИЛУЭТ""";25000;35000;RUB;;Полная занятость;Ярославская область;Ярославль;904;сортировка продукции по асортименту укладка продукции по асортименту перемещение продукции по участкам ответственность, исполнительность;https://trudvsem.ru/vacancy/card/1037600201540/40f99d88-0df3-11f0-9c59-e7d0d2cf29b1;5bd7ffdcae4276c703e7af78425ef97d
2025;Курьер в доставку Кафе (легкие заказы 2-3 кг);Работа-Подработка: Курьер, Кладовщик, Сборщик;135000;220000;RUB;Полный день;Частичная занятость;Ярославская область;Ярославль;0;Добрый день уважаемый соискатель!Нам требуется курьер с ежедневной оплатой на подработку или как на основную работу!В данный момент у нас 11 категорий доставок, а именно доставка ЦВЕТОВ, ДОКУМЕНТОВ, ЗООТОВАРОВ, АПТЕКИ, ЭЛЕКТРОНИКА и т.дОбязанности- Доставка небольших посылок (время доставок вы выбираете самостоятельно -сами)- Выполнение заказов через приложение- Очень много заказав- Доставки по районуТребования- Телефон андроид или айфон- Желание зарабатыватьУсловия:- Ежедневные выплаты: до 7000 руб./день.- Близко к дому: доставки в твоем районе.- Легкие заказы: вес до 2 кг.- Гибкое расписание (время и количество рабочих часов выбираете самостоятельно)- Нет обязательного плана по доставкеНажмите ОТКЛИКНУТЬСЯ прямо сейчас и получите все подробности о работе! Также пишите в мессенджерах WhatsApp/Telegram: менеджер 24/7 готов ответить на вопросы и помочь с оформлением. Не упустите свой шанс начать уже сегодня!Также подойдет, если вы искали: «курьер, подработка с ежедневными выплатами, ежедневная оплата, свободный график, ночной курьер, вечерний курьер, доставка, лавка, документы, груз, сервис, пеший курьер, оплата каждый день, подработка, работа рядом с домом, достависта, график, свободный, пеший курьер, работа по району, официальное трудоустройство, зарплата, ЗП, оплата, доставка, работа курьером, курьер, еженедельная, ежедневная, на руки курьеру, подработка, прямой работодатель, ищу работу, время, работа без опыта, оплата сразу, утреннее, дневное, вечернее , время, режим»ОБРАЩАЕМ ВНИМАНИЕ, после отклика на данную вакансию потребуется предоставление информации или выполнение иных действий на сторонних информационных ресурсах.;https://hh.ru/vacancy/124405401;73bea92cb894165a13f98274a03b4b22
2025;Курьер легких заказов в it компанию (упакованные заказы);Работа-Подработка: Курьер, Кладовщик, Сборщик;135000;220000;RUB;Полный день;Частичная занятость;Ярославская область;Ярославль;0;Добрый день уважаемый соискатель!Нам требуется курьер с ежедневной оплатой на подработку или как на основную работу!В данный момент у нас 11 категорий доставок, а именно доставка ЦВЕТОВ, ДОКУМЕНТОВ, ЗООТОВАРОВ, АПТЕКИ, ЭЛЕКТРОНИКА и т.дОбязанности- Доставка небольших посылок (время доставок вы выбираете самостоятельно -сами)- Выполнение заказов через приложение- Очень много заказав- Доставки по районуТребования- Телефон андроид или айфон- Желание зарабатыватьУсловия:- Ежедневные выплаты: до 7000 руб./день.- Близко к дому: доставки в твоем районе.- Легкие заказы: вес до 2 кг.- Гибкое расписание (время и количество рабочих часов выбираете самостоятельно)- Нет обязательного плана по доставкеНажмите ОТКЛИКНУТЬСЯ прямо сейчас и получите все подробности о работе! Также пишите в мессенджерах WhatsApp/Telegram: менеджер 24/7 готов ответить на вопросы и помочь с оформлением. Не упустите свой шанс начать уже сегодня!Также подойдет, если вы искали: «курьер, подработка с ежедневными выплатами, ежедневная оплата, свободный график, ночной курьер, вечерний курьер, доставка, лавка, документы, груз, сервис, пеший курьер, оплата каждый день, подработка, работа рядом с домом, достависта, график, свободный, пеший курьер, работа по району, официальное трудоустройство, зарплата, ЗП, оплата, доставка, работа курьером, курьер, еженедельная, ежедневная, на руки курьеру, подработка, прямой работодатель, ищу работу, время, работа без опыта, оплата сразу, утреннее, дневное, вечернее , время, режим»ОБРАЩАЕМ ВНИМАНИЕ, после отклика на данную вакансию потребуется предоставление информации или выполнение иных действий на сторонних информационных ресурсах.;https://hh.ru/vacancy/124405509;05cbea09ac856a1c4710ff8f39504e21
2025;подсобный рабочий;"ОБЩЕСТВО С ОГРАНИЧЕННОЙ ОТВЕТСТВЕННОСТЬЮ ПРОИЗВОДСТВЕННО-КОММЕРЧЕСКАЯ ФИРМА ""СИЛУЭТ""";25000;35000;RUB;;Полная занятость;Ярославская область;Ярославль;904;сортировка продукции по асортименту укладка продукции по асортименту перемещение продукции по участкам ответственность, исполнительность;https://trudvsem.ru/vacancy/card/1037600201540/ebe18da8-4271-11ef-9cce-cb26dff57dd7;5bd7ffdcae4276c703e7af78425ef97d
2024;Курьер;Птицына Анастасия Андреевна;69420;139037;RUB;Сменный график;Частичная занятость;Ярославская область;Переславль-Залесский;573;Заработай в сезон БОЛЬШЕ с высокими тарифами 16+! Требуются курьеры, у нас свободный график (можно работать у дома)!Можно работать пешком или на любом своем транспорте. ❗️❗️МОЖНО работать НА АЙФОНЕ❗️❗️И на андроиде тоже можно. ✔️ СВОБОДНЫЙ ГРАФИК ✔️ ОПЛАТА 3.500- 4.000- 5.600 за день. Зависит от времени работы. ✔️ ПРИНИМАЕМ БЕЗ ОПЫТА. Обучим - покажем. ❗️Оформление без записи в трудовую книжку! ПО РАБОТЕ: Можно использовать как подработку(Легко совмещать с учебой или работой) Район на выбор(10 мин среднее время доставки) Заказы на доставку собраны и оплачены. Вы только доставляете. Чаевые и доплаты 100% ваши,за заказы комиссии нет! Прием ЕЖЕДНЕВНО (даже в выходные)! ДОХОД: Оплата за 4 часа - до 4.000 руб.(зависит от района и времени суток) ЖМИ ОТКЛИКНУТЬСЯ Мы пришлем информацию в ответном сообщении в течение пары минут и скоро напишем в WhatsApp Наша вакансия также подойдет вам, если вы искали: работа курьером СберМаркет, работа доставка курьером, пеший курьер, работа пешим курьером, доставщик, курьер, свободный график, гибкий график, удобный график, свободный график, работа рядом с домом, без опыта, начинающий специалист, работа на выходные, в вечернее время, в дневное время, подработка, работа выходного дня, курьер ВкусВилл, курьер Деливери, курьер Яндекс, работа курьером Деливери, работа курьером Самокат, работа курьером Яндекс Лавка, работа курьером Яндекс Еда, Озон, Ozon. ЖМИ ОТКЛИКНУТЬСЯ!;https://hh.ru/vacancy/104155108;b7020fe0ed0e0b1314d32f4be53628f5
2023;Утренний/вечерний курьер на лёгкие посылки, подработка;Птицына Анастасия Андреевна;89420;135037;RUB;Гибкий график;Частичная занятость;Ярославская область;Ярославль;573;Заработай на НОВЫЙ ГОД с высокими тарифами 14+! Требуются курьеры, у нас свободный график (можно работать у дома)! ❗️❗️МОЖНО работать НА АЙФОНЕ❗️❗️И на андроиде тоже можно. ✔️ С ЕЖЕДНЕВНЫМИ ВЫПЛАТАМИ ✔️ ОПЛАТА 3.500- 4.000- 6.400 за день (зависит от времени работы) ✔️ ПРИНИМАЕМ БЕЗ ОПЫТА (обучим - покажем) ❗️Оформление без записи в трудовую книжку! ПО РАБОТЕ: Можно использовать как подработку(Легко совмещать с учебой или работой) Район на выбор, можно менять каждую смену(7-10 мин среднее время доставки) Заказы на доставку собраны и оплачены. Вы только доставляете(Вес до 5 кг) Чаевые и доплаты 100% ваши,за заказы комиссии нет! Прием ЕЖЕДНЕВНО (даже в выходные)! ДОХОД: Средняя оплата за 4 часа - около 3.000 руб. Акция приведи друга - получи до 10тр ЖМИ ОТКЛИКНУТЬСЯ Мы пришлем информацию в ответном сообщении в течение пары минут и чуть позднее напишем в WhatsApp Данная вакансия также подойдет, если вы искали: работа курьером, курьер, курьер с ежедневной оплатой, курьер пеший, курьер подработка, курьер выходного дня, свободный график, пешком, яндекс доставка, доставщик яндекс еда, яндекс лавка, яндекс про, яндекс маркет, сбермаркет, деливери клаб, delivery club, dostavista, достависта, курьер додо, озон, сдек, доставка суши, доставка еды, еду, доставка документов посылок, устроиться курьером, работа в районе, курьер с ежедневной оплатой, подработка с ежедневными выплатами, работа рядом с домом, без опыта, оплата каждый день. ЖМИ ОТКЛИКНУТЬСЯ;https://hh.ru/vacancy/90643860;16c19ef8718d589318493a26b488c6e5
2024;Курьер на подработку с ежедневными выплатами;Птицына Анастасия Андреевна;81420;139037;RUB;Сменный график;Частичная занятость;Ярославская область;Тутаев;573;Заработай в сезон БОЛЬШЕ с высокими тарифами 16+ ! Требуются курьеры, у нас свободный график (можно работать у дома)!Можно работать пешком или на любом своем транспорте. ❗️❗️МОЖНО работать НА АЙФОНЕ❗️❗️И на андроиде тоже можно. ✔️ СВОБОДНЫЙ ГРАФИК ✔️ ОПЛАТА 3.500- 4.000- 5.600 за день. Зависит от времени работы. ✔️ ПРИНИМАЕМ БЕЗ ОПЫТА. Обучим - покажем. ❗️Оформление без записи в трудовую книжку! ПО РАБОТЕ: Можно использовать как подработку(Легко совмещать с учебой или работой) Район на выбор(10 мин среднее время доставки) Заказы на доставку собраны и оплачены. Вы только доставляете. Чаевые и доплаты 100% ваши,за заказы комиссии нет! Прием ЕЖЕДНЕВНО (даже в выходные)! ДОХОД: Оплата за 4 часа - до 4.000 руб.(зависит от района и времени суток) ЖМИ ОТКЛИКНУТЬСЯ Мы пришлем информацию в ответном сообщении в течение пары минут и скоро напишем в WhatsApp Данная вакансия также подойдет, если вы искали: работа курьером, курьер, курьер с ежедневной оплатой, курьер пеший, курьер подработка, курьер выходного дня, свободный график, пешком, яндекс доставка, доставщик яндекс еда, яндекс лавка, яндекс про, яндекс маркет, сбермаркет, деливери клаб, delivery club, dostavista, достависта, курьер додо, озон, сдек, доставка суши, доставка еды, еду, доставка документов посылок, устроиться курьером, работа в районе, курьер с ежедневной оплатой, подработка с ежедневными выплатами, работа рядом с домом, без опыта, оплата каждый день. ЖМИ ОТКЛИКНУТЬСЯ!;https://hh.ru/vacancy/107883201;9c582d5e60e48036ba443eeda045b423
2024;Разнорабочий;"ОБЩЕСТВО С ОГРАНИЧЕННОЙ ОТВЕТСТВЕННОСТЬЮ ""ЯРОСЛАВСКИЙ КАРТОФЕЛЬ""";17000;0;RUB;Неполный день;Частичная занятость;Ярославская область;Ярославль;904;Содержит в чистоте подсобные помещения, места хранения товарно-материальных ценностей. без требований возможно доставка транспортом предприятия;https://trudvsem.ru/vacancy/card/1157627010265/973427d5-b438-11ee-afeb-a3cd0470df2e;7b4b3dd1c500b61dc2b80cb81478ebe1
2025;Оператор на социологические опросы (Не продажи);Социс-М;35000;40000;RUB;Удаленная работа;Частичная занятость;Ярославская область;Ярославль;0;"Здравствуйте! Давайте знакомиться, Мы команда Социс-М!Наша компания является одной из наиболее крупной независимой компанией, которая специализируется на проведении социологических и маркетинговых исследований уже 25 лет!У НАС НЕТ ПРОДАЖ! НЕТ РЕКЛАМЫ!С нами сотрудничают такие компании как ВЦИОМ, ФОМ, ИНСОМАР, нам доверяют!У нас работает более 500 сотрудников по всей России, наша команда постоянно растет, мы развиваемся и расширяемся и сейчас в нашу команду требуются операторы для проведения социологических опросов абсолютно на разные темы!Еще не было опыта в такой сфере? Не страшно, мы всему обучим!У нас предусмотрено двухдневное обучение и наставничество.ЧТО НУЖНО ДЕЛАТЬ:Проводить интервью, а именно работать за компьютером. Все автоматизировано: специальная программа прозванивает базу и соединяет Вас с респондентом, в браузере открывается анкета с вопросами, а наша задача провести опрос и внести данные в анкету. Все просто!ПОЧЕМУ СТОИТ ИДТИ К НАМ? ⭐ Стабильная заработная плата 2 раза в месяц без задержекчасовая став70 руб./часот 4-6 часов 180 руб./часболее 6 часов 200 руб./часПосле прохождения стажировки и присвоения статуса «опытный оператор» + будут бонусы за успешные анкеты; + различные розыгрыши, денежные вознаграждения за Ваши достижения!⭐Гибкий график, возможно выбирать его самостоятельно для себя и работать в удобное для Вас время в промежутке с 08:00-21:00 по МСК;работайте от 20 часов за половину месяцаМИНИМАЛЬНАЯ СМЕНА 3 ЧАСА ⭐Удаленная работа: работайте из любой точки мира, не тратите время и деньги на дорогу в офис. Работаете там, где удобно ⭐ Дополнительные бонусы: премии за стаж, у нас есть возможность получать 13 зарплату! ⭐ Реферальные программы: дополнительное вознаграждение за каждого приведённого друга, пришедшего и работающего в нашей компании по вашей рекомендации; ⭐Трудоустройство: рассмотрим наиболее удобный для вас вариант ( ТК РФ, самозанятость) Полностью дистанционное оформление. Ехать никуда не потребуется. ⭐ Профессиональное обучение: лучшие наши менеджеры по обучению с большим опытом, научат вас всему необходимому.Что для нас важно: * Для работы потребуется компьютер/ноутбук, стабильный интернет и наушники со встроенным микрофоном (телефонные наушники для работы не подходят);* Базовые знания ПК;* Четкая и грамотная письменная и устная речь;* Опыт работы не требуется. Если вы ищете удобный свободный график, подработку, или удаленную работу, а так же Вам интересно выполнять социально значимую работу, то эта вакансия точно подходит для вас!Присоединяйтесь к нашей команде! Будем расти и развиваться вместе!Откликайся, приводи друзей, стань частью нашей команды и зарабатывай! Наша вакансия подходит также для тех, кто ищет: оператор, начинающий специалист, оператор колл-центра, продавец-консультант, менеджер по работе с клиентами, горячая линия, оператор линии, без опыта, удаленная работа, кассир, операционист, подработка.";https://hh.ru/vacancy/122795329;fd23604c06dee91f3c9f8f44205031e4
2025;Разнорабочий;"ОБЩЕСТВО С ОГРАНИЧЕННОЙ ОТВЕТСТВЕННОСТЬЮ ""БАРЛЕЙ Б.С.""";23000;23000;RUB;;Полная занятость;Ярославская область;Ярославль;0;Обеспечение помощи специалистам на своем участке работ. Участие в уборке и выносе мусора после произведенных работ на территории предприятия. Помощь в устранении поломок оборудования в пределах своей компетенции. Хранение выданного инвентаря, спецодежды и уход за ними. Переноска грузов, их погрузка и разгрузка. Взаимодействие с коллегами по проведению необходимых вспомогательных работ. Отслеживание ситуации по возможным поломкам оборудования и другим возможным проблемным моментам. Помощь специалистам в чистке и мойке инвентаря и инструментов. Поддержание норм безопасности на предприятии Коммуникабельнось, дисциплинированность;https://trudvsem.ru/vacancy/card/1047602211623/e48a1718-a441-11f0-8bdd-abd4f0e64f6f;e153dfc068e497dc982dc8303e61450b
2025;Архивариус;"ПУБЛИЧНОЕ АКЦИОНЕРНОЕ ОБЩЕСТВО ""ОДК-САТУРН""";23000;23000;RUB;;Полная занятость;Ярославская область;Ярославль;754;В соответствии с трудовым договором и должностной инструкцией Прием на работу по результатам собеседования. Ответственность. Образование: Среднее Режим работы односменный (до 16 лет: с 8-00 до 14-00, от 16 до 18 лет: с 8-00 до 16-00 (1 час обед)). Медицинское обслуживание, санаторно-курортное обеспечение, условия для приема пищи во время перерыва;https://trudvsem.ru/vacancy/card/1027601106169/b72aa030-4511-11f0-892a-d549be31d974;9efdb519feb1f6cb93eea448f3471223
2024;Обработчик легких посылок на пункт выдачи заказов;Кондратьева Наталья Михайловна;69000;90700;RUB;Гибкий график;Частичная занятость;Ярославская область;Ярославль;1052;Обработчик легких посылок на пункт выдачи заказов Открыта СРОЧНАЯ вакансия обработчика легких посылок в своем районе (Подработка или на полный день). Сборщик может работать утром/днем/вечером, когда удобно. Вы только собираете. ОСТАВЬТЕ ОТКЛИК СЕЙЧАС, ПОТОМУ ЧТО: ✔️ Сейчас МОРЕ заказов, что позволяет зарабатывать больше других. ✔️ Места ограничены. Успейте устроиться пока есть вакансия у дома ✔️ Оплата 2000-3200 в день. С нами можно накопить на мечту. САМЫЕ выгодные условия для Вас только у нас: Гибкий график (от 4 часов, без опыта) Работа возле дома или в удобном для Вас районе ( ~300-500 метров от дома) Самые высокие ставки в Вашем городе (до 300 рублей в час) Скидки и акции от нас и наших партнеров (обслуживание авто, еда, техника и т.д.) Возможности роста и развития без потолка Еженедельные выплаты (каждую пятницу без задержек) Мы гордимся Вашими выплатами: ✔️ Средняя оплата за 4 часа от 1000 руб. и выше зависит от часов работы! ✔️ Еженедельно на карту до 260 рублей в час + надбавки и бонусы ✔️ Во время повышенного спроса до 300 рублей в час Присоединяйтесь к дружной команде и начинайте зарабатывать уже сегодня больше других! Приветствуется опыт работы в компании Деливери Клаб, Яндекс.Еда, Ozon, Ламода, Самокат, Вайлдберриз, Утконос, Перекресток, Азбука вкуса, О’кей, Мetro, DPD, СДЭК, Додо Пицца, КФС, Бургер Кинг, Пятерочка, Достависта, а так же в других компанияхВозможно вы ищете: подработка с ежедневными выплатами, работа рядом с домом, работа на районе, оплата каждый день, еженедельная оплата, ежедневная оплата, прямой работодатель, ищу работу, подработка в вечернее время, работа в утреннее время, работа в дневное время, режим работы, сдэк, сдек, подработка на выходные, работа для начинающих, работа по совместительству, гибкий график, работа у дома, свободный график, работа рядом оплата сразу, утреннее, дневное, вечернее, время, режим, ночная работа, работа без опыта, опыт не требуется ОБРАЩАЕМ ВНИМАНИЕ, после отклика на данную вакансию потребуется предоставление информации или выполнение иных действий на сторонних информационных ресурсах.;https://hh.ru/vacancy/108662930;d22befa3290c3c790427d71d21d0deb5
2025;переводчик с китайского языка;"ОБЩЕСТВО С ОГРАНИЧЕННОЙ ОТВЕТСТВЕННОСТЬЮ ""НАУЧНО-ИССЛЕДОВАТЕЛЬСКИЙ ИНСТИТУТ КОСМИЧЕСКИХ И АВИАЦИОННЫХ МАТЕРИАЛОВ""";25000;25000;RUB;;Полная занятость;Ярославская область;Ярославль;893;Поиск технической литературы, перевод с китайского и обратно без опыта;https://trudvsem.ru/vacancy/card/1067608017927/85e13f88-c1f3-11ef-833b-cb26dff57dd7;8ee615630af8f4317acd6909c0eccee3
2025;Подсобный рабочий;"ОБЩЕСТВО С ОГРАНИЧЕННОЙ ОТВЕТСТВЕННОСТЬЮ ""ГОТЭК-ПОЛИПАК ПЕРЕСЛАВЛЬ""";23000;23000;RUB;;Частичная занятость;Ярославская область;Ярославль;0;Должностные обязанности в соответствии с трудовым договором и должностной инструкцией. Режим работы - 2 часа в день. Ответственность, коммуникабельность, умение работать в команде. Вакансия для несовершеннолетних. Социальный пакет Работа на 0.25 ставки, (заработная плата при условии работы на условиях неполного рабочего времени = 4 750 р. в месяц) Продолжительность рабочего дня - 2 часа (5 дней в неделю).;https://trudvsem.ru/vacancy/card/1157627004336/cc403070-7bf8-11f0-b264-abd4f0e64f6f;4bc05f9184e4b715b4bd36404242bc1d
2025;Курьер в доставку Кафе (легкие заказы 2-3 кг);Работа-Подработка: Курьер, Кладовщик, Сборщик;135000;220000;RUB;Полный день;Частичная занятость;Ярославская область;Ярославль;0;Добрый день уважаемый соискатель!Нам требуется курьер с ежедневной оплатой на подработку или как на основную работу!В данный момент у нас 11 категорий доставок, а именно доставка ЦВЕТОВ, ДОКУМЕНТОВ, ЗООТОВАРОВ, АПТЕКИ, ЭЛЕКТРОНИКА и т.дОбязанности- Доставка небольших посылок (время доставок вы выбираете самостоятельно -сами)- Выполнение заказов через приложение- Очень много заказав- Доставки по районуТребования- Телефон андроид или айфон- Желание зарабатыватьУсловия:- Ежедневные выплаты: до 7000 руб./день.- Близко к дому: доставки в твоем районе.- Легкие заказы: вес до 2 кг.- Гибкое расписание (время и количество рабочих часов выбираете самостоятельно)- Нет обязательного плана по доставкеНажмите ОТКЛИКНУТЬСЯ прямо сейчас и получите все подробности о работе! Также пишите в мессенджерах WhatsApp/Telegram: менеджер 24/7 готов ответить на вопросы и помочь с оформлением. Не упустите свой шанс начать уже сегодня!Также подойдет, если вы искали: «курьер, подработка с ежедневными выплатами, ежедневная оплата, свободный график, ночной курьер, вечерний курьер, доставка, лавка, документы, груз, сервис, пеший курьер, оплата каждый день, подработка, работа рядом с домом, достависта, график, свободный, пеший курьер, работа по району, официальное трудоустройство, зарплата, ЗП, оплата, доставка, работа курьером, курьер, еженедельная, ежедневная, на руки курьеру, подработка, прямой работодатель, ищу работу, время, работа без опыта, оплата сразу, утреннее, дневное, вечернее , время, режим»ОБРАЩАЕМ ВНИМАНИЕ, после отклика на данную вакансию потребуется предоставление информации или выполнение иных действий на сторонних информационных ресурсах.;https://hh.ru/vacancy/124491506;73bea92cb894165a13f98274a03b4b22
2025;Курьер;Работа-Подработка: Курьер, Кладовщик, Сборщик;135000;220000;RUB;Полный день;Частичная занятость;Ярославская область;Ярославль;0;Добрый день уважаемый соискатель!Нам требуется курьер с ежедневной оплатой на подработку или как на основную работу!В данный момент у нас 11 категорий доставок, а именно доставка ЦВЕТОВ, ДОКУМЕНТОВ, ЗООТОВАРОВ, АПТЕКИ, ЭЛЕКТРОНИКА и т.дОбязанности- Доставка небольших посылок (время доставок вы выбираете самостоятельно -сами)- Выполнение заказов через приложение- Очень много заказав- Доставки по районуТребования- Телефон андроид или айфон- Желание зарабатыватьУсловия:- Ежедневные выплаты: до 7000 руб./день.- Близко к дому: доставки в твоем районе.- Легкие заказы: вес до 2 кг.- Гибкое расписание (время и количество рабочих часов выбираете самостоятельно)- Нет обязательного плана по доставкеНажмите ОТКЛИКНУТЬСЯ прямо сейчас и получите все подробности о работе! Также пишите в мессенджерах WhatsApp/Telegram: менеджер 24/7 готов ответить на вопросы и помочь с оформлением. Не упустите свой шанс начать уже сегодня!Также подойдет, если вы искали: «курьер, подработка с ежедневными выплатами, ежедневная оплата, свободный график, ночной курьер, вечерний курьер, доставка, лавка, документы, груз, сервис, пеший курьер, оплата каждый день, подработка, работа рядом с домом, достависта, график, свободный, пеший курьер, работа по району, официальное трудоустройство, зарплата, ЗП, оплата, доставка, работа курьером, курьер, еженедельная, ежедневная, на руки курьеру, подработка, прямой работодатель, ищу работу, время, работа без опыта, оплата сразу, утреннее, дневное, вечернее , время, режим»ОБРАЩАЕМ ВНИМАНИЕ, после отклика на данную вакансию потребуется предоставление информации или выполнение иных действий на сторонних информационных ресурсах.;https://hh.ru/vacancy/124492097;9ae0800c4df10c9116ca54441ec70d6c
2025;Курьер легких заказов в it компанию (упакованные заказы);Работа-Подработка: Курьер, Кладовщик, Сборщик;135000;220000;RUB;Полный день;Частичная занятость;Ярославская область;Ярославль;0;Добрый день уважаемый соискатель!Нам требуется курьер с ежедневной оплатой на подработку или как на основную работу!В данный момент у нас 11 категорий доставок, а именно доставка ЦВЕТОВ, ДОКУМЕНТОВ, ЗООТОВАРОВ, АПТЕКИ, ЭЛЕКТРОНИКА и т.дОбязанности- Доставка небольших посылок (время доставок вы выбираете самостоятельно -сами)- Выполнение заказов через приложение- Очень много заказав- Доставки по районуТребования- Телефон андроид или айфон- Желание зарабатыватьУсловия:- Ежедневные выплаты: до 7000 руб./день.- Близко к дому: доставки в твоем районе.- Легкие заказы: вес до 2 кг.- Гибкое расписание (время и количество рабочих часов выбираете самостоятельно)- Нет обязательного плана по доставкеНажмите ОТКЛИКНУТЬСЯ прямо сейчас и получите все подробности о работе! Также пишите в мессенджерах WhatsApp/Telegram: менеджер 24/7 готов ответить на вопросы и помочь с оформлением. Не упустите свой шанс начать уже сегодня!Также подойдет, если вы искали: «курьер, подработка с ежедневными выплатами, ежедневная оплата, свободный график, ночной курьер, вечерний курьер, доставка, лавка, документы, груз, сервис, пеший курьер, оплата каждый день, подработка, работа рядом с домом, достависта, график, свободный, пеший курьер, работа по району, официальное трудоустройство, зарплата, ЗП, оплата, доставка, работа курьером, курьер, еженедельная, ежедневная, на руки курьеру, подработка, прямой работодатель, ищу работу, время, работа без опыта, оплата сразу, утреннее, дневное, вечернее , время, режим»ОБРАЩАЕМ ВНИМАНИЕ, после отклика на данную вакансию потребуется предоставление информации или выполнение иных действий на сторонних информационных ресурсах.;https://hh.ru/vacancy/124492442;05cbea09ac856a1c4710ff8f39504e21
2025;Курьер в доставку Кафе;Работа-Подработка: Курьер, Кладовщик, Сборщик;135000;220000;RUB;Полный день;Частичная занятость;Ярославская область;Ярославль;0;Добрый день уважаемый соискатель!Нам требуется курьер с ежедневной оплатой на подработку или как на основную работу!В данный момент у нас 11 категорий доставок, а именно доставка ЦВЕТОВ, ДОКУМЕНТОВ, ЗООТОВАРОВ, АПТЕКИ, ЭЛЕКТРОНИКА и т.дОбязанности- Доставка небольших посылок (время доставок вы выбираете самостоятельно -сами)- Выполнение заказов через приложение- Очень много заказав- Доставки по районуТребования- Телефон андроид или айфон- Желание зарабатыватьУсловия:- Ежедневные выплаты: до 7000 руб./день.- Близко к дому: доставки в твоем районе.- Легкие заказы: вес до 2 кг.- Гибкое расписание (время и количество рабочих часов выбираете самостоятельно)- Нет обязательного плана по доставкеНажмите ОТКЛИКНУТЬСЯ прямо сейчас и получите все подробности о работе! Также пишите в мессенджерах WhatsApp/Telegram: менеджер 24/7 готов ответить на вопросы и помочь с оформлением. Не упустите свой шанс начать уже сегодня!Также подойдет, если вы искали: «курьер, подработка с ежедневными выплатами, ежедневная оплата, свободный график, ночной курьер, вечерний курьер, доставка, лавка, документы, груз, сервис, пеший курьер, оплата каждый день, подработка, работа рядом с домом, достависта, график, свободный, пеший курьер, работа по району, официальное трудоустройство, зарплата, ЗП, оплата, доставка, работа курьером, курьер, еженедельная, ежедневная, на руки курьеру, подработка, прямой работодатель, ищу работу, время, работа без опыта, оплата сразу, утреннее, дневное, вечернее , время, режим»ОБРАЩАЕМ ВНИМАНИЕ, после отклика на данную вакансию потребуется предоставление информации или выполнение иных действий на сторонних информационных ресурсах.;https://hh.ru/vacancy/124492763;3568a151762811d52215537ae67223b0
2024;Подсобный рабочий;"ПЕРВОМАЙСКИЙ ФИЛИАЛ АКЦИОНЕРНОГО ОБЩЕСТВА ""ЯРДОРМОСТ""";19400;19400;RUB;Неполный день;Полная занятость;Ярославская область;Ярославль;904;Выполнение подсобных и вспомогательных работ на территории производственной базы филиала, в помещениях РММ, объектах строительства, ремонта и содержания автодорог. Трудолюбие, коммуникабельность, дисциплинированность Полный социальный пакет, материальная поддержка при определенных жизненных ситуациях;https://trudvsem.ru/vacancy/card/d0a657f0-646d-11ef-bb40-e7d0d2cf29b1/e3507bb8-975d-11ef-995b-cb26dff57dd7;cb4b2439a31378cc996e371a3fffa70b
2024;Ученик токаря;"ПУБЛИЧНОЕ АКЦИОНЕРНОЕ ОБЩЕСТВО ""ТУТАЕВСКИЙ МОТОРНЫЙ ЗАВОД""";19500;0;RUB;Неполный день;Полная занятость;Ярославская область;Ярославль;1256;Токарная обработка деталей на станках под руководством наставника. Дисциплинированность;https://trudvsem.ru/vacancy/card/1027601272082/93838d75-a546-11ee-a8ce-d549be31d974;05740efb7eacdc0d04b13cdc1d6577e0
2024;Курьер-пеший рядом с домом;Птицына Анастасия Андреевна;101200;139037;RUB;Гибкий график;Частичная занятость;Ярославская область;Ярославль;573;Привет, мы ищем именно тебя!Курьер, легких заказов- подработка без графика и в твоем районе! Доставка из магазинов• Удобный район• Гибкий график. Сам определяешь свой рабочий график• Доход за смену: до 6500 руб/день+ Все чаевые ваши+ Заказы уже оплачены, вам не нужно принимать наличные и нести материальную ответственность ЖМИ ОТКЛИКНУТЬСЯ Мы пришлем информацию в ответном сообщении в течение пары минут и скоро напишем в WhatsApp Данная вакансия также подойдет, если вы искали: работа курьером, курьер, курьер с ежедневной оплатой, курьер пеший, курьер подработка, курьер выходного дня, свободный график, пешком, яндекс доставка, доставщик яндекс еда, яндекс лавка, яндекс про, яндекс маркет, сбермаркет, деливери клаб, delivery club, dostavista, достависта, курьер додо, озон, сдек, доставка суши, доставка еды, еду, доставка документов посылок, устроиться курьером, работа в районе, курьер с ежедневной оплатой, подработка с ежедневными выплатами, работа рядом с домом, без опыта, оплата каждый день. ЖМИ ОТКЛИКНУТЬСЯ!;https://hh.ru/vacancy/108668136;2e297d24ae01cf40150916a43159b762
2024;Курьер-пеший рядом с домом;Птицына Анастасия Андреевна;101200;139037;RUB;Гибкий график;Частичная занятость;Ярославская область;Ярославль;573;Привет, мы ищем именно тебя!Курьер, легких заказов- подработка без графика и в твоем районе! Доставка из магазинов• Удобный район• Гибкий график. Сам определяешь свой рабочий график• Доход за смену: до 6500 руб/день+ Все чаевые ваши+ Заказы уже оплачены, вам не нужно принимать наличные и нести материальную ответственность ЖМИ ОТКЛИКНУТЬСЯ Мы пришлем информацию в ответном сообщении в течение пары минут и скоро напишем в WhatsApp Данная вакансия также подойдет, если вы искали: работа курьером, курьер, курьер с ежедневной оплатой, курьер пеший, курьер подработка, курьер выходного дня, свободный график, пешком, яндекс доставка, доставщик яндекс еда, яндекс лавка, яндекс про, яндекс маркет, сбермаркет, деливери клаб, delivery club, dostavista, достависта, курьер додо, озон, сдек, доставка суши, доставка еды, еду, доставка документов посылок, устроиться курьером, работа в районе, курьер с ежедневной оплатой, подработка с ежедневными выплатами, работа рядом с домом, без опыта, оплата каждый день. ЖМИ ОТКЛИКНУТЬСЯ!;https://hh.ru/vacancy/108668141;2e297d24ae01cf40150916a43159b762
2024;Курьер-пеший рядом с домом;Птицына Анастасия Андреевна;101200;139037;RUB;Гибкий график;Частичная занятость;Ярославская область;Ярославль;573;Привет, мы ищем именно тебя!Курьер, легких заказов- подработка без графика и в твоем районе! Доставка из магазинов• Удобный район• Гибкий график. Сам определяешь свой рабочий график• Доход за смену: до 6500 руб/день+ Все чаевые ваши+ Заказы уже оплачены, вам не нужно принимать наличные и нести материальную ответственность ЖМИ ОТКЛИКНУТЬСЯ Мы пришлем информацию в ответном сообщении в течение пары минут и скоро напишем в WhatsApp Данная вакансия также подойдет, если вы искали: работа курьером, курьер, курьер с ежедневной оплатой, курьер пеший, курьер подработка, курьер выходного дня, свободный график, пешком, яндекс доставка, доставщик яндекс еда, яндекс лавка, яндекс про, яндекс маркет, сбермаркет, деливери клаб, delivery club, dostavista, достависта, курьер додо, озон, сдек, доставка суши, доставка еды, еду, доставка документов посылок, устроиться курьером, работа в районе, курьер с ежедневной оплатой, подработка с ежедневными выплатами, работа рядом с домом, без опыта, оплата каждый день. ЖМИ ОТКЛИКНУТЬСЯ!;https://hh.ru/vacancy/108668154;2e297d24ae01cf40150916a43159b762
2025;Художник-дизайнер (квотируемое рабочее место для несовершеннолетних);"ОБЩЕСТВО С ОГРАНИЧЕННОЙ ОТВЕТСТВЕННОСТЬЮ ""ПАПИРУПАК""";30000;45000;RUB;;Полная занятость;Ярославская область;Ярославль;159;"На художника-дизайнера по полиграфии возлагаются функции по разработке и созданию оригинальных творческих проектов, художественно-эстетических решений в производстве различной полиграфической продукции удожник-дизайнер по полиграфии должен знать: - компьютерные программы, применяемые при создании проектов полиграфической продукции, в том числе программу для обработки фотографий Adobe Photoshop; редакторы векторных изображений (рисунков), которые используются для создания компьютерной графики Adobe Illustrator и (или) CorelDraw; программы допечатной подготовки QuarkXpress и PageMaker; - методы и средства выполнения художественно-оформительских работ";https://trudvsem.ru/vacancy/card/1027601055184/e0c88738-e54f-11ef-a141-cb26dff57dd7;c575be5f9258875a51e7cfba5dd85075
2025;Подсобный рабочий;"ОБЩЕСТВО С ОГРАНИЧЕННОЙ ОТВЕТСТВЕННОСТЬЮ ""ТЕХКОМПЛЕКТ""";23000;23000;RUB;;Полная занятость;Ярославская область;Ярославль;904;различные виды подсобных и хозяйственных работ для несовершеннолетних ответственность, квотируемое рабочее место для несовершеннолетних. Социальный пакет сокращенная продолжительность рабочего времени в соответствии с ТК РФ;https://trudvsem.ru/vacancy/card/1057602352653/4fc8bed2-61f5-11eb-b05e-bf2cfe8c828d;1df0ce4492624d1ac10cf1ea51a9ef13
2024;разнорабочий;"ОБЩЕСТВО С ОГРАНИЧЕННОЙ ОТВЕТСТВЕННОСТЬЮ ""БАРЛЕЙ Б.С.""";18000;0;RUB;Неполный день;Частичная занятость;Ярославская область;Ярославль;967;Обеспечение помощи специалистам на своем участке работ. Участие в уборке и выносе мусора после произведенных работ на территории предприятия. Помощь в устранении поломок оборудования в пределах своей компетенции. Хранение выданного инвентаря, спецодежды и уход за ними. Переноска грузов, их погрузка и разгрузка. Взаимодействие с коллегами по проведению необходимых вспомогательных работ. Отслеживание ситуации по возможным поломкам оборудования и другим возможным проблемным моментам. Помощь специалистам в чистке и мойке инвентаря и инструментов. Поддержание норм безопасности на предприятии трудолюбие, ответственное отношение к должностным обязанностям, умение оценивать текущую ситуацию и принимать правильные решения, способность выдерживать значительные физические нагрузки, стремление к обучению и умение применять полученные знания на практике;https://trudvsem.ru/vacancy/card/1047602211623/96aea565-e1f1-11ee-ae24-3768d5d7a903;71ff0740fb46cb6947f179dabc559c1a
2024;Курьер лёгких заказов;Работа сегодня (ИП Холин Андрей Сергеевич);90000;163000;RUB;Гибкий график;Временная занятость;Ярославская область;Ярославль;573;✨ Привет! Мы ищем именно тебя: активных и целеустремленных, готовых к новым достижениям. ✨ Присоединяйся к нашей команде и начинай зарабатывать уже сегодня! ⚡️ Почему это круто: 1️⃣ Заработок до 7000 руб./день — чем активнее ты, тем больше заработок. 2️⃣ Гибкий график — работай, когда тебе удобно: утро, день, вечер. 3️⃣ Работа рядом с домом — забудь о долгих поездках. 4️⃣ Ежедневные выплаты — деньги сразу на карту. ⚡️ Твои задачи: Доставка легких заказов и товаров для дома. Вежливое и дружелюбное общение с клиентами. Обеспечение быстрой и качественной доставки. ⚡️ Что требуется: Смартфон с доступом в интернет. Ответственность и пунктуальность. ⚡️ Наши условия: Гибкий график: работа от 1 до 12 часов в день, 2-3 раза в неделю или полная занятость. Повышенные тарифы: дополнительные премии за работу в пиковые периоды. Финансовые бонусы: за качественное выполнение работы и активность. ⭐ Как присоединиться: Нажми ОТКЛИКНУТЬСЯ и начни работать уже сегодня! Если есть вопросы, пиши нам в WhatsApp — мы всегда на связи, чтобы помочь. ОБРАЩАЕМ ВНИМАНИЕ, после отклика на данную вакансию потребуется предоставление информации или выполнение иных действий на сторонних информационных ресурсах. Не упусти возможность заработать этим летом! Мест ограничено, действуй быстро! Наша вакансия также подойдет вам, если вы искали: работа курьером СберМаркет, работа доставка курьером, пеший курьер, работа пешим курьером, доставщик, курьер, свободный график, гибкий график, удобный график, свободный график, работа рядом с домом, без опыта, начинающий специалист, работа на выходные, в вечернее время, в дневное время, подработка, работа выходного дня, курьер ВкусВилл, курьер Деливери, курьер Яндекс, работа курьером Деливери, работа курьером Самокат, работа курьером Яндекс Лавка, работа курьером Яндекс Еда, Озон, Ozon.;https://hh.ru/vacancy/105949316;efac0ba06943e2df3cb7116c62c05dc1
2023;Подсобный рабочий;"МУНИЦИПАЛЬНОЕ УЧРЕЖДЕНИЕ БОРИСОГЛЕБСКОГО МУНИЦИПАЛЬНОГО РАЙОНА ЯРОСЛАВСКОЙ ОБЛАСТИ ""СОЦИАЛЬНОЕ АГЕНТСТВО МОЛОДЕЖИ""";16242;0;RUB;Неполный день;Временная занятость;Ярославская область;Ярославль;904;Выполнение распоряжения и указания руководителя организации. коммуникабельность, дисциплинированность, исполнительность, ответственность;https://trudvsem.ru/vacancy/card/1027601071035/21dfe185-2b81-11ee-a4ce-0d972cff014f;8f983f52fdff064357d868d2078f26df
2024;Курьер праздничных заказов (из аптек и магазинов);Работа сегодня (ИП Холин Андрей Сергеевич);90000;163000;RUB;Полный день;Частичная занятость;Ярославская область;Ярославль;573;Ищете подработку с высоким доходом? Ты ищешь работу, которая предлагает гибкий график, достойную оплату и возможность работать в твоём районе? Тогда эта вакансия для тебя!Почему стоит выбрать нас:✅Много заказов и высокий доход: У нас всегда есть работа, и мы гарантируем конкурентоспособную оплату.✅Ежедневные выплаты: Получай оплату каждый день, без задержек.✅Гибкий график: Ты сам выбираешь удобное время для работы - утром, днем или вечером.✅Лёгкие заказы: Работа с небольшими посылками весом до 5 кг.✅Работа рядом с домом: Выполняй заказы в своём микрорайоне, экономь время и силы на дорогу.✅Медкнижка для стара не требуется.✅Бонусы: Скидки и бонусы от наших партнеров для всех сотрудников.Что нужно будет делать:Доставлять оплаченные и упакованные товары по указанным адресам (радиус доставки до 2,5 км).Обрабатывать заказы через приложение на смартфоне (Android/IOS).Мы ожидаем от тебя:Ответственности и пунктуальности.Наличия смартфона (Android/IOS).Желания работать и зарабатывать.Присоединяйся к нашей команде:Откликайся прямо сейчас и начни зарабатывать уже сегодня! Количество мест ограничено, не упусти свой шанс! ОБРАЩАЕМ ВНИМАНИЕ, после отклика на данную вакансию потребуется предоставление информации или выполнение иных действий на сторонних информационных ресурсах. ⭐ Как присоединиться: Нажми ОТКЛИКНУТЬСЯ и начни работать уже сегодня! Если есть вопросы, пиши нам в WhatsApp — мы всегда на связи, чтобы помочь. Не упусти возможность заработать этим летом! Мест ограничено, действуй быстро! Наша вакансия также подойдет вам, если вы искали: работа курьером СберМаркет, работа доставка курьером, пеший курьер, работа пешим курьером, доставщик, курьер, свободный график, гибкий график, удобный график, свободный график, работа рядом с домом, без опыта, начинающий специалист, работа на выходные, в вечернее время, в дневное время, подработка, работа выходного дня, курьер ВкусВилл, курьер Деливери, курьер Яндекс, работа курьером Деливери, работа курьером Самокат, работа курьером Яндекс Лавка, работа курьером Яндекс Еда, Озон, Ozon;https://hh.ru/vacancy/113143295;a64616b7fbdcb60feba21da085e27418
2024;Пеший курьер;Птицына Анастасия Андреевна;107700;139037;RUB;Гибкий график;Частичная занятость;Ярославская область;Рыбинск;573;Привет, мы ищем именно тебя!Курьер, легких заказов- подработка без графика и в твоем районе! Доставка из магазинов• Удобный район• Гибкий график. Сам определяешь свой рабочий график• Доход за смену: до 6500 руб/день+ Все чаевые ваши+ Заказы уже оплачены, вам не нужно принимать наличные и нести материальную ответственность ЖМИ ОТКЛИКНУТЬСЯ Мы пришлем информацию в ответном сообщении в течение пары минут и скоро напишем в WhatsApp Данная вакансия также подойдет, если вы искали: работа курьером, курьер, курьер с ежедневной оплатой, курьер пеший, курьер подработка, курьер выходного дня, свободный график, пешком, яндекс доставка, доставщик яндекс еда, яндекс лавка, яндекс про, яндекс маркет, сбермаркет, деливери клаб, delivery club, dostavista, достависта, курьер додо, озон, сдек, доставка суши, доставка еды, еду, доставка документов посылок, устроиться курьером, работа в районе, курьер с ежедневной оплатой, подработка с ежедневными выплатами, работа рядом с домом, без опыта, оплата каждый день. ЖМИ ОТКЛИКНУТЬСЯ!;https://hh.ru/vacancy/113143634;7f151d3f129af58c3930aaa696309aed
2025;Курьер в доставку Кафе (легкие заказы 2-3 кг);Работа-Подработка: Курьер, Кладовщик, Сборщик;135000;220000;RUB;Полный день;Частичная занятость;Ярославская область;Ярославль;0;Добрый день уважаемый соискатель!Нам требуется курьер с ежедневной оплатой на подработку или как на основную работу!В данный момент у нас 11 категорий доставок, а именно доставка ЦВЕТОВ, ДОКУМЕНТОВ, ЗООТОВАРОВ, АПТЕКИ, ЭЛЕКТРОНИКА и т.дОбязанности- Доставка небольших посылок (время доставок вы выбираете самостоятельно -сами)- Выполнение заказов через приложение- Очень много заказав- Доставки по районуТребования- Телефон андроид или айфон- Желание зарабатыватьУсловия:- Ежедневные выплаты: до 7000 руб./день.- Близко к дому: доставки в твоем районе.- Легкие заказы: вес до 2 кг.- Гибкое расписание (время и количество рабочих часов выбираете самостоятельно)- Нет обязательного плана по доставкеНажмите ОТКЛИКНУТЬСЯ прямо сейчас и получите все подробности о работе! Также пишите в мессенджерах WhatsApp/Telegram: менеджер 24/7 готов ответить на вопросы и помочь с оформлением. Не упустите свой шанс начать уже сегодня!Также подойдет, если вы искали: «курьер, подработка с ежедневными выплатами, ежедневная оплата, свободный график, ночной курьер, вечерний курьер, доставка, лавка, документы, груз, сервис, пеший курьер, оплата каждый день, подработка, работа рядом с домом, достависта, график, свободный, пеший курьер, работа по району, официальное трудоустройство, зарплата, ЗП, оплата, доставка, работа курьером, курьер, еженедельная, ежедневная, на руки курьеру, подработка, прямой работодатель, ищу работу, время, работа без опыта, оплата сразу, утреннее, дневное, вечернее , время, режим»ОБРАЩАЕМ ВНИМАНИЕ, после отклика на данную вакансию потребуется предоставление информации или выполнение иных действий на сторонних информационных ресурсах.;https://hh.ru/vacancy/124591875;73bea92cb894165a13f98274a03b4b22
2024;подсобный рабочий (ТН);МУНИЦИПАЛЬНОЕ ОБЩЕОБРАЗОВАТЕЛЬНОЕ УЧРЕЖДЕНИЕ СРЕДНЯЯ ОБЩЕОБРАЗОВАТЕЛЬНАЯ ШКОЛА №4 Г.РОСТОВА;19242;0;RUB;Неполный день;Временная занятость;Ярославская область;Ярославль;904;Полив и прополка клумб, уборка школьной территории и кабинетов, перенос парт, стульев и макулатуры Добросовестность, ответственность, пунктуальность;https://trudvsem.ru/vacancy/card/1027601070892/27e1dc38-3a9b-11ef-8e60-e7d0d2cf29b1;b2dd2b8e55c404d44fe84167796d8396
2024;Подсобный рабочий (ТН);Муниципальное общеобразовательное учреждение Марковская основная общеобразовательная школа;19242;0;RUB;Неполный день;Временная занятость;Ярославская область;Ярославль;904;Подсобные работы. Должностные обязанности в соответствии с трудовым договором и должностной инструкцией. Ответственность;https://trudvsem.ru/vacancy/card/1027601071211/b529d9b8-3a9d-11ef-8e60-e7d0d2cf29b1;e34b0b67d041530a815c2dc8f784cc34
2024;Подсобный рабочий (ТН);"МУНИЦИПАЛЬНОЕ ДОШКОЛЬНОЕ ОБРАЗОВАТЕЛЬНОЕ УЧРЕЖДЕНИЕ ""ДЕТСКИЙ САД № 7""";19242;0;RUB;Неполный день;Временная занятость;Ярославская область;Ярославль;904;Подсобные работы. Должностные обязанности в соответствии с трудовым договором и должностной инструкцией. Ответственность;https://trudvsem.ru/vacancy/card/1107609000751/7774a943-3a9f-11ef-8e60-e7d0d2cf29b1;868e397cd852113c538bd5a3e0635329
2023;Уборщик производственных и служебных помещений;"МУНИЦИПАЛЬНОЕ УНИТАРНОЕ ПРЕДПРИЯТИЕ ""РАСЧЕТНЫЙ ЦЕНТР""";16300;16500;RUB;Неполный день;Полная занятость;Ярославская область;Ярославль;1276;Должностные обязанности в соответствии с трудовым договором и должностной инструкцией Предварительно обязательно созвониться с работодателем . Социальный пакетпродолжительность рабочего времени в зависимости от возраста несовершеннолетнего.(согласно статьи 94 ТК РФ),з/п начисляется в зависимости от отработанного времени, график работы по согласованию с работодателем;https://trudvsem.ru/vacancy/card/1057601567352/f53d36b5-e4d5-11ed-a082-17f530626801;ea7e3c1f70295a5b348cfc2ef68efaf8
2024;Подсобный рабочий (ТН);Муниципальное общеобразовательное учреждение Марковская основная общеобразовательная школа;19242;0;RUB;Неполный день;Временная занятость;Ярославская область;Ярославль;904;Подсобные работы. Должностные обязанности в соответствии с трудовым договором и должностной инструкцией. Ответственность;https://trudvsem.ru/vacancy/card/1027601071211/cd584578-23e2-11ef-bb5e-e7d0d2cf29b1;e34b0b67d041530a815c2dc8f784cc34
2024;Подсобный рабочий ТН;МУНИЦИПАЛЬНОЕ ОБРАЗОВАТЕЛЬНОЕ УЧРЕЖДЕНИЕ ДОПОЛНИТЕЛЬНОГО ОБРАЗОВАНИЯ ЦЕНТР ВНЕШКОЛЬНОЙ РАБОТЫ;19242;0;RUB;Неполный день;Временная занятость;Ярославская область;Ярославль;904;Подсобные работы. Должностные обязанности в соответствии с трудовым договором и должностной инструкцией. ответственность, дисциплинированность;https://trudvsem.ru/vacancy/card/1157627031968/bfaba758-23e7-11ef-bb5e-e7d0d2cf29b1;f49ba389fdd2121850171ac17f1756ac
2025;Сканировщик торгового зала;АШАН Ритейл Россия;0;46600;RUB;Гибкий график;Частичная занятость;Ярославская область;Рыбинск;514;"МЫ ПОВЫСИЛИ ЗАРАБОТНУЮ ПЛАТУ! Совокупный ежемесячный доход до 46600 руб., по результатам собеседования Возможен дополнительный доход +50% от оклада с учетом подработок Получайте бонусы от 15 000р. до 40 000р. за каждого трудоустроенного друга Графики работы на выбор: 5/2 по 8 часов, плавающие выходные; 2/2 по 11 часов; при желании возможно взять подработки в компании, например, 5/2 по 12 часов возможно трудоустройство по совместительству, с индивидуальным графиком, от 1 дня в неделю возможна подработка с 14 лет, с индивидуальным графиком Чем предстоит заниматься: выкладка товара на полки, контроль ценников, контроль сроков годности​​​. Пожелания к кандидату: опыт работы не обязателен - проводим обучение. Оставляйте отклик или позвоните нам! Данная вакансия также подойдет, если вы искали: работник торгового зала, АШАН, АТАК, Азбука Вкуса, Вкусвилл, Лента, Пятерочка, Магнит, Перекресток, Билла, Карусель, Дикси, Мясницкий ряд, Верный, Глобус, Вкусно и точка, Самокат, Яндекс еда, Спар, Euro Spar, Магнолия, Красное белое, Fix Price, Мясновъ Мираторг, Ремит, Фикс Прайс, Сбермаркет, Яндекс маркет, ОКЕЙ, МЕГА, ЕвроСпар, Чижик, Леруа Мерлен, Декатлон, Спортмастер, Детский мир, Ярче, Красное и Белое, подработка, свободный график, сменный график, гибкий график, работа рядом с домом, без опыта работы, начало карьеры, начинающий специалист";https://hh.ru/vacancy/118768275;bca12a91e115c18356e60fa245c3dbbd
2025;подсобный рабочий;"ОБЩЕСТВО С ОГРАНИЧЕННОЙ ОТВЕТСТВЕННОСТЬЮ ""САНАТОРИЙ ""ЗОЛОТОЙ КОЛОС""";23000;23000;RUB;;Частичная занятость;Ярославская область;Ярославль;904;Выполнение подсобных работ коммуникабельсность, дисциплинированность, без вредных привычек.;https://trudvsem.ru/vacancy/card/1037602608691/67cacc78-e546-11ef-86ee-d549be31d974;00556a237be428b7fde84738daddd00a
2024;Курьер;Птицына Анастасия Андреевна;69420;139037;RUB;Сменный график;Частичная занятость;Ярославская область;Переславль-Залесский;573;Заработай в сезон БОЛЬШЕ с высокими тарифами 16+! Требуются курьеры, у нас свободный график (можно работать у дома)! ❗️❗️МОЖНО работать НА АЙФОНЕ❗️❗️И на андроиде тоже можно. ✔️ СВОБОДНЫЙ ГРАФИК ✔️ ОПЛАТА 3.500- 4.000- 5.600 за день. Зависит от времени работы. ✔️ ПРИНИМАЕМ БЕЗ ОПЫТА. Обучим - покажем. ❗️Оформление без записи в трудовую книжку! ПО РАБОТЕ: Можно использовать как подработку(Легко совмещать с учебой или работой) Район на выбор(10 мин среднее время доставки) Заказы на доставку собраны и оплачены. Вы только доставляете. Чаевые и доплаты 100% ваши,за заказы комиссии нет! Прием ЕЖЕДНЕВНО (даже в выходные)! ДОХОД: Оплата за 4 часа - до 4.000 руб.(зависит от района и времени суток) ЖМИ ОТКЛИКНУТЬСЯ Мы пришлем информацию в ответном сообщении в течение пары минут и скоро напишем в WhatsApp Данная вакансия также подойдет, если вы искали: работа курьером, курьер, курьер с ежедневной оплатой, курьер пеший, курьер подработка, курьер выходного дня, свободный график, пешком, яндекс доставка, доставщик яндекс еда, яндекс лавка, яндекс про, яндекс маркет, сбермаркет, деливери клаб, delivery club, dostavista, достависта, курьер додо, озон, сдек, доставка суши, доставка еды, еду, доставка документов посылок, устроиться курьером, работа в районе, курьер с ежедневной оплатой, подработка с ежедневными выплатами, работа рядом с домом, без опыта, оплата каждый день. ЖМИ ОТКЛИКНУТЬСЯ!;https://hh.ru/vacancy/104240036;b7020fe0ed0e0b1314d32f4be53628f5
2024;Менеджер по работе с клиентами;Ростелеком;0;90000;RUB;Полный день;Частичная занятость;Ярославская область;Ярославль;714;"Ростелеком ищет в свою команду массового сегмента (B2C) амбициозного специалиста по продажам, который будет расти вместе с нами. Нам важно найти единомышленника, готового быстро обучаться и легко находящего подход к клиентам. Прекрасный старт в начале карьеры! Чем предстоит заниматься: Активные продажи услуг Ростелекома: работать как уже с действующим клиентами, так и осуществлять поиск новых; Помогать клиентам и консультировать их в выборе наиболее подходящих и выгодных тарифов: например, интернет, умная колонка «Маруся», интерактивное ТВ, умный дом, видеонаблюдение, оборудование, мобильная связь. Формировать заявки на подключение услуг, а также вести отчетность. Что мы от вас ожидаем: Рассматриваем от 16 лет; Рассмотрим кандидатов без опыта работы, мы всему научим; Развитые навыки коммуникации, грамотная и четкая речь; Активная жизненная позиция, нацеленность на результат; Что мы предлагаем: Средний уровень дохода от 20 000₽ в месяц и выше, ежемесячные премии по результатам работы. Все в твоих руках! Гибкий график на выбор: 5/2 или 2/2; Можно совмещать с основной работой или учебой: занятость в день от 4 часов. Оформление по договору ГПХ; Наставники обучат техникам продаж и коммуникациям с клиентами, также для профессионального и личного развития предоставляется доступ к корпоративному онлайн-университету и электронным библиотекам Поддержка опытных коллег;";https://hh.ru/vacancy/99705713;638595ca4f42508666e0d659b48c9a4a
2025;Подсобный рабочий;"ОБЩЕСТВО С ОГРАНИЧЕННОЙ ОТВЕТСТВЕННОСТЬЮ ""ГОТЭК-ПОЛИПАК ПЕРЕСЛАВЛЬ""";23000;23000;RUB;;Частичная занятость;Ярославская область;Ярославль;0;Должностные обязанности в соответствии с трудовым договором и должностной инструкцией. Режим работы - 2 часа в день. Оплата в зависимости от отработанного времени (4810,5 р. к начислению) Ответственность, коммуникабельность, умение работать в команде. Вакансия для несовершеннолетних. Социальный пакет Работа на 0.25 ставки, (заработная плата при условии работы на условиях неполного рабочего времени = 4 750 р. в месяц) Продолжительность рабочего дня - 2 часа (5 дней в неделю).;https://trudvsem.ru/vacancy/card/1157627004336/89cf65f8-55a9-11f0-af6a-e7d0d2cf29b1;4bc05f9184e4b715b4bd36404242bc1d
2024;Почтальон (промоутер);Фотоарт;10000;30000;RUB;Гибкий график;Частичная занятость;Ярославская область;Ярославль;957;Ищем ответственных сотрудников, для разноса почтовой рекламы до адресатов в почтовые ящикиНабираем с опытом и без опыта работы от 14 лет (с разрешением от родителей в письменном виде, образец в интернете)ПРОЕЗД ОПЛАЧИВАЕМ от дома до работы и с работы до домаПодработка для всех желающихРайон работы подбирается индивидуально, ключи выдаем после нескольких качественных маршрутовоплата 40-50коп за почтовый ящик в зависимости от количества домов на маршруте, один маршрут примерно 1000кв, брать можно любое количествоФотоотчет не нужен для вашей экономии времени, но проверяем сами лично на следующий деньОплата сразу после проверкиРаботать нужно минимум 2 дня в неделюОстальные вопросы можете уточнить на собеседовании и сразу же приступить к работеРаботать можно в любое время, но работу заканчиваем в тот же день;https://hh.ru/vacancy/91558989;a039fef0f1023a7a1aac2706ba950f20
2024;Курьер пеший;Птицына Анастасия Андреевна;101200;139037;RUB;Гибкий график;Частичная занятость;Ярославская область;Рыбинск;573;Заработай в сезон БОЛЬШЕ с высокими тарифами 16+ ! Требуются курьеры, у нас свободный график (можно работать у дома)! ❗️❗️МОЖНО работать НА АЙФОНЕ❗️❗️И на андроиде тоже можно. ✔️ СВОБОДНЫЙ ГРАФИК ✔️ ОПЛАТА 3.500- 4.000- 5.600 за день. Зависит от времени работы. ✔️ ПРИНИМАЕМ БЕЗ ОПЫТА. Обучим - покажем. ❗️Оформление без записи в трудовую книжку! ПО РАБОТЕ: Можно использовать как подработку(Легко совмещать с учебой или работой) Район на выбор(10 мин среднее время доставки) Заказы на доставку собраны и оплачены. Вы только доставляете. Чаевые и доплаты 100% ваши,за заказы комиссии нет! Прием ЕЖЕДНЕВНО (даже в выходные)! ДОХОД: Оплата за 4 часа - до 4.000 руб.(зависит от района и времени суток) ЖМИ ОТКЛИКНУТЬСЯ Мы пришлем информацию в ответном сообщении в течение пары минут и скоро напишем в WhatsApp Данная вакансия также подойдет, если вы искали: работа курьером, курьер, курьер с ежедневной оплатой, курьер пеший, курьер подработка, курьер выходного дня, свободный график, пешком, яндекс доставка, доставщик яндекс еда, яндекс лавка, яндекс про, яндекс маркет, сбермаркет, деливери клаб, delivery club, dostavista, достависта, курьер додо, озон, сдек, доставка суши, доставка еды, еду, доставка документов посылок, устроиться курьером, работа в районе, курьер с ежедневной оплатой, подработка с ежедневными выплатами, работа рядом с домом, без опыта, оплата каждый день. ЖМИ ОТКЛИКНУТЬСЯ!;https://hh.ru/vacancy/108677936;e858b3b277aa2a9a01a999bca22b1c3e
2024;Курьер;Птицына Анастасия Андреевна;69420;139037;RUB;Сменный график;Частичная занятость;Ярославская область;Ярославль;573;Заработай в сезон БОЛЬШЕ с высокими тарифами 16+ ! Требуются курьеры, у нас свободный график (можно работать у дома)! ❗️❗️МОЖНО работать НА АЙФОНЕ❗️❗️И на андроиде тоже можно. ✔️ СВОБОДНЫЙ ГРАФИК ✔️ ОПЛАТА 3.500- 4.000- 5.600 за день. Зависит от времени работы. ✔️ ПРИНИМАЕМ БЕЗ ОПЫТА. Обучим - покажем. ❗️Оформление без записи в трудовую книжку! ПО РАБОТЕ: Можно использовать как подработку(Легко совмещать с учебой или работой) Район на выбор(10 мин среднее время доставки) Заказы на доставку собраны и оплачены. Вы только доставляете. Чаевые и доплаты 100% ваши,за заказы комиссии нет! Прием ЕЖЕДНЕВНО (даже в выходные)! ДОХОД: Оплата за 4 часа - до 4.000 руб.(зависит от района и времени суток) ЖМИ ОТКЛИКНУТЬСЯ Мы пришлем информацию в ответном сообщении в течение пары минут и скоро напишем в WhatsApp Данная вакансия также подойдет, если вы искали: работа курьером, курьер, курьер с ежедневной оплатой, курьер пеший, курьер подработка, курьер выходного дня, свободный график, пешком, яндекс доставка, доставщик яндекс еда, яндекс лавка, яндекс про, яндекс маркет, сбермаркет, деливери клаб, delivery club, dostavista, достависта, курьер додо, озон, сдек, доставка суши, доставка еды, еду, доставка документов посылок, устроиться курьером, работа в районе, курьер с ежедневной оплатой, подработка с ежедневными выплатами, работа рядом с домом, без опыта, оплата каждый день. ЖМИ ОТКЛИКНУТЬСЯ!;https://hh.ru/vacancy/107237902;08b19fd6c02de3b78657def5793d5fd4
2025;Слесарь по ремонту автомобилей;"ПУБЛИЧНОЕ АКЦИОНЕРНОЕ ОБЩЕСТВО ""ОДК-САТУРН""";23000;23000;RUB;;Полная занятость;Ярославская область;Ярославль;93;В соответствии с трудовым договором и должностной инструкцией Прием на работу по результатам собеседования. Ответственность. Образование: Среднее Режим работы односменный (до 16 лет: с 8-00 до 14-00, от 16 до 18 лет: с 8-00 до 16-00 (1 час обед)). Медицинское обслуживание, санаторно-курортное обеспечение, условия для приема пищи во время перерыва;https://trudvsem.ru/vacancy/card/1027601106169/9b1c14c8-5578-11ef-9932-e7d0d2cf29b1;32531f8b6a213d98bd00c707374bae2a
2025;Слесарь механосборочных работ;"ПУБЛИЧНОЕ АКЦИОНЕРНОЕ ОБЩЕСТВО ""ОДК-САТУРН""";23000;23000;RUB;;Полная занятость;Ярославская область;Ярославль;1070;В соответствии с трудовым договором и должностной инструкцией Прием на работу по результатам собеседования. Ответственность. Образование: Среднее Режим работы односменный (до 16 лет: с 8-00 до 14-00, от 16 до 18 лет: с 8-00 до 16-00 (1 час обед)). Медицинское обслуживание, санаторно-курортное обеспечение, условия для приема пищи во время перерыва;https://trudvsem.ru/vacancy/card/1027601106169/a3520548-5579-11ef-87f1-d549be31d974;9a1a82567a9b06b105563c91f7cf845f
2025;Слесарь-ремонтник;"ПУБЛИЧНОЕ АКЦИОНЕРНОЕ ОБЩЕСТВО ""ОДК-САТУРН""";23000;23000;RUB;;Полная занятость;Ярославская область;Ярославль;1079;В соответствии с трудовым договором и должностной инструкцией Прием на работу по результатам собеседования. Ответственность. Образование: Среднее Режим работы односменный (до 16 лет: с 8-00 до 14-00, от 16 до 18 лет: с 8-00 до 16-00 (1 час обед)). Медицинское обслуживание, санаторно-курортное обеспечение, условия для приема пищи во время перерыва;https://trudvsem.ru/vacancy/card/1027601106169/fe881678-5579-11ef-861a-cb26dff57dd7;f88c4968a8c76ff581202c9c8a70eb6c
2023;Курьер на легкие заказы (до 2 кг, подработка);Центр обучения курьеров;79999;120000;RUB;Сменный график;Частичная занятость;Ярославская область;Ярославль;573;Курьер легких заказов (подработка) Только по микрорайону у дома (заказы собраны, и оплачены) ✔️ ЕЖЕДНЕВНЫЕ ВЫПЛАТЫ ✔️ ТЕЛЕФОН НА БАЗЕ АНДРОИД ИЛИ АЙФОН ✔️ ВЫПЛАТЫ 3.000- 5.500 за день (от времени работы) ✔️ ПРИНИМАЕМ БЕЗ ОПЫТА (обучим и поможем) ❗️НЕТ КОМИССИИ С ЗАКАЗОВ - у нас без процентов УСЛОВИЯ РАБОТЫ: Можно использовать как подработку ( Легко совмещать с учебой или работой ) Заказы на доставку собраны и оплачены. Вы только доставляете! Район на выбор, можно менять каждую смену (7-10 мин среднее время доставки ) Чаевые и доплаты 100% ваши, за заказы комиссии нет! Прием ЕЖЕДНЕВНО (и в выходные)! ЗАРАБОТОК: Средняя оплата за 4 часа около 1.800 руб. и выше зависит от скорости работы Условия выплат: Ежедневно на карту до 450 рублей в час + надбавки и бонусы ‼️ Во время повышенного спроса до 550рублей в час ‼️ ЖМИ ОТКЛИКНУТЬСЯ! Также подойдет, если вы искали: документы, работа курьером, курьер, курьер с ежедневной оплатой, курьер пеший, курьер подработка, курьер выходного дня, день, вечер, утро, в ночь, вееромам, вечером, свободный график, пешком, яндекс доставка, доставщик , лавка, яндекс про, яндекс маркет, сбермаркет, деливери клаб, delivery club, dostavista, достависта, курьер додо, озон, сдек, доставка суши, доставка еды, еду, доставка документов посылок, устроиться курьером, работа в районе, курьер с ежедневной оплатой, подработка с ежедневными выплатами, работа рядом с домом, без опыта, оплата каждый день;https://hh.ru/vacancy/79593217;05c7b2d93dcd9c8f90abbce69e8459df
2024;Курьер / Пеший курьер в Магнит;Работа сегодня (ИП Холин Андрей Сергеевич);82500;154000;RUB;Гибкий график;Частичная занятость;Ярославская область;Ростов (Ярославская область);573;Мы - крупнейшая продуктовая сеть МАГНИТ. Объявляем СРОЧНЫЙ набор курьеров! без штрафов (Подработка, Свободный график) Нет штрафов! Все чаевые 100% ваши. Нет комиссии с заказов. Выполняй заказы КОГДА УГОДНО И НА ЧЕМ УГОДНО! Утром днем, или даже вечером! Зарабатывай до 7500 рублей в день! ⬆️ Заинтересовались? Оставьте отклик! Мы перезвоним максимально быстро! ✔️ У ВАС БУДЕТ: Полностью свободный график (подойдёт также, студентам, или на подработку) НЕ ШТРАФУЕМ курьеров, у нас нет комиссии с заказов ❗️ Чаевые 100% ВАШИ Еженедельные выплаты на банковскую карту Без посредников сотрудничество с МАГНИТ Доставка заказов в удобном районе Легко совмещать с учебой или другой занятостью Большое количество заказов (и будет еще больше) ✔️ ВНИМАНИЕ: Необходимо устройство на базе Android (телефон или планшет) Опыт не важен. Качественное обучение на нашей стороне займет всего 10 минут Действующий статус самозанятого или готовность его оформить (мы помогаем) ✔️ Оформление полностью дистанционно без посещения офиса в удобное для Вас время ЗВОНИТЕ ИЛИ ПИШИТЕ В МЕССЕНДЖЕРЫ - сразу отправим подробности ☎️ ⬇️ ЖМИТЕ ОТКЛИКНУТЬСЯ ⬇️ ОБРАЩАЕМ ВНИМАНИЕ, места ограничены способ доставки любой. Принимаем ежедневно даже в выходные и праздничные дни. Также подойдет, если вы искали: «курьер, подработка с ежедневными выплатами, ежедневная оплата, свободный график, вечерам, ночной курьер, доставка, лавка, документы, груз, сервис, курьер, оплата каждый день, официальное трудоустройство, на подработку, работа рядом с домом, достависта, по графику, прямой работодатель, свободный, , работа по району, по утрам, утром, яндекс маркет, сбермаркет, деливери клаб, delivery club, dostavista, в свободное время, по выходным, достависта, зарплата, зп, днем, пешком, после работы, оплата, доставка, работа курьером, еженедельная, пеший, ежедневная, на руки курьеру, подработкой, яндекс , яндекс лавка, яндекс еда, яндекс го, ищу работу, время, работа без опыта, оплата сразу, утреннее, дневное, вечернее , время, режим» ОБРАЩАЕМ ВНИМАНИЕ, после отклика на данную вакансию потребуется предоставление информации или выполнение иных действий на сторонних информационных ресурсах. Оставляйте отклик, ставьте лайк ❤ для нас это очень важно.;https://hh.ru/vacancy/105956909;6f894ccf9164544bae40e152ecf0702d
2025;Подсобный рабочий (квотируемое рабочее место для несовершеннолетнего);"ОБЩЕСТВО С ОГРАНИЧЕННОЙ ОТВЕТСТВЕННОСТЬЮ ""ЛАКОС КОУТИНГС""";23000;23000;RUB;;Полная занятость;Ярославская область;Ярославль;904;Уборка территории, бытовых помещений. Работа на 0,25 ставки (заработная плата в зависимости от отработанного времени-5750 р.) Продолжительность рабочего дня - 2 часа (5 дней в неделю) Ответственность, дисциплинированность.;https://trudvsem.ru/vacancy/card/1037601200163/4d8c0178-beaf-11ef-81d6-e7d0d2cf29b1;f4d4e55f509b6ca241532a56ea2a7461
2024;Курьер на подработку с ежедневными выплатами;Птицына Анастасия Андреевна;69420;139037;RUB;Сменный график;Частичная занятость;Ярославская область;Ярославль;573;Заработай в сезон БОЛЬШЕ с высокими тарифами 16+ ! Требуются курьеры, у нас свободный график (можно работать у дома)!Можно работать пешком или на любом своем транспорте. ❗️❗️МОЖНО работать НА АЙФОНЕ❗️❗️И на андроиде тоже можно. ✔️ СВОБОДНЫЙ ГРАФИК ✔️ ОПЛАТА 3.500- 4.000- 5.600 за день. Зависит от времени работы. ✔️ ПРИНИМАЕМ БЕЗ ОПЫТА. Обучим - покажем. ❗️Оформление без записи в трудовую книжку! ПО РАБОТЕ: Можно использовать как подработку(Легко совмещать с учебой или работой) Район на выбор(10 мин среднее время доставки) Заказы на доставку собраны и оплачены. Вы только доставляете. Чаевые и доплаты 100% ваши,за заказы комиссии нет! Прием ЕЖЕДНЕВНО (даже в выходные)! ДОХОД: Оплата за 4 часа - до 4.000 руб.(зависит от района и времени суток) ЖМИ ОТКЛИКНУТЬСЯ Мы пришлем информацию в ответном сообщении в течение пары минут и скоро напишем в WhatsApp Данная вакансия также подойдет, если вы искали: работа курьером, курьер, курьер с ежедневной оплатой, курьер пеший, курьер подработка, курьер выходного дня, свободный график, пешком, яндекс доставка, доставщик яндекс еда, яндекс лавка, яндекс про, яндекс маркет, сбермаркет, деливери клаб, delivery club, dostavista, достависта, курьер додо, озон, сдек, доставка суши, доставка еды, еду, доставка документов посылок, устроиться курьером, работа в районе, курьер с ежедневной оплатой, подработка с ежедневными выплатами, работа рядом с домом, без опыта, оплата каждый день. ЖМИ ОТКЛИКНУТЬСЯ!;https://hh.ru/vacancy/107275099;00d520d763e1111ed0598c7f6f5aebe2
2024;Курьер на подработку с ежедневными выплатами;Птицына Анастасия Андреевна;69420;139037;RUB;Сменный график;Частичная занятость;Ярославская область;Ярославль;573;Заработай в сезон БОЛЬШЕ с высокими тарифами 16+ ! Требуются курьеры, у нас свободный график (можно работать у дома)!Можно работать пешком или на любом своем транспорте. ❗️❗️МОЖНО работать НА АЙФОНЕ❗️❗️И на андроиде тоже можно. ✔️ СВОБОДНЫЙ ГРАФИК ✔️ ОПЛАТА 3.500- 4.000- 5.600 за день. Зависит от времени работы. ✔️ ПРИНИМАЕМ БЕЗ ОПЫТА. Обучим - покажем. ❗️Оформление без записи в трудовую книжку! ПО РАБОТЕ: Можно использовать как подработку(Легко совмещать с учебой или работой) Район на выбор(10 мин среднее время доставки) Заказы на доставку собраны и оплачены. Вы только доставляете. Чаевые и доплаты 100% ваши,за заказы комиссии нет! Прием ЕЖЕДНЕВНО (даже в выходные)! ДОХОД: Оплата за 4 часа - до 4.000 руб.(зависит от района и времени суток) ЖМИ ОТКЛИКНУТЬСЯ Мы пришлем информацию в ответном сообщении в течение пары минут и скоро напишем в WhatsApp Данная вакансия также подойдет, если вы искали: работа курьером, курьер, курьер с ежедневной оплатой, курьер пеший, курьер подработка, курьер выходного дня, свободный график, пешком, яндекс доставка, доставщик яндекс еда, яндекс лавка, яндекс про, яндекс маркет, сбермаркет, деливери клаб, delivery club, dostavista, достависта, курьер додо, озон, сдек, доставка суши, доставка еды, еду, доставка документов посылок, устроиться курьером, работа в районе, курьер с ежедневной оплатой, подработка с ежедневными выплатами, работа рядом с домом, без опыта, оплата каждый день. ЖМИ ОТКЛИКНУТЬСЯ!;https://hh.ru/vacancy/107275116;00d520d763e1111ed0598c7f6f5aebe2
2025;Разнарабочий (вакансия для несовершеннолетних);"ОБЩЕСТВО С ОГРАНИЧЕННОЙ ОТВЕТСТВЕННОСТЬЮ ""УК РЕМКОС""";23000;23500;RUB;;Частичная занятость;Ярославская область;Ярославль;904;Выполнение подсобных и вспомогательных работ. Заработная плата в зависимости от отработанного времени. Ответственность, доброжелательность, добросовестность, коммуникабельность. Вакансия по Квоте для несовершеннолетних.;https://trudvsem.ru/vacancy/card/1157627011167/adafd5a8-1697-11f0-82b1-d549be31d974;262994f3fe15bc99484ccb78a80d01dd
2023;Сборщик заказов (подработка);Квазар;30000;82500;RUB;Гибкий график;Частичная занятость;Ярославская область;Ярославль;1052;Открыта вакансия Сборщик заказов на подработку или полный день. Свободный график от 4 часов в день, еженедельные выплаты, возможен выход на работу в день обращения Преимущества стать сборщиком: Большое количество заказов Гибкий грaфик от 1 дня в неделю Доход за смену до 2500 рублей Работа в магазинах рядом с домом Можно без опыта Прямой работодатель Обязанности сборщика интернет заказов: Собирать заказы на территории супермаркетов и гипермаркетов (Магнит, Окей, Ашан, Лента, Пятерочка, Перекресток, METRO) через смарфтон или планшет на базе Android Оставляй отклик, чтобы стать сборщиком онлайн заказов!;https://hh.ru/vacancy/88570152;11e7add512ea870ee34238b56a0b3219
2023;Вечерний курьер легких заказов (подработка);Центр обучения курьеров;60000;125000;RUB;Гибкий график;Частичная занятость;Ярославская область;Ярославль;573;Курьер легких заказов (подработка) Только по микрорайону у дома (заказы собраны, и оплачены) ✔️ ЕЖЕДНЕВНЫЕ ВЫПЛАТЫ ✔️ ТЕЛЕФОН НА БАЗЕ АНДРОИД ИЛИ АЙФОН ✔️ ВЫПЛАТЫ 3.000- 5.500 за день (от времени работы) ✔️ ПРИНИМАЕМ БЕЗ ОПЫТА (обучим и поможем) ❗️НЕТ КОМИССИИ С ЗАКАЗОВ - у нас без процентов УСЛОВИЯ РАБОТЫ: Можно использовать как подработку ( Легко совмещать с учебой или работой ) Заказы на доставку собраны и оплачены. Вы только доставляете! Район на выбор, можно менять каждую смену (7-10 мин среднее время доставки ) Чаевые и доплаты 100% ваши, за заказы комиссии нет! Прием ЕЖЕДНЕВНО (и в выходные)! ЗАРАБОТОК: Средняя оплата за 4 часа около 1.800 руб. и выше зависит от скорости работы Условия выплат: Ежедневно на карту до 450 рублей в час + надбавки и бонусы ‼️ Во время повышенного спроса до 550рублей в час ‼️ ЖМИ ОТКЛИКНУТЬСЯ! Также подойдет, если вы искали: документы, работа курьером, курьер, курьер с ежедневной оплатой, курьер пеший, курьер подработка, курьер выходного дня, день, вечер, утро, в ночь, вечером, свободный график, пешком, яндекс доставка, доставщик , лавка, яндекс про, яндекс маркет, сбермаркет, деливери клаб, delivery club, dostavista, достависта, курьер додо, озон, сдек, доставка суши, доставка еды, еду, доставка документов посылок, устроиться курьером, работа в районе, курьер с ежедневной оплатой, подработка с ежедневными выплатами, работа рядом с домом, без опыта, оплата каждый день;https://hh.ru/vacancy/79757606;6754b6094aea5534b96e3dc524c8da47
2025;Помощник менеджера по продажам;"ОБЩЕСТВО С ОГРАНИЧЕННОЙ ОТВЕТСТВЕННОСТЬЮ ""БИГАМ-ИНВЕСТ""";25000;25000;RUB;;Частичная занятость;Ярославская область;Ярославль;941;Выкладка товара в торговом зале по стандартам компании Обновление ценников Сборка и выдача интернет-заказов (инструмент и техника) Ответственность Внимательность;https://trudvsem.ru/vacancy/card/1127604010555/d358fca8-0ed6-11f0-94e0-d549be31d974;9f02db4c47a53366d3f3af68992a83a6
2024;подсобный рабочий;ПЕРВОМАЙСКОЕ РАЙОННОЕ ПОТРЕБИТЕЛЬСКОЕ ОБЩЕСТВО;19300;0;RUB;Неполный день;Полная занятость;Ярославская область;Ярославль;904;Мелкие строительные работы, разгрузка, погрузка товаров по магазинам. Обкашивание травы вокруг магазинов. В зимнее время уборка снега. Дисциплинирован, ответственен.;https://trudvsem.ru/vacancy/card/1027601460677/e223d098-53c7-11ef-87f1-d549be31d974;4bf58383838132fae008fbb8510bab3f
2024;Утренний/вечерний курьер на лёгкие посылки - подработка;Птицына Анастасия Андреевна;89420;139037;RUB;Гибкий график;Частичная занятость;Ярославская область;Ярославль;573;Заработай в сезон БОЛЬШЕ с высокими тарифами 14+! Требуются курьеры, у нас свободный график (можно работать у дома)! ❗️❗️МОЖНО работать НА АЙФОНЕ❗️❗️И на андроиде тоже можно. ✔️ ЕЖЕДНЕВНЫЕ ВЫПЛАТЫ ✔️ ОПЛАТА 3.500- 4.000- 6.400 за день (зависит от времени работы) ✔️ ПРИНИМАЕМ БЕЗ ОПЫТА (обучим - покажем) ❗️Оформление без записи в трудовую книжку! ПО РАБОТЕ: Можно использовать как подработку(Легко совмещать с учебой или работой) Район на выбор, можно менять каждую смену(7-10 мин среднее время доставки) Заказы на доставку собраны и оплачены. Вы только доставляете(Вес до 5 кг) Чаевые и доплаты 100% ваши,за заказы комиссии нет! Прием ЕЖЕДНЕВНО (даже в выходные)! ДОХОД: Средняя оплата за 4 часа - около 3.000 руб. Акция приведи друга - получи до 10тр ЖМИ ОТКЛИКНУТЬСЯ Мы пришлем информацию в ответном сообщении в течение пары минут и чуть позднее напишем в WhatsApp Данная вакансия также подойдет, если вы искали: работа курьером, курьер, курьер с ежедневной оплатой, курьер пеший, курьер подработка, курьер выходного дня, свободный график, пешком, яндекс доставка, доставщик яндекс еда, яндекс лавка, яндекс про, яндекс маркет, сбермаркет, деливери клаб, delivery club, dostavista, достависта, курьер додо, озон, сдек, доставка суши, доставка еды, еду, доставка документов посылок, устроиться курьером, работа в районе, курьер с ежедневной оплатой, подработка с ежедневными выплатами, работа рядом с домом, без опыта, оплата каждый день. ЖМИ ОТКЛИКНУТЬСЯ;https://hh.ru/vacancy/92001183;64ca2c59568bd3d591dda9b6fa4bf37e
2025;Подсобный рабочий;МУНИЦИПАЛЬНОЕ ОБЩЕОБРАЗОВАТЕЛЬНОЕ УЧРЕЖДЕНИЕ СРЕДНЯЯ ШКОЛА № 7 ИМЕНИ АДМИРАЛА Ф.Ф. УШАКОВА ТУТАЕВСКОГО МУНИЦИПАЛЬНОГО РАЙОНА;22400;22400;RUB;;Временная занятость;Ярославская область;Ярославль;104;Ответственность, аккуратность без требований;https://trudvsem.ru/vacancy/card/1027601275613/7795df58-3154-11f0-8844-cb26dff57dd7;916b9028c84e179c88c1b5adc14642d7
2024;Оператор контакт-центра;Ростелеком Контакт-центр;34000;40000;RUB;Удаленная работа;Полная занятость;Ярославская область;Ярославль;848;"Наш контактный центр- входит в ТОП-4 ведущих контакт-центров России. Приглашаем тебя на вакансию Специалист по консультированию клиентов. Мы предлагаем: Официальное трудоустройство и стабильный доход; Бонус за стаж до 19 000 рублей и дополнительная премия за продажи; Гибкие графики работы; Возможно трудоустройство с 16-ти лет; Удаленный формат работы; Оплачиваемое обучение + Трудоустройство с первого дня. Что нужно делать: Принимать входящие обращения от клиентов (голосовые обращения и чат-поддержка); Консультировать клиентов и помогать в решении проблем; Фиксировать итоги разговора в системе. Для работы из дома потребуется: Наличие ПК (Windows от 7 версии и выше); Проводной интернет со скоростью не ниже 20 Мбит; Гарнитура с микрофоном; Веб-камера (на период обучения); Тихое место. Откликайся или звони! # Контакт центр # КЦ # колл центр # Контактный центр # Чат-поддержка # Сall центр # Оператор CAll центра # специалист в_call центр # Чат # специалист контактного центра # 16 лет # начинающий # оператор на телефоне # без опыта # работа для начинающих # сменный график # начинающий специалист # гибкий график # сменный график # начало карьеры";https://hh.ru/vacancy/95460751;d1088093636c2ebfcba83b649ac1fcf7
2024;подсобный рабочий;"АКЦИОНЕРНОЕ ОБЩЕСТВО ""ЯРДОРМОСТ""";19300;0;RUB;Неполный день;Полная занятость;Ярославская область;Ярославль;904;согласно должностнной инструкции ответственность, отсутсвие протевопоказания по здоровью;https://trudvsem.ru/vacancy/card/1187627037070/cfdc5d95-f174-11ee-9091-cb26dff57dd7;b3c8776bbf9bd3592e25cfc1abf17ed9
2024;Подсобный рабочий;"АКЦИОНЕРНОЕ ОБЩЕСТВО ""ЯРДОРМОСТ""";19300;19300;RUB;Неполный день;Частичная занятость;Ярославская область;Ярославль;904;Выполнение подсобных и вспомогательных работ на территории производственной базы филиала, в помещениях РММ, объектах строительства, ремонта и содержания автодорог. Трудолюбие, коммуникабельность, дисциплинированность, ответственность, честность.;https://trudvsem.ru/vacancy/card/1187627037070/067e0628-1bf3-11ef-b370-e7d0d2cf29b1;bef6681a2b008a07b86bc6c60b7ccbe0
2024;Курьер на подработку с ежедневными выплатами;Птицына Анастасия Андреевна;69420;139037;RUB;Сменный график;Частичная занятость;Ярославская область;Ярославль;573;Заработай в сезон БОЛЬШЕ с высокими тарифами 16+ ! Требуются курьеры, у нас свободный график (можно работать у дома)!Можно работать пешком или на любом своем транспорте. ❗️❗️МОЖНО работать НА АЙФОНЕ❗️❗️И на андроиде тоже можно. ✔️ СВОБОДНЫЙ ГРАФИК ✔️ ОПЛАТА 3.500- 4.000- 5.600 за день. Зависит от времени работы. ✔️ ПРИНИМАЕМ БЕЗ ОПЫТА. Обучим - покажем. ❗️Оформление без записи в трудовую книжку! ПО РАБОТЕ: Можно использовать как подработку(Легко совмещать с учебой или работой) Район на выбор(10 мин среднее время доставки) Заказы на доставку собраны и оплачены. Вы только доставляете. Чаевые и доплаты 100% ваши,за заказы комиссии нет! Прием ЕЖЕДНЕВНО (даже в выходные)! ДОХОД: Оплата за 4 часа - до 4.000 руб.(зависит от района и времени суток) ЖМИ ОТКЛИКНУТЬСЯ Мы пришлем информацию в ответном сообщении в течение пары минут и скоро напишем в WhatsApp Данная вакансия также подойдет, если вы искали: работа курьером, курьер, курьер с ежедневной оплатой, курьер пеший, курьер подработка, курьер выходного дня, свободный график, пешком, яндекс доставка, доставщик яндекс еда, яндекс лавка, яндекс про, яндекс маркет, сбермаркет, деливери клаб, delivery club, dostavista, достависта, курьер додо, озон, сдек, доставка суши, доставка еды, еду, доставка документов посылок, устроиться курьером, работа в районе, курьер с ежедневной оплатой, подработка с ежедневными выплатами, работа рядом с домом, без опыта, оплата каждый день. ЖМИ ОТКЛИКНУТЬСЯ!;https://hh.ru/vacancy/107281519;00d520d763e1111ed0598c7f6f5aebe2
2025;Фасовщик № 16 (г.Ярославль, ул.Щепкина, д.3);"ЗАКРЫТОЕ АКЦИОНЕРНОЕ ОБЩЕСТВО ""АТРУС""";23000;0;RUB;;Полная занятость;Ярославская область;Ярославль;1279;"Фасовка полуфабрикатов и готовой продукции в тару вручную как без взвешивания, отмера и оформления, так и с отмером по заданному объему, массе или количеству различных твердых, сыпучих, жидких и штучных товаров, упаковка продукции согласно техническим условиям. Должностные обязанности в соответствии с трудовым договором и должностной инструкцией Продолжительность рабочего времени в зависимости от возраста гражданина, согласно ст.94 ТК РФ; з/п зависит от отработанного времени, график работы по согласованию с работодателем. Предварительно обязательно созвониться с работодателем . Социальный пакетРабочее место магазин ""Атрус"" № 16 г. Ярославль, ул. Щепкина, д. 3. Продолжительность рабочего времени в зависимости от возраста гражданина, согласно ст.94 ТК РФ; з/п зависит от отработанного времени, график работы по согласованию с работодателем.";https://trudvsem.ru/vacancy/card/1027601066041/3bce7e55-e999-11ed-9635-17f530626801;00820b6f90556d994efe79842107d540
2025;Сотрудник ресторана KFC / ROSTIC`S;ЭЙ КЕЙ РЕСТОРАНТС РАША;0;0;;Гибкий график;Полная занятость;Ярославская область;Ярославль;734;"Первая работа в команде KFC / ROSTIC`S! Принимаем на работу с 16 лет. ‍Обучение доступное каждому – обучим с нуля всему, что необходимо; Стабильная работа с официальной заработной платой и стабильным выплатами; Работа в удобном для тебя месте – возле дома или учебы; График работы на твой выбор - 5/2; 2/2; 4/3 и т.д. или подработка от 4-х часов в день; Отличный старт карьеры! Ты можешь пройти обучение и стать тренером, менеджером и даже директором Медицинская книжка и питание за счет компании. За каждого друга, которого ты приведешь к нам, мы выплатим тебе премию в 15000 рублей. Только у нас расширенный пакет льгот для каждого сотрудника: Мы ценим спорт и ЗОЖ: ты получишь скидки на фитнес или сможешь присоединиться к бесплатным тренировкам с нами по футболу или волейболу; Мы развиваем и постоянно обучаем нашу команду: ты получишь доступ к бесплатной онлайн-библиотеке и скидки на обучающие курсы для твоего развития; Мы заботимся о твоем жизни вне работы: у нас есть корпоративные скидки более, чем у 6000 партнеров ( развлечение, медицина, покупки и многое другое) Корпоративный тариф на мобильную связь; Корпоративные турниры по кибер-спорту и многое другое! Эта вакансия тебе подойдет если ты ищешь работу: повар, кассир, работа без опыта, работник кухни, комплектовщик, работник кассы, бариста, заготовщик, помощник повара, уборщик, уборщица, подработка, кфс. Если у тебя есть опыт работы: Вкусно и точка, Бургер Кинг, Теремок, Ростикс";https://hh.ru/vacancy/118906108;e667d47a2efe1d33b1e2534931dde991
2024;Курьер-пеший на подработку рядом с домом;Птицына Анастасия Андреевна;158400;197500;RUB;Гибкий график;Частичная занятость;Ярославская область;Ярославль;0;Заработай на НОВЫЙ ГОД БОЛЬШЕ с высокими тарифами 16+ ! Требуются курьеры, у нас свободный график (можно работать у дома)! ❗️❗️МОЖНО работать НА АЙФОНЕ❗️❗️И на андроиде тоже можно. ✔️ СВОБОДНЫЙ ГРАФИК ✔️ ОПЛАТА 3.500- 4.000- 5.600 за день. Зависит от времени работы. ✔️ ПРИНИМАЕМ БЕЗ ОПЫТА. Обучим - покажем. ❗️Оформление без записи в трудовую книжку! ПО РАБОТЕ: Можно использовать как подработку(Легко совмещать с учебой или работой) Район на выбор(10 мин среднее время доставки) Заказы на доставку собраны и оплачены. Вы только доставляете. Чаевые и доплаты 100% ваши,за заказы комиссии нет! Прием ЕЖЕДНЕВНО (даже в выходные)! ДОХОД: Оплата за 4 часа - до 4.000 руб.(зависит от района и времени суток) ЖМИ ОТКЛИКНУТЬСЯ Мы пришлем информацию в ответном сообщении в течение пары минут и скоро напишем в WhatsApp Данная вакансия также подойдет, если вы искали: работа курьером, курьер, курьер с ежедневной оплатой, курьер пеший, курьер подработка, курьер выходного дня, свободный график, пешком, яндекс доставка, доставщик яндекс еда, яндекс лавка, яндекс про, яндекс маркет, сбермаркет, деливери клаб, delivery club, dostavista, достависта, курьер додо, озон, сдек, доставка суши, доставка еды, еду, доставка документов посылок, устроиться курьером, работа в районе, курьер с ежедневной оплатой, подработка с ежедневными выплатами, работа рядом с домом, без опыта, оплата каждый день. ЖМИ ОТКЛИКНУТЬСЯ!;https://hh.ru/vacancy/113455369;491de1e47a73cac292291bcdf50bcdf6
2025;Подсобный рабочий;"ОБЩЕСТВО С ОГРАНИЧЕННОЙ ОТВЕТСТВЕННОСТЬЮ ""ТЕРПАК""";23000;30000;RUB;;Частичная занятость;Ярославская область;Ярославль;0;- Обеспечение помощи на своем участке работ, - Участие в уборке и выносе мусора после произведенных работ на территории предприятия, - Взаимодействие с коллегами по проведению необходимых вспомогательных работ, - Помощь специалистам в чистке и мойке инвентаря и инструментов, - Поддержание норм безопасности на предприятии, - 0,5 ставки. - Ответственность, - Внимательность, - Опыт работы не требуется.;https://trudvsem.ru/vacancy/card/1077608001140/10639378-be14-11f0-93eb-c3084e6d8ff5;aef13264d0e2042672db9f1cbcb8e051
2025;Промоутер-консультант;Розничная сеть салонов ВСЕ ОПТИКА;20000;40000;RUB;Гибкий график;Частичная занятость;Ярославская область;Ярославль;0;Хотите быть частью нашей команды и помогать людям заботиться о своем зрении? Федеральная сеть ВСЕ Оптика приглашает на работу энергичных и коммуникабельных промоутеров для привлечения людей у салонов оптики! Обязанности: - Работать в нашей фирменной жилетке вблизи салона. - Активное привлечение людей на бесплатную проверку зрения БЕЗ ЛИСТОВОК! Требования: - Умение привлекать внимание. - Пунктуальность. - Грамотная pечь, активность, доброжелательность. - Берем разных возрастов. - Умение и желание много общаться с разными людьми. Условия: - Оплата ежедневно.- 160 рублей в час + 2 % от товарооборота. - График от 4-х часов в день (график и время работы согласовывается с руководителем). Если тебя заинтересовала наша вакансия, то отправляй отклик с резюме прямо сейчас!;https://hh.ru/vacancy/128512594;03e60e63dfb059f2d0870474425a6310
2025;Помощник слесарь-ремонтник;"АКЦИОНЕРНОЕ ОБЩЕСТВО ""НОВЫЙ ПУТЬ""";23000;23000;RUB;;Полная занятость;Ярославская область;Ярославль;1079;"Ремонт, диагностика, сборка, восстановление, техническое обслуживание. Должностные обязанности в соответствии с трудовым договором и должностной инструкцией Предварительно обязательно созвониться с работодателем . Социальный пакет Продолжительность рабочего времени в зависимости от возраста гражданина, согласно ст.94 ТК РФ; з/п зависит от отработанного времени, график работы по согласованию с работодателем.";https://trudvsem.ru/vacancy/card/1027601074324/88c1c988-139d-11f0-85c2-cb26dff57dd7;f7c350de7cda3dcab299daafd2bf3353
2024;Курьер-пеший на подработку рядом с домом;Птицына Анастасия Андреевна;158400;197500;RUB;Гибкий график;Частичная занятость;Ярославская область;Ярославль;0;Заработай на НОВЫЙ ГОД БОЛЬШЕ с высокими тарифами 16+ ! Требуются курьеры, у нас свободный график (можно работать у дома)! ❗️❗️МОЖНО работать НА АЙФОНЕ❗️❗️И на андроиде тоже можно. ✔️ СВОБОДНЫЙ ГРАФИК ✔️ ОПЛАТА 3.500- 4.000- 5.600 за день. Зависит от времени работы. ✔️ ПРИНИМАЕМ БЕЗ ОПЫТА. Обучим - покажем. ❗️Оформление без записи в трудовую книжку! ПО РАБОТЕ: Можно использовать как подработку(Легко совмещать с учебой или работой) Район на выбор(10 мин среднее время доставки) Заказы на доставку собраны и оплачены. Вы только доставляете. Чаевые и доплаты 100% ваши,за заказы комиссии нет! Прием ЕЖЕДНЕВНО (даже в выходные)! ДОХОД: Оплата за 4 часа - до 4.000 руб.(зависит от района и времени суток) ЖМИ ОТКЛИКНУТЬСЯ Мы пришлем информацию в ответном сообщении в течение пары минут и скоро напишем в WhatsApp Данная вакансия также подойдет, если вы искали: работа курьером, курьер, курьер с ежедневной оплатой, курьер пеший, курьер подработка, курьер выходного дня, свободный график, пешком, яндекс доставка, доставщик яндекс еда, яндекс лавка, яндекс про, яндекс маркет, сбермаркет, деливери клаб, delivery club, dostavista, достависта, курьер додо, озон, сдек, доставка суши, доставка еды, еду, доставка документов посылок, устроиться курьером, работа в районе, курьер с ежедневной оплатой, подработка с ежедневными выплатами, работа рядом с домом, без опыта, оплата каждый день. ЖМИ ОТКЛИКНУТЬСЯ!;https://hh.ru/vacancy/113579562;491de1e47a73cac292291bcdf50bcdf6
2025;подсобный рабочий (квота н/л);"ОБЩЕСТВО С ОГРАНИЧЕННОЙ ОТВЕТСТВЕННОСТЬЮ ""КОРОЛАН-ПЛЮС""";23000;23000;RUB;;Полная занятость;Ярославская область;Ярославль;904;"погрузочно-разгрузочные работы. Должностные обязанности в соответствии с трудовым договором и должностной инструкцией. ответственность. Предварительно обязательно созвониться с работодателем. Продолжительность рабочего времени в зависимости от возраста гражданина, согласно ст.94 ТК РФ; з/п зависит от отработанного времени, график работы по согласованию с работодателем.";https://trudvsem.ru/vacancy/card/1067609021600/2edcccd8-5976-11ef-9a05-29eee561bb17;2b0b7a2f1abc4a3361f917205349cc18
2024;Курьер-пеший на подработку рядом с домом;Птицына Анастасия Андреевна;158400;197500;RUB;Гибкий график;Частичная занятость;Ярославская область;Ярославль;0;Заработай в сезон БОЛЬШЕ с высокими тарифами 16+ ! Требуются курьеры, у нас свободный график (можно работать у дома)! ❗️❗️МОЖНО работать НА АЙФОНЕ❗️❗️И на андроиде тоже можно. ✔️ СВОБОДНЫЙ ГРАФИК ✔️ ОПЛАТА 3.500- 4.000- 5.600 за день. Зависит от времени работы. ✔️ ПРИНИМАЕМ БЕЗ ОПЫТА. Обучим - покажем. ❗️Оформление без записи в трудовую книжку! ПО РАБОТЕ: Можно использовать как подработку(Легко совмещать с учебой или работой) Район на выбор(10 мин среднее время доставки) Заказы на доставку собраны и оплачены. Вы только доставляете. Чаевые и доплаты 100% ваши,за заказы комиссии нет! Прием ЕЖЕДНЕВНО (даже в выходные)! ДОХОД: Оплата за 4 часа - до 4.000 руб.(зависит от района и времени суток) ЖМИ ОТКЛИКНУТЬСЯ Мы пришлем информацию в ответном сообщении в течение пары минут и скоро напишем в WhatsApp Данная вакансия также подойдет, если вы искали: работа курьером, курьер, курьер с ежедневной оплатой, курьер пеший, курьер подработка, курьер выходного дня, свободный график, пешком, яндекс доставка, доставщик яндекс еда, яндекс лавка, яндекс про, яндекс маркет, сбермаркет, деливери клаб, delivery club, dostavista, достависта, курьер додо, озон, сдек, доставка суши, доставка еды, еду, доставка документов посылок, устроиться курьером, работа в районе, курьер с ежедневной оплатой, подработка с ежедневными выплатами, работа рядом с домом, без опыта, оплата каждый день. ЖМИ ОТКЛИКНУТЬСЯ!;https://hh.ru/vacancy/111115379;bd75ec04a3673ee1a26fdefe0d80b335
2025;Сканировщик торгового зала;АШАН Ритейл Россия;0;46600;RUB;Гибкий график;Частичная занятость;Ярославская область;Ярославль;514;"МЫ ПОВЫСИЛИ ЗАРАБОТНУЮ ПЛАТУ! Совокупный ежемесячный доход до 46600 руб., по результатам собеседования Возможен дополнительный доход +50% от оклада с учетом подработок Получайте бонусы от 15 000р. до 40 000р. за каждого трудоустроенного друга Графики работы на выбор: 5/2 по 8 часов, плавающие выходные; 2/2 по 11 часов; при желании возможно взять подработки в компании, например, 5/2 по 12 часов возможно трудоустройство по совместительству, с индивидуальным графиком, от 1 дня в неделю возможна подработка с 14 лет, с индивидуальным графиком Чем предстоит заниматься: выкладка товара на полки, контроль ценников, контроль сроков годности​​​. Пожелания к кандидату: опыт работы не обязателен - проводим обучение. Оставляйте отклик или позвоните нам! Данная вакансия также подойдет, если вы искали: работник торгового зала, работник по выкладке товара, оператор склада, кладовщик, сборщик заказов, АШАН, АТАК, Азбука Вкуса, Вкусвилл, Лента, Пятерочка, Магнит, Перекресток, Билла, Карусель, Дикси, Мясницкий ряд, Верный, Глобус, Вкусно и точка, Самокат, Яндекс еда, Спар, Euro Spar, Магнолия, Красное белое, Fix Price, Мясновъ Мираторг, Ремит, Фикс Прайс, Сбермаркет, Яндекс маркет, ОКЕЙ, МЕГА, ЕвроСпар, Чижик, Леруа Мерлен, Декатлон, Спортмастер, Детский мир, Ярче, Красное и Белое, подработка, свободный график, сменный график, гибкий график, работа рядом с домом, без опыта работы, начало карьеры, начинающий специалист";https://hh.ru/vacancy/119075949;bca12a91e115c18356e60fa245c3dbbd
2025;Подсобный рабочий (квотируемое рабочее место для несовершеннолетних);"ОБЩЕСТВО С ОГРАНИЧЕННОЙ ОТВЕТСТВЕННОСТЬЮ ""АКВА ПЛЮС""";35000;40000;RUB;;Полная занятость;Ярославская область;Ярославль;904;Различные виды подсобных работ на производстве. Отсутствие вредных привычек Аккуратность, исполнительность, ответственность;https://trudvsem.ru/vacancy/card/1037601206642/f2862bc0-567f-11f0-88f7-d549be31d974;cc0481b52ba2c662b99f48c3283d5e41
2024;Курьер легких посылок в Кафе (заказы до 4кг);Работа сегодня (ИП Холин Андрей Сергеевич);120000;0;RUB;Гибкий график;Частичная занятость;Ярославская область;Ярославль;573;Курьер, легких заказов - подработка без графика. СРОЧНО! Возможное как разовые поручения использовать.совмещение без графика (рядом с домом)Обязанности: Доставка небольших посылок. (товары для дома, интернет заказы рестораны, и т.д.) Время доставок вы выбираете самостоятельно -сами. Выполнение заказов через приложение Очень много заказав Соблюдение стандартов компании Доставки по району Требования: Телефон андроид или айфон желание зарабатывать Условия: Оплата заказов Ежедневно Гибкое расписание (время и количество рабочих часов выбираете самостоятельно) Регистрация на сайте Нет обязательного плана по доставке.» Нажмите ОТКЛИКНУТЬСЯ прямо сейчас и получите все подробности о работе! Также пишите в мессенджерах WhatsApp/Telegram: менеджер 24/7 готов ответить на вопросы и помочь с оформлением. Не упустите свой шанс начать уже сегодня! Также подойдет, если вы искали: «курьер, подработка с ежедневными выплатами, ежедневная оплата, свободный график, ночной курьер, вечерний курьер, доставка, лавка, документы, груз, сервис, пеший курьер, оплата каждый день, подработка, работа рядом с домом, достависта, график, свободный, пеший курьер, работа по району, официальное трудоустройство, зарплата, ЗП, оплата, доставка, разнорабочий, работа курьером, курьер, еженедельная, ежедневная, на руки курьеру, подработка, прямой работодатель, ищу работу, время, работа без опыта, оплата сразу, утреннее, дневное, вечернее , время, режим»ОБРАЩАЕМ ВНИМАНИЕ, после отклика на данную вакансию потребуется предоставление информации или выполнение иных действий на сторонних информационных ресурсах.;https://hh.ru/vacancy/107290707;e9b0b864c147ae314ec1ef709ca43c17
2024;Подсобный рабочий Ярославского участка (Руководство);"АКЦИОНЕРНОЕ ОБЩЕСТВО ""РН-ЯРОСЛАВЛЬ""";19300;19300;RUB;Неполный день;Полная занятость;Ярославская область;Ярославль;1001;Выполнение вспомогательных работ по заданиям сотрудников подразделений Общества Образование среднее или среднее (полное) общее, или лица, получающие среднее или среднее профессиональное образование Навыки работы на персональном компьютере. Грамотное письмо. Знание Word, Excel на уровне пользователя (навыки оформления и редактирования печатного текста, таблиц, схем). Расширенный пакет социальных гарантий и льгот: Программа страхования жизни и здоровья от несчастных случаев, материальная помощь в определенных жизненных ситуациях, корпоративное пенсионное обеспечение, добровольное медицинское страхование, и т.п.;https://trudvsem.ru/vacancy/card/1087604014827/ce7fcde8-7033-11ef-9a50-295bfdef1967;47b82f24eae3c1617551837a2d95c68d
2025;Подсобный рабочий;"БРЕЙТОВСКИЙ ФИЛИАЛ АКЦИОНЕРНОГО ОБЩЕСТВА ""ЯРДОРМОСТ""";23000;23000;RUB;;Полная занятость;Ярославская область;Ярославль;0;Содержание в чистоте территории производственной базы. Уборка от мусора и листьев. В летний период - окос травы, уборка автостоянок на территории объекта, покрасочные работы наружных и внутренних помещений. В зимний период - уборка территории от снега и льда, включая въезд на территорию базы. Дисциплинированность, выносливость, ответственный подход к должностным инструкциям.;https://trudvsem.ru/vacancy/card/6e964f40-8707-11ef-9fe0-d549be31d974/1d6913b0-d9bc-11f0-80a1-cd70d8371981;9285c4ccc2db6aa99844736c5c9dd246
2024;Подсобный рабочий (ТН);"МУНИЦИПАЛЬНОЕ ДОШКОЛЬНОЕ ОБРАЗОВАТЕЛЬНОЕ УЧРЕЖДЕНИЕ ""ДЕТСКИЙ САД № 17""";19242;0;RUB;Неполный день;Временная занятость;Ярославская область;Ярославль;904;Подсобные работы. Должностные обязанности в соответствии с трудовым договором и должностной инструкцией. Ответственность;https://trudvsem.ru/vacancy/card/1027601068879/4d32b108-23e7-11ef-bb5e-e7d0d2cf29b1;4c0b0640e0d2e2983b0320a1fb58176d
2024;Подсобный рабочий ТН;"МУНИЦИПАЛЬНОЕ ДОШКОЛЬНОЕ ОБРАЗОВАТЕЛЬНОЕ УЧРЕЖДЕНИЕ ""ДЕТСКИЙ САД №5 СЕРПАНТИН""";19242;0;RUB;Неполный день;Временная занятость;Ярославская область;Ярославль;904;Подсобные работы. Должностные обязанности в соответствии с трудовым договором и должностной инструкцией. Исполнительность, доброжелательность, умение работать в команде;https://trudvsem.ru/vacancy/card/1137609001969/c7e03c68-3a9e-11ef-a3a6-d549be31d974;4f8a1a618fd52f9ec4d7a68aa9c532e8
2024;Подсобный рабочий ТН;МУНИЦИПАЛЬНОЕ ОБРАЗОВАТЕЛЬНОЕ УЧРЕЖДЕНИЕ ДОПОЛНИТЕЛЬНОГО ОБРАЗОВАНИЯ ЦЕНТР ВНЕШКОЛЬНОЙ РАБОТЫ;19242;0;RUB;Неполный день;Временная занятость;Ярославская область;Ярославль;904;Подсобные работы. Должностные обязанности в соответствии с трудовым договором и должностной инструкцией. ответственность, дисциплинированность;https://trudvsem.ru/vacancy/card/1157627031968/1692f498-3aa1-11ef-8e60-e7d0d2cf29b1;f49ba389fdd2121850171ac17f1756ac
2025;уборщик производственных и служебных помещений (квота для несовершеннолетних);"ОБЩЕСТВО С ОГРАНИЧЕННОЙ ОТВЕТСТВЕННОСТЬЮ ""КОФЕ-ЦИКОРНЫЙ КОМБИНАТ ""АРОНАП""";28700;28700;RUB;;Полная занятость;Ярославская область;Ярославль;1276;"Влажная уборка производственных помещений. Должностные обязанности в соответствии с трудовым договором и должностной инструкцией. Ответственность. Дисциплинированность. Предварительно обязательно созвониться с работодателем. Продолжительность рабочего времени в зависимости от возраста гражданина, согласно ст.94 ТК РФ; з/п зависит от отработанного времени, график работы по согласованию с работодателем.";https://trudvsem.ru/vacancy/card/1177627040140/dd92b5b5-be98-11ee-8a42-e7d0d2cf29b1;d48db05ac54f672d351ddffd7ad62581
2024;Подработка выходного дня. Курьер по лёгким и мелким заказам на пункт выдачи (утро / день / вечер);Кондратьева Наталья Михайловна;88240;126820;RUB;Гибкий график;Частичная занятость;Ярославская область;Ярославль;573;Подработка курьером по доставке малогабаритных интернет-заказов на пункт доставки (свободного дня / подработка / не полный день / полный день). Мы заинтересованы в длительном сотрудничестве, поэтому предлагаем ЛУЧШИЕ условия для Вас ПОВЫШАЕМ ВСЕ тарифы на зимний период ❗Готовы рассмотреть кандидатов с 16 лет Только у нас Вы можете: Заработать до 6 480 рублей за смену или до 540 руб. в час Выбрать любой график работы (от 2 до 12 часов, в любой день) Выбрать район доставок (можно у дома или в любом другом доступном районе) Получить повышенную оплату за дальние заказы и надбавки за повышенный спрос (до х5 от стоимости заказа) Рассчитывать на стабильные выплаты каждую пятницу до 42 000 рублей за неделю ❗Места ограничены. Нажимайте ОТКЛИК - направим информацию на почту и в чат в течение 2-х минут. Подробнее об условиях работы: Можно работать с любым устройством (андроид или IOS) Можно БЕЗ опыта (проведем вводное оплачиваемое обучение за несколько часов) Предлагаем САМЫЕ высокие тарифы в Вашем городе, если найдете ставки выше - напишите нам. Проводим обучение ЕЖЕДНЕВНО, начать можно сразу после обучения ЕЖЕНЕДЕЛЬНЫЕ выплаты, гарантированный доход за каждый час на смене, даже если нет заказов! Регулярные бонусы, акции и чаевые, которые могут увеличить доход на ~35% Ваша миссия: Доставка интернет-заказов заранее собранных, оплаченных и упакованных. Необходимо только передать клиенту Забирать заказы на пункте доставки и доставлять по адресам в выбранном районе (ограничили радиус доставки для Вашего удобства) Оставьте ОТКЛИК сейчас пока предложение актуально - направим информация в чат и на почту в течение 2-х минут *Пока вакансия размещена - она актуальна. Данная вакансия подойдёт для людей с опытом работы на таких позициях как: вечерний курьер, подработка вечером, курьер с ежедневными выплатами, курьер без опыта, подработка на 3 часа, курьер на вечер, доставка посылок, начинающий специалист, работа после учёбы, вакансии курьер, подработка курьером, быстрая подработка, работа неполный день, вакансии без опыта, промоутер, разнорабочий, удалённая работа, грузчик, яндекс курьер, озон доставка, магнит курьер, комплектовщик, сборщик, упаковщик, продавец, вахта, работа без специальной подготовки, временная работа, вакансия без медкнижки, начало карьеры, работа без опыта, срочно требуются работники, работа в вечернее время, подработка на зиму, сезонная работа, работа на праздники, подработка на новый год, вакансии вечером после основной работы, подработка в свободное время.;https://hh.ru/vacancy/92401075;40f66aefe4a53e10ba04142604bb9908
2025;Распределитель работ;"ПУБЛИЧНОЕ АКЦИОНЕРНОЕ ОБЩЕСТВО ""ОДК-САТУРН""";23000;23000;RUB;;Полная занятость;Ярославская область;Ярославль;904;В соответствии с трудовым договором и должностной инструкцией. Прием на работу по результатам собеседования. Ответственность. Образование: Среднее Режим работы односменный (до 16 лет: с 8-00 до 14-00, от 16 до 18 лет: с 8-00 до 16-00 (1 час обед)). Медицинское обслуживание, санаторно-курортное обеспечение, условия для приема пищи во время перерыва;https://trudvsem.ru/vacancy/card/1027601106169/4ec63068-15e9-11f0-add8-cb26dff57dd7;5017a5da83223c08bfefff194b9196f4
2025;Слесарь-инструментальщик;"ПУБЛИЧНОЕ АКЦИОНЕРНОЕ ОБЩЕСТВО ""ОДК-САТУРН""";23000;23000;RUB;;Полная занятость;Ярославская область;Ярославль;1079;В соответствии с трудовым договором и должностной инструкцией Прием на работу по результатам собеседования. Ответственность. Образование: Среднее Режим работы односменный (до 16 лет: с 8-00 до 14-00, от 16 до 18 лет: с 8-00 до 16-00 (1 час обед)). Медицинское обслуживание, санаторно-курортное обеспечение, условия для приема пищи во время перерыва;https://trudvsem.ru/vacancy/card/1027601106169/bab8ec98-15e9-11f0-add8-cb26dff57dd7;9be84e6eb743bb6f440ca588eea52da2
2025;Слесарь-ремонтник;"ПУБЛИЧНОЕ АКЦИОНЕРНОЕ ОБЩЕСТВО ""ОДК-САТУРН""";23000;23000;RUB;;Полная занятость;Ярославская область;Ярославль;1079;В соответствии с трудовым договором и должностной инструкцией Прием на работу по результатам собеседования. Ответственность. Образование: Среднее Режим работы односменный (до 16 лет: с 8-00 до 14-00, от 16 до 18 лет: с 8-00 до 16-00 (1 час обед)). Медицинское обслуживание, санаторно-курортное обеспечение, условия для приема пищи во время перерыва;https://trudvsem.ru/vacancy/card/1027601106169/4d9d2448-15ea-11f0-add8-cb26dff57dd7;f88c4968a8c76ff581202c9c8a70eb6c
2024;Сканировщик торгового зала;АШАН Ритейл Россия;0;46600;RUB;Полный день;Частичная занятость;Ярославская область;Ярославль;0;"МЫ ПОВЫСИЛИ ЗАРАБОТНУЮ ПЛАТУ! Совокупный ежемесячный доход до 46600 руб., по результатам собеседования Возможен дополнительный доход +50% от оклада с учетом подработок В январе - годовая премия +30% от оклада Получайте бонусы от 15 000р. до 40 000р. за каждого трудоустроенного друга Графики работы на выбор: 5/2 по 8 часов, плавающие выходные; 2/2 по 11 часов; при желании возможно взять подработки в компании, например, 5/2 по 12 часов возможно трудоустройство по совместительству, с индивидуальным графиком, от 1 дня в неделю возможна подработка для школьников с 14 лет, с индивидуальным графиком Чем предстоит заниматься: выкладка товара на полки, контроль ценников, контроль сроков годности​​​. Пожелания к кандидату: опыт работы не обязателен - проводим обучение. Оставляйте отклик или позвоните нам! Данная вакансия также подойдет, если вы искали: работник торгового зала, продавец, кассир, продавец-кассир, продавец-консультант, работник магазина, мерчендайзер, работник по выкладке товара, оператор склада, кладовщик, сборщик заказов, официант, рабочий, грузчик, комплектовщик, упаковщик, фасовщик, курьер, товаровед, приемщик, разнорабочий, администратор торгового зала, старший кассир, работник кулинарии, кухонный работник, помощник повара, член бригады ресторана, АШАН, АТАК, Азбука Вкуса, Вкусвилл, Лента, Пятерочка, Магнит, Перекресток, Билла, Карусель, Дикси, Мясницкий ряд, Верный, Глобус, Вкусно и точка, Самокат, Яндекс еда, Спар, Euro Spar, Магнолия, Красное белое, Fix Price, Мясновъ Мираторг, Ремит, Фикс Прайс, Сбермаркет, Яндекс маркет, ОКЕЙ, МЕГА, ЕвроСпар, Чижик, Леруа Мерлен, Декатлон, Спортмастер, Детский мир, Ярче, Красное и Белое, подработка, свободный график, сменный график, гибкий график, работа рядом с домом, без опыта работы, начало карьеры, начинающий специалист";https://hh.ru/vacancy/111234771;bca12a91e115c18356e60fa245c3dbbd
2025;Сканировщик торгового зала;АШАН Ритейл Россия;0;46600;RUB;Гибкий график;Частичная занятость;Ярославская область;Ярославль;514;"МЫ ПОВЫСИЛИ ЗАРАБОТНУЮ ПЛАТУ! Совокупный ежемесячный доход до 46600 руб., по результатам собеседования Возможен дополнительный доход +50% от оклада с учетом подработок Получайте бонусы от 15 000р. до 40 000р. за каждого трудоустроенного друга Графики работы на выбор: 5/2 по 8 часов, плавающие выходные; 2/2 по 11 часов; при желании возможно взять подработки в компании, например, 5/2 по 12 часов возможно трудоустройство по совместительству, с индивидуальным графиком, от 1 дня в неделю возможна подработка так же с 14 лет, с индивидуальным графиком Чем предстоит заниматься: выкладка товара на полки, контроль ценников, контроль сроков годности​​​. Пожелания к кандидату: опыт работы не обязателен - проводим обучение. Оставляйте отклик или позвоните нам! Данная вакансия также подойдет, если вы искали: АШАН, АТАК, Азбука Вкуса, Вкусвилл, Лента, Пятерочка, Магнит, Перекресток, Билла, Карусель, Дикси, Мясницкий ряд, Верный, Глобус, Вкусно и точка, Самокат, Яндекс еда, Спар, Euro Spar, Магнолия, Красное белое, Fix Price, Мясновъ Мираторг, Ремит, Фикс Прайс, Сбермаркет, Яндекс маркет, ОКЕЙ, МЕГА, ЕвроСпар, Чижик, Леруа Мерлен, Декатлон, Спортмастер, Детский мир, Ярче, Красное и Белое, подработка, свободный график, сменный график, гибкий график, работа рядом с домом, без опыта работы, начало карьеры, начинающий специалист";https://hh.ru/vacancy/120064037;bca12a91e115c18356e60fa245c3dbbd
2025;Стажер в Маркет.Деливери;Премьер;75000;129000;RUB;Гибкий график;Частичная занятость;Ярославская область;Ярославль;0;Вакансия ОТКРЫТА! Устроиться можно сегодня!После ОТКЛИКА мы отправим более подробную информацию в чат Условия:-Можно использовать как подработку-Район на выбор-График от 1 часа в день-Выплаты ежедневно/еженедельно-Техническая поддержка Обязанности:-Передача оплаченных заказов клиентам Требования:-Смартфон на базе Android или IOS-Можно без опыта-Желание зарабатывать Откликнувшись мы отправим вам более подробную информацию о вакансии! ОБРАЩАЕМ ВНИМАНИЕ, после отклика на данную вакансию потребуется предоставление информации или выполнение иных действий на сторонних информационных ресурсах.;https://hh.ru/vacancy/117610232;941dd2eba98e0c0026c27e16ca939bf3
2025;Помощник слесарь-ремонтник;"АКЦИОНЕРНОЕ ОБЩЕСТВО ""НОВЫЙ ПУТЬ""";23000;23000;RUB;;Полная занятость;Ярославская область;Ярославль;1079;"Ремонт, диагностика, сборка, восстановление, техническое обслуживание. Должностные обязанности в соответствии с трудовым договором и должностной инструкцией Предварительно обязательно созвониться с работодателем . Социальный пакет Продолжительность рабочего времени в зависимости от возраста гражданина, согласно ст.94 ТК РФ; з/п зависит от отработанного времени, график работы по согласованию с работодателем.";https://trudvsem.ru/vacancy/card/1027601074324/c1aa5d54-e8d1-11ed-b39d-05dc90903fb8;f7c350de7cda3dcab299daafd2bf3353
2024;Подсобный рабочий ТН;"МУНИЦИПАЛЬНОЕ ДОШКОЛЬНОЕ ОБРАЗОВАТЕЛЬНОЕ УЧРЕЖДЕНИЕ ""ДЕТСКИЙ САД №5 СЕРПАНТИН""";19242;0;RUB;Неполный день;Временная занятость;Ярославская область;Ярославль;904;Подсобные работы. Должностные обязанности в соответствии с трудовым договором и должностной инструкцией. Исполнительность, доброжелательность, умение работать в команде;https://trudvsem.ru/vacancy/card/1137609001969/01e32f28-48d3-11ef-9ea8-d549be31d974;4f8a1a618fd52f9ec4d7a68aa9c532e8
2024;Подсобный рабочий ТН;"МУНИЦИПАЛЬНОЕ ДОШКОЛЬНОЕ ОБРАЗОВАТЕЛЬНОЕ УЧРЕЖДЕНИЕ ""ДЕТСКИЙ САД №5 СЕРПАНТИН""";19242;0;RUB;Неполный день;Временная занятость;Ярославская область;Ярославль;904;Подсобные работы. Должностные обязанности в соответствии с трудовым договором и должностной инструкцией. Исполнительность, доброжелательность, умение работать в команде;https://trudvsem.ru/vacancy/card/1137609001969/f5111db8-23e4-11ef-9bd7-cb26dff57dd7;4f8a1a618fd52f9ec4d7a68aa9c532e8
2024;Курьер праздничных заказов (из аптек и магазинов);Работа сегодня (ИП Холин Андрей Сергеевич);90000;163000;RUB;Полный день;Частичная занятость;Ярославская область;Ярославль;0;Ищете подработку с высоким доходом? Ты ищешь работу, которая предлагает гибкий график, достойную оплату и возможность работать в твоём районе? Тогда эта вакансия для тебя!Почему стоит выбрать нас:✅Много заказов и высокий доход: У нас всегда есть работа, и мы гарантируем конкурентоспособную оплату.✅Ежедневные выплаты: Получай оплату каждый день, без задержек.✅Гибкий график: Ты сам выбираешь удобное время для работы - утром, днем или вечером.✅Лёгкие заказы: Работа с небольшими посылками весом до 5 кг.✅Работа рядом с домом: Выполняй заказы в своём микрорайоне, экономь время и силы на дорогу.✅Медкнижка для стара не требуется.✅Бонусы: Скидки и бонусы от наших партнеров для всех сотрудников.Что нужно будет делать:Доставлять оплаченные и упакованные товары по указанным адресам (радиус доставки до 2,5 км).Обрабатывать заказы через приложение на смартфоне (Android/IOS).Мы ожидаем от тебя:Ответственности и пунктуальности.Наличия смартфона (Android/IOS).Желания работать и зарабатывать.Присоединяйся к нашей команде:Откликайся прямо сейчас и начни зарабатывать уже сегодня! Количество мест ограничено, не упусти свой шанс! ОБРАЩАЕМ ВНИМАНИЕ, после отклика на данную вакансию потребуется предоставление информации или выполнение иных действий на сторонних информационных ресурсах. ⭐ Как присоединиться: Нажми ОТКЛИКНУТЬСЯ и начни работать уже сегодня! Если есть вопросы, пиши нам в WhatsApp — мы всегда на связи, чтобы помочь. Не упусти возможность заработать этим летом! Мест ограничено, действуй быстро! Наша вакансия также подойдет вам, если вы искали: работа курьером СберМаркет, работа доставка курьером, пеший курьер, работа пешим курьером, доставщик, курьер, свободный график, гибкий график, удобный график, свободный график, работа рядом с домом, без опыта, начинающий специалист, работа на выходные, в вечернее время, в дневное время, подработка, работа выходного дня, курьер ВкусВилл, курьер Деливери, курьер Яндекс, работа курьером Деливери, работа курьером Самокат, работа курьером Яндекс Лавка, работа курьером Яндекс Еда, Озон, Ozon;https://hh.ru/vacancy/113714810;a64616b7fbdcb60feba21da085e27418
2025;Подсобный рабочий (квотируемое рабочее место для несовершеннолетнего);"ОБЩЕСТВО С ОГРАНИЧЕННОЙ ОТВЕТСТВЕННОСТЬЮ ""ЛАКОС КОУТИНГС""";23000;23000;RUB;;Полная занятость;Ярославская область;Ярославль;904;Уборка территории, бытовых помещений. Работа на 0,25 ставки (заработная плата в зависимости от отработанного времени-5750 р.) Продолжительность рабочего дня - 2 часа (5 дней в неделю) Ответственность, дисциплинированность.;https://trudvsem.ru/vacancy/card/1037601200163/4aee6458-1a92-11f0-95b4-cb26dff57dd7;f4d4e55f509b6ca241532a56ea2a7461
2024;Утренний/вечерний курьер на лёгкие посылки - подработка;Птицына Анастасия Андреевна;89420;139037;RUB;Гибкий график;Частичная занятость;Ярославская область;Ярославль;573;Заработай в сезон БОЛЬШЕ с высокими тарифами 14+! Требуются курьеры, у нас свободный график (можно работать у дома)! ❗️❗️МОЖНО работать НА АЙФОНЕ❗️❗️И на андроиде тоже можно. ✔️ ЕЖЕДНЕВНЫЕ ВЫПЛАТЫ ✔️ ОПЛАТА 3.500- 4.000- 6.400 за день (зависит от времени работы) ✔️ ПРИНИМАЕМ БЕЗ ОПЫТА (обучим - покажем) ❗️Оформление без записи в трудовую книжку! ПО РАБОТЕ: Можно использовать как подработку(Легко совмещать с учебой или работой) Район на выбор, можно менять каждую смену(7-10 мин среднее время доставки) Заказы на доставку собраны и оплачены. Вы только доставляете(Вес до 5 кг) Чаевые и доплаты 100% ваши,за заказы комиссии нет! Прием ЕЖЕДНЕВНО (даже в выходные)! ДОХОД: Средняя оплата за 4 часа - около 3.000 руб. Акция приведи друга - получи до 10тр ЖМИ ОТКЛИКНУТЬСЯ Мы пришлем информацию в ответном сообщении в течение пары минут и чуть позднее напишем в WhatsApp Данная вакансия также подойдет, если вы искали: работа курьером, курьер, курьер с ежедневной оплатой, курьер пеший, курьер подработка, курьер выходного дня, свободный график, пешком, яндекс доставка, доставщик яндекс еда, яндекс лавка, яндекс про, яндекс маркет, сбермаркет, деливери клаб, delivery club, dostavista, достависта, курьер додо, озон, сдек, доставка суши, доставка еды, еду, доставка документов посылок, устроиться курьером, работа в районе, курьер с ежедневной оплатой, подработка с ежедневными выплатами, работа рядом с домом, без опыта, оплата каждый день. ЖМИ ОТКЛИКНУТЬСЯ;https://hh.ru/vacancy/92341096;64ca2c59568bd3d591dda9b6fa4bf37e
2024;Курьер в доставку Магнит БЕЗ ФОРМЫ и ТЕРМОКОРОБА (свободный график, по району);Работа сегодня (ИП Холин Андрей Сергеевич);82500;155500;RUB;Гибкий график;Частичная занятость;Ярославская область;Ярославль;573;СPOЧНО ТРЕБУЮТСЯ КУРЬEРЫ! Чaевые 100% вaши. Нe штpaфуeм. Heт кoмиccии c заказов. Гибкий гpaфик. Eженeдельные выплaты. Доcтaвкa заказов в удобном райoне. Мы – ceмья мaгазинов Мaгнит!Пpисoeдиниcь к нашей команде и достaвляй зaказы! Ты сможешь заpaбaтывaть до 5500 рублeй в день ❗️✅ Пoчeму МAГHИТ? Лeгко совмещать с учебой или другой занятостью Еженедельные выплаты на банковскую карту Гибкий график (смены от 5 часов) Большое количество заказов (и будет еще больше) Нет штрафов. Нет комиссии с заказов. Доставляй заказы в удобном для тебя районе Чаевые 100% твои ✅ Мы ждем от тебя: Устройство на базе Аndrоid Действующий статус самозанятого или готовность его оформить (мы помогаем) Опыт не главное. Качественное обучение и suрроrt на нашей стороне. ✅ КАК НАЧАТЬ выполнять заказы: Откликнись на вакансию Оформись дистанционно без посещения офисаЖдем твой отклик! ОБРАЩАЕМ ВНИМАНИЕ, места ограниченуы способ доставки любой. Принимаем ежедневно даже в выходные и праздничные дни. Также подойдет, если вы искали: «курьер, подработка с ежедневными выплатами, ежедневная оплата, свободный график, вечерам, ночной курьер, доставка, лавка, документы, груз, сервис, курьер, оплата каждый день, официальное трудоустройство, на подработку, работа рядом с домом, достависта, по графику, прямой работодатель, свободный, , работа по району, по утрам, утром, яндекс маркет, сбермаркет, деливери клаб, delivery club, dostavista, в свободное время, по выходным, достависта, зарплата, зп, днем, пешком, после работы, оплата, доставка, работа курьером, еженедельная, пеший, ежедневная, на руки курьеру, подработкой, яндекс , яндекс лавка, яндекс еда, яндекс го, ищу работу, время, работа без опыта, оплата сразу, утреннее, дневное, вечернее , время, режим» Оставляйте отклик, ставьте лайк ❤ для нас это очень важно.;https://hh.ru/vacancy/92341476;2a50030ab8c3b51b27994757dc815a20
2025;Подсобный рабочий (квота для несовершеннолетних);"ОБЩЕСТВО С ОГРАНИЧЕННОЙ ОТВЕТСТВЕННОСТЬЮ ""ТЕХНОЦЕНТР""";41040;41040;RUB;Полный день;Полная занятость;Ярославская область;Ярославль;904;В ыполнять вспомогательные работы на производстве. Должен быть физически крепким, уметь рассчитывать нагрузку и быстро выполнять поставленные задачи.;https://trudvsem.ru/vacancy/card/1047601800608/d3f43825-0c41-11ef-97f2-d549be31d974;9d880f83341bf51fdc051229eab3b762
2024;подсобный рабочий (НС);МУНИЦИПАЛЬНОЕ ОБЩЕОБРАЗОВАТЕЛЬНОЕ УЧРЕЖДЕНИЕ БРЕЙТОВСКАЯ СРЕДНЯЯ ОБЩЕОБРАЗОВАТЕЛЬНАЯ ШКОЛА;19242;0;RUB;Неполный день;Временная занятость;Ярославская область;Ярославль;904;Благоустройство пришкольного участка. Ответственность. Работа с сокращенным рабочим днем 0,5 ставки 9621 руб.;https://trudvsem.ru/vacancy/card/1027601492489/dab32628-33ac-11ef-bf8c-cb26dff57dd7;dd7b107f8ffedb624a40e9f939460bca
2023;Упаковщик онлайн заказов на короткий день (повышенный доход);Фёсти;0;86400;RUB;Гибкий график;Частичная занятость;Ярославская область;Ярославль;1052;"Ищем упаковщиков заказов в интернет-магазин от 4х часов в день с высоким вознаграждением! на короткий день (повышенный доход) Можно без опыта! Обязанности: Упаковка интернет-заказов по списку; Вручение упакованных заказов клиентам Условия: Частичная занятость; СВОБОДНЫЙ график (от 4х часов в день, любая половина дня); ЕЖЕНЕДЕЛЬНЫЕ ВЫПЛАТЫ; БЫСТРОЕ обучение; Можно выбрать ближайший магазин к дому. ОБРАЩАЕМ ВНИМАНИЕ, после отклика на данную вакансию потребуется предоставление информации или выполнение иных действий на сторонних информационных ресурсах.";https://hh.ru/vacancy/90759337;9e129e0af5a244c94f5e924175018381
2024;Промоутер в студию балета и растяжки Levita;Levita (ИП Савченко Антон Николаевич);0;30000;RUB;Сменный график;Частичная занятость;Ярославская область;Ярославль;104;"Хочешь стать частью передовой команды LEVITA на международном рынке? Лучшая в России сеть студий балета и растяжки LEVITA (согласнопремии Russian Fitness Award 2023) вот уже 7 лет обучает девушек и женщин боди-балету, хореографии, растяжке. В международную студию балета и растяжки LEVITA требуется АКТИВНЫЕ, ОБЩИТЕЛЬНЫЕ промоутеры. Возможность заработать от 1 000 рублей в смену, тратя на это всего 3 часа в день. Boзможнoсть xoрошo заpaбатывать + oбучeние + опыт Вaм гaрaнтирoваны. Что мы предлагаем: - Достойную оплату труда; - Удобный гибкий график, работе можно уделять от 3х часов в день (ты можешь работать в удобное для тебя время, совмещать работу с учебой); - Работу в центральных районах города;- Если у Вас нет опыта, то мы обязательно поможем разобраться и научим как это делать; - Работу в дружном коллективе настоящих профессионалов своего дела. B твои oбязaнноcти входит: - Получeние контактов через листовки; - Взаимодействие с администраторами студии; - Презентация студии при получении контактов. Мы ждем тебя, если ты: - Умеешь находить общий язык с людьми;- Пунктуален;- Активен и энергичен;- Заряжен на результат, заработная плата зависит только от тебя;Опыт работы приветствуется . Если Ты хочешь стать часть нашей команды, скорее оставляй свой отклик. LEVITA - это по любви! Продавец, официант, рекламщик, помощник, помощник продавца, аниматор, оператор, ассистент, консультант, комплектовщик заказов, распространитель, фасовщик, сборщик, торговый представитель, начинающий специалист, junior менеджер, хостес";https://hh.ru/vacancy/102565877;d51182a81842f1df20ce964689d5acca
2024;Курьер-пеший;Птицына Анастасия Андреевна;101200;139037;RUB;Гибкий график;Частичная занятость;Ярославская область;Ярославль;573;Заработай в сезон БОЛЬШЕ с высокими тарифами 16+ ! Требуются курьеры, у нас свободный график (можно работать у дома)! ❗️❗️МОЖНО работать НА АЙФОНЕ❗️❗️И на андроиде тоже можно. ✔️ СВОБОДНЫЙ ГРАФИК ✔️ ОПЛАТА 3.500- 4.000- 5.600 за день. Зависит от времени работы. ✔️ ПРИНИМАЕМ БЕЗ ОПЫТА. Обучим - покажем. ❗️Оформление без записи в трудовую книжку! ПО РАБОТЕ: Можно использовать как подработку(Легко совмещать с учебой или работой) Район на выбор(10 мин среднее время доставки) Заказы на доставку собраны и оплачены. Вы только доставляете. Чаевые и доплаты 100% ваши,за заказы комиссии нет! Прием ЕЖЕДНЕВНО (даже в выходные)! ДОХОД: Оплата за 4 часа - до 4.000 руб.(зависит от района и времени суток) ЖМИ ОТКЛИКНУТЬСЯ Мы пришлем информацию в ответном сообщении в течение пары минут и скоро напишем в WhatsApp Данная вакансия также подойдет, если вы искали: работа курьером, курьер, курьер с ежедневной оплатой, курьер пеший, курьер подработка, курьер выходного дня, свободный график, пешком, яндекс доставка, доставщик яндекс еда, яндекс лавка, яндекс про, яндекс маркет, сбермаркет, деливери клаб, delivery club, dostavista, достависта, курьер додо, озон, сдек, доставка суши, доставка еды, еду, доставка документов посылок, устроиться курьером, работа в районе, курьер с ежедневной оплатой, подработка с ежедневными выплатами, работа рядом с домом, без опыта, оплата каждый день. ЖМИ ОТКЛИКНУТЬСЯ!;https://hh.ru/vacancy/108745108;6b4f35fe5110d5511974fec13e5f1475
2024;Курьер-пеший;Птицына Анастасия Андреевна;101200;139037;RUB;Гибкий график;Частичная занятость;Ярославская область;Ярославль;573;Заработай в сезон БОЛЬШЕ с высокими тарифами 16+ ! Требуются курьеры, у нас свободный график (можно работать у дома)! ❗️❗️МОЖНО работать НА АЙФОНЕ❗️❗️И на андроиде тоже можно. ✔️ СВОБОДНЫЙ ГРАФИК ✔️ ОПЛАТА 3.500- 4.000- 5.600 за день. Зависит от времени работы. ✔️ ПРИНИМАЕМ БЕЗ ОПЫТА. Обучим - покажем. ❗️Оформление без записи в трудовую книжку! ПО РАБОТЕ: Можно использовать как подработку(Легко совмещать с учебой или работой) Район на выбор(10 мин среднее время доставки) Заказы на доставку собраны и оплачены. Вы только доставляете. Чаевые и доплаты 100% ваши,за заказы комиссии нет! Прием ЕЖЕДНЕВНО (даже в выходные)! ДОХОД: Оплата за 4 часа - до 4.000 руб.(зависит от района и времени суток) ЖМИ ОТКЛИКНУТЬСЯ Мы пришлем информацию в ответном сообщении в течение пары минут и скоро напишем в WhatsApp Данная вакансия также подойдет, если вы искали: работа курьером, курьер, курьер с ежедневной оплатой, курьер пеший, курьер подработка, курьер выходного дня, свободный график, пешком, яндекс доставка, доставщик яндекс еда, яндекс лавка, яндекс про, яндекс маркет, сбермаркет, деливери клаб, delivery club, dostavista, достависта, курьер додо, озон, сдек, доставка суши, доставка еды, еду, доставка документов посылок, устроиться курьером, работа в районе, курьер с ежедневной оплатой, подработка с ежедневными выплатами, работа рядом с домом, без опыта, оплата каждый день. ЖМИ ОТКЛИКНУТЬСЯ!;https://hh.ru/vacancy/108745117;6b4f35fe5110d5511974fec13e5f1475
2024;Курьер-пеший;Птицына Анастасия Андреевна;101200;139037;RUB;Гибкий график;Частичная занятость;Ярославская область;Ярославль;573;Заработай в сезон БОЛЬШЕ с высокими тарифами 16+ ! Требуются курьеры, у нас свободный график (можно работать у дома)! ❗️❗️МОЖНО работать НА АЙФОНЕ❗️❗️И на андроиде тоже можно. ✔️ СВОБОДНЫЙ ГРАФИК ✔️ ОПЛАТА 3.500- 4.000- 5.600 за день. Зависит от времени работы. ✔️ ПРИНИМАЕМ БЕЗ ОПЫТА. Обучим - покажем. ❗️Оформление без записи в трудовую книжку! ПО РАБОТЕ: Можно использовать как подработку(Легко совмещать с учебой или работой) Район на выбор(10 мин среднее время доставки) Заказы на доставку собраны и оплачены. Вы только доставляете. Чаевые и доплаты 100% ваши,за заказы комиссии нет! Прием ЕЖЕДНЕВНО (даже в выходные)! ДОХОД: Оплата за 4 часа - до 4.000 руб.(зависит от района и времени суток) ЖМИ ОТКЛИКНУТЬСЯ Мы пришлем информацию в ответном сообщении в течение пары минут и скоро напишем в WhatsApp Данная вакансия также подойдет, если вы искали: работа курьером, курьер, курьер с ежедневной оплатой, курьер пеший, курьер подработка, курьер выходного дня, свободный график, пешком, яндекс доставка, доставщик яндекс еда, яндекс лавка, яндекс про, яндекс маркет, сбермаркет, деливери клаб, delivery club, dostavista, достависта, курьер додо, озон, сдек, доставка суши, доставка еды, еду, доставка документов посылок, устроиться курьером, работа в районе, курьер с ежедневной оплатой, подработка с ежедневными выплатами, работа рядом с домом, без опыта, оплата каждый день. ЖМИ ОТКЛИКНУТЬСЯ!;https://hh.ru/vacancy/108745128;6b4f35fe5110d5511974fec13e5f1475
2024;подсобный рабочий (ТН);МУНИЦИПАЛЬНОЕ ОБЩЕОБРАЗОВАТЕЛЬНОЕ УЧРЕЖДЕНИЕ СРЕДНЯЯ ОБЩЕОБРАЗОВАТЕЛЬНАЯ ШКОЛА №4 Г.РОСТОВА;19242;0;RUB;Неполный день;Временная занятость;Ярославская область;Ярославль;904;Полив и прополка клумб, уборка школьной территории и кабинетов, перенос парт, стульев и макулатуры Добросовестность, ответственность, пунктуальность;https://trudvsem.ru/vacancy/card/1027601070892/d687caf8-49b0-11ef-a541-e7d0d2cf29b1;b2dd2b8e55c404d44fe84167796d8396
2025;подсобный рабочий;"ОБЩЕСТВО С ОГРАНИЧЕННОЙ ОТВЕТСТВЕННОСТЬЮ ""ФЕРРОПЛАСТ МЕДИКАЛ""";23000;23000;RUB;;Полная занятость;Ярославская область;Ярославль;0;Подсобные работы Дисциплинированность;https://trudvsem.ru/vacancy/card/1027600623137/4898d918-dcc5-11f0-a9f1-77001f7c3eff;bf89a5374e58ac422feb719088c6c8d2
2025;подсобный рабочий;"МУНИЦИПАЛЬНОЕ УЧРЕЖДЕНИЕ ""МОЛОДЕЖНЫЙ ЦЕНТР""";22440;22440;RUB;;Временная занятость;Ярославская область;Ярославль;904;"Подсобный рабочий выполняет следующие должностные обязанности: -осуществляет мелкий текущий ремонт в учреждении; -производит уборку участка прилегающей к учреждению территории, тротуаров, дорожек; - производить обрезку кустарников; - подиметать двор, собирает мусор, сухую траву и листья на территории учреждения и прилегающих территориях; - осуществляет полив газонов, клумб, дорожек; - удалять пыль, подметать и мыть стены, полы; - соблюдать правила техники безопасности и правила пожарной безопасности; при обнаружении пожара немедленно ставит в известность администрацию учреждения. Дисциплинированность, ответственность";https://trudvsem.ru/vacancy/card/1027601070782/8a8b8358-1c13-11ef-b370-e7d0d2cf29b1;f8fc4dd5d30ceda76bb6555d5f856695
2024;Ученик токаря;"ПУБЛИЧНОЕ АКЦИОНЕРНОЕ ОБЩЕСТВО ""ТУТАЕВСКИЙ МОТОРНЫЙ ЗАВОД""";19500;0;RUB;Неполный день;Полная занятость;Ярославская область;Ярославль;1256;Токарная обработка деталей на станках под руководством наставника. Дисциплинированность;https://trudvsem.ru/vacancy/card/1027601272082/6290f118-548e-11ef-9932-e7d0d2cf29b1;05740efb7eacdc0d04b13cdc1d6577e0
2024;Курьер пеший;Птицына Анастасия Андреевна;158400;197500;RUB;Гибкий график;Частичная занятость;Ярославская область;Ярославль;573;Заработай на НОВЫЙ ГОД БОЛЬШЕ с высокими тарифами 16+ ! Требуются курьеры, у нас свободный график (можно работать у дома)! ❗️❗️МОЖНО работать НА АЙФОНЕ❗️❗️И на андроиде тоже можно. ✔️ СВОБОДНЫЙ ГРАФИК ✔️ ОПЛАТА 3.500- 4.000- 5.600 за день. Зависит от времени работы. ✔️ ПРИНИМАЕМ БЕЗ ОПЫТА. Обучим - покажем. ❗️Оформление без записи в трудовую книжку! ПО РАБОТЕ: Можно использовать как подработку(Легко совмещать с учебой или работой) Район на выбор(10 мин среднее время доставки) Заказы на доставку собраны и оплачены. Вы только доставляете. Чаевые и доплаты 100% ваши,за заказы комиссии нет! Прием ЕЖЕДНЕВНО (даже в выходные)! ДОХОД: Оплата за 4 часа - до 4.000 руб.(зависит от района и времени суток) ЖМИ ОТКЛИКНУТЬСЯ Мы пришлем информацию в ответном сообщении в течение пары минут и скоро напишем в WhatsApp Данная вакансия также подойдет, если вы искали: работа курьером, курьер, курьер с ежедневной оплатой, курьер пеший, курьер подработка, курьер выходного дня, свободный график, пешком, яндекс доставка, доставщик яндекс еда, яндекс лавка, яндекс про, яндекс маркет, сбермаркет, деливери клаб, delivery club, dostavista, достависта, курьер додо, озон, сдек, доставка суши, доставка еды, еду, доставка документов посылок, устроиться курьером, работа в районе, курьер с ежедневной оплатой, подработка с ежедневными выплатами, работа рядом с домом, без опыта, оплата каждый день. ЖМИ ОТКЛИКНУТЬСЯ!;https://hh.ru/vacancy/114033495;c7236b463a261264e68f62f7c4a2fa8b
2023;Разнорабочий;"ОБЩЕСТВО С ОГРАНИЧЕННОЙ ОТВЕТСТВЕННОСТЬЮ ""ЯРОСЛАВСКИЙ КАРТОФЕЛЬ""";17000;0;RUB;Неполный день;Частичная занятость;Ярославская область;Ярославль;904;Содержит в чистоте подсобные помещения, места хранения товарно-материальных ценностей. без требований возможно доставка транспортом предприятия;https://trudvsem.ru/vacancy/card/1157627010265/95205645-5eb5-11ee-b250-e73e8fa159bf;7b4b3dd1c500b61dc2b80cb81478ebe1
2024;подсобный рабочий (НС);МУНИЦИПАЛЬНОЕ ОБЩЕОБРАЗОВАТЕЛЬНОЕ УЧРЕЖДЕНИЕ БРЕЙТОВСКАЯ СРЕДНЯЯ ОБЩЕОБРАЗОВАТЕЛЬНАЯ ШКОЛА;19242;0;RUB;Неполный день;Временная занятость;Ярославская область;Ярославль;904;Благоустройство пришкольного участка. Ответственность. Работа с сокращенным рабочим днем 0,5 ставки 9621 руб.;https://trudvsem.ru/vacancy/card/1027601492489/fdea22a8-4b0e-11ef-a541-e7d0d2cf29b1;dd7b107f8ffedb624a40e9f939460bca
2025;Работник торгового зала;Пятёрочка;36400;60000;RUB;Полный день;Частичная занятость;Ярославская область;Ярославль;966;Пятёрочка приглашает на вакансию: Работник торгового зала ОТ НАС: Трудоустраиваем с 16 лет Оформление по ТК РФ Фиксированный оклад + премии, надбавки за стаж (заработная плата указана с учетом полной занятости) Смены от 4-х часов, по выходным или по вечерам Работу у нас можно совмещать с учебой или другой работой Медицинская книжка за счет компании Медицинская страховка в формате телемедицины ЧЕМ НУЖНО ЗАНИМАТЬСЯ: Работа в торговом зале Консультация покупателей Выкладка и отслеживание сроков годности товаров ОТ ВАС: Желание работать с покупателями, остальному научим! Наша вакансия также подойдет вам, если вы искали: ежедневная подработка, без опыта, продавец, начинающий специалист;https://hh.ru/vacancy/117435360;5cab492c3b683a459f588f94ba9aeeff
2025;Подсобный рабочий;"ОБЩЕСТВО С ОГРАНИЧЕННОЙ ОТВЕТСТВЕННОСТЬЮ ""ТЕХКОМПЛЕКТ""";23000;23000;RUB;;Полная занятость;Ярославская область;Ярославль;0;различные виды подсобных и хозяйственных работ для несовершеннолетних ответственность, квотируемое рабочее место для несовершеннолетних. Социальный пакет сокращенная продолжительность рабочего времени в соответствии с ТК РФ;https://trudvsem.ru/vacancy/card/1057602352653/daad7ad8-8267-11f0-9737-abd4f0e64f6f;1df0ce4492624d1ac10cf1ea51a9ef13
2023;разнорабочий;"ОБЩЕСТВО С ОГРАНИЧЕННОЙ ОТВЕТСТВЕННОСТЬЮ ""БАРЛЕЙ Б.С.""";18000;0;RUB;Неполный день;Частичная занятость;Ярославская область;Ярославль;967;Обеспечение помощи специалистам на своем участке работ. Участие в уборке и выносе мусора после произведенных работ на территории предприятия. Помощь в устранении поломок оборудования в пределах своей компетенции. Хранение выданного инвентаря, спецодежды и уход за ними. Переноска грузов, их погрузка и разгрузка. Взаимодействие с коллегами по проведению необходимых вспомогательных работ. Отслеживание ситуации по возможным поломкам оборудования и другим возможным проблемным моментам. Помощь специалистам в чистке и мойке инвентаря и инструментов. Поддержание норм безопасности на предприятии трудолюбие, ответственное отношение к должностным обязанностям, умение оценивать текущую ситуацию и принимать правильные решения, способность выдерживать значительные физические нагрузки, стремление к обучению и умение применять полученные знания на практике;https://trudvsem.ru/vacancy/card/1047602211623/3eb8e355-2ba0-11ee-a4ce-0d972cff014f;71ff0740fb46cb6947f179dabc559c1a
2024;Курьер пеший;Птицына Анастасия Андреевна;158400;197500;RUB;Гибкий график;Частичная занятость;Ярославская область;Рыбинск;573;Заработай в сезон БОЛЬШЕ с высокими тарифами 16+ ! Требуются курьеры, у нас свободный график (можно работать у дома)! ❗️❗️МОЖНО работать НА АЙФОНЕ❗️❗️И на андроиде тоже можно. ✔️ СВОБОДНЫЙ ГРАФИК ✔️ ОПЛАТА 3.500- 4.000- 5.600 за день. Зависит от времени работы. ✔️ ПРИНИМАЕМ БЕЗ ОПЫТА. Обучим - покажем. ❗️Оформление без записи в трудовую книжку! ПО РАБОТЕ: Можно использовать как подработку(Легко совмещать с учебой или работой) Район на выбор(10 мин среднее время доставки) Заказы на доставку собраны и оплачены. Вы только доставляете. Чаевые и доплаты 100% ваши,за заказы комиссии нет! Прием ЕЖЕДНЕВНО (даже в выходные)! ДОХОД: Оплата за 4 часа - до 4.000 руб.(зависит от района и времени суток) ЖМИ ОТКЛИКНУТЬСЯ Мы пришлем информацию в ответном сообщении в течение пары минут и скоро напишем в WhatsApp Данная вакансия также подойдет, если вы искали: работа курьером, курьер, курьер с ежедневной оплатой, курьер пеший, курьер подработка, курьер выходного дня, свободный график, пешком, яндекс доставка, доставщик яндекс еда, яндекс лавка, яндекс про, яндекс маркет, сбермаркет, деливери клаб, delivery club, dostavista, достависта, курьер додо, озон, сдек, доставка суши, доставка еды, еду, доставка документов посылок, устроиться курьером, работа в районе, курьер с ежедневной оплатой, подработка с ежедневными выплатами, работа рядом с домом, без опыта, оплата каждый день. ЖМИ ОТКЛИКНУТЬСЯ!;https://hh.ru/vacancy/111507803;53c7aa10087ed99c8a934e53f8c94d68
2025;Сканировщик торгового зала;АШАН Ритейл Россия;0;46600;RUB;Гибкий график;Частичная занятость;Ярославская область;Рыбинск;514;"МЫ ПОВЫСИЛИ ЗАРАБОТНУЮ ПЛАТУ!Совокупный ежемесячный доход до 46600 руб., по результатам собеседованияВозможен дополнительный доход +50% от оклада с учетом подработокПолучайте бонусы от 15 000р. до 40 000р. за каждого трудоустроенного другаГрафики работы на выбор:5/2 по 8 часов, плавающие выходные;2/2 по 11 часов;при желании возможно взять подработки в компании, например, 5/2 по 12 часоввозможно трудоустройство по совместительству, с индивидуальным графиком, от 1 дня в неделювозможна подработка для школьников с 14 лет, с индивидуальным графикомЧем предстоит заниматься:выкладка товара на полки, контроль ценников, контроль сроков годности​​​.Пожелания к кандидату:опыт работы не обязателен - проводим обучение.Оставляйте отклик или позвоните нам!Данная вакансия также подойдет, если вы искали: работник торгового зала, продавец, кассир, продавец-кассир, продавец-консультант, работник магазина, мерчендайзер, работник по выкладке товара, оператор склада, кладовщик, сборщик заказов, официант, рабочий, грузчик, комплектовщик, упаковщик, фасовщик, курьер, товаровед, приемщик, разнорабочий, администратор торгового зала, старший кассир, работник кулинарии, кухонный работник, помощник повара, член бригады ресторана, АШАН, АТАК, Азбука Вкуса, Вкусвилл, Лента, Пятерочка, Магнит, Перекресток, Билла, Карусель, Дикси, Мясницкий ряд, Верный, Глобус, Вкусно и точка, Самокат, Яндекс еда, Спар, Euro Spar, Магнолия, Красное белое, Fix Price, Мясновъ Мираторг, Ремит, Фикс Прайс, Сбермаркет, Яндекс маркет, ОКЕЙ, МЕГА, ЕвроСпар, Чижик, Леруа Мерлен, Декатлон, Спортмастер, Детский мир, Ярче, Красное и Белое, подработка, свободный график, сменный график, гибкий график, работа рядом с домом, без опыта работы, начало карьеры, начинающий специалист";https://hh.ru/vacancy/116200743;ec92a65bdb6c60566aa20d2852014722
2024;Пеший курьер;Птицына Анастасия Андреевна;158400;197500;RUB;Гибкий график;Частичная занятость;Ярославская область;Ярославль;573;Заработай в сезон БОЛЬШЕ с высокими тарифами 16+ ! Требуются курьеры, у нас свободный график (можно работать у дома)! ❗️❗️МОЖНО работать НА АЙФОНЕ❗️❗️И на андроиде тоже можно. ✔️ СВОБОДНЫЙ ГРАФИК ✔️ ОПЛАТА 3.500- 4.000- 5.600 за день. Зависит от времени работы. ✔️ ПРИНИМАЕМ БЕЗ ОПЫТА. Обучим - покажем. ❗️Оформление без записи в трудовую книжку! ПО РАБОТЕ: Можно использовать как подработку(Легко совмещать с учебой или работой) Район на выбор(10 мин среднее время доставки) Заказы на доставку собраны и оплачены. Вы только доставляете. Чаевые и доплаты 100% ваши,за заказы комиссии нет! Прием ЕЖЕДНЕВНО (даже в выходные)! ДОХОД: Оплата за 4 часа - до 4.000 руб.(зависит от района и времени суток) ЖМИ ОТКЛИКНУТЬСЯ Мы пришлем информацию в ответном сообщении в течение пары минут и скоро напишем в WhatsApp Данная вакансия также подойдет, если вы искали: работа курьером, курьер, курьер с ежедневной оплатой, курьер пеший, курьер подработка, курьер выходного дня, свободный график, пешком, яндекс доставка, доставщик яндекс еда, яндекс лавка, яндекс про, яндекс маркет, сбермаркет, деливери клаб, delivery club, dostavista, достависта, курьер додо, озон, сдек, доставка суши, доставка еды, еду, доставка документов посылок, устроиться курьером, работа в районе, курьер с ежедневной оплатой, подработка с ежедневными выплатами, работа рядом с домом, без опыта, оплата каждый день. ЖМИ ОТКЛИКНУТЬСЯ!;https://hh.ru/vacancy/111518130;d3b9395b0f1b6a13fe37ab8f0e45417f
2024;Сканировщик торгового зала;АШАН Ритейл Россия;0;46600;RUB;Гибкий график;Частичная занятость;Ярославская область;Рыбинск;514;"МЫ ПОВЫСИЛИ ЗАРАБОТНУЮ ПЛАТУ! Совокупный ежемесячный доход до 46600 руб., по результатам собеседования Возможен дополнительный доход +50% от оклада с учетом подработок В январе - годовая премия +30% от оклада Получайте бонусы от 15 000р. до 40 000р. за каждого трудоустроенного друга Графики работы на выбор: 5/2 по 8 часов, плавающие выходные; 2/2 по 11 часов; при желании возможно взять подработки в компании, например, 5/2 по 12 часов возможно трудоустройство по совместительству, с индивидуальным графиком, от 1 дня в неделю возможна подработка для школьников с 14 лет, с индивидуальным графиком Чем предстоит заниматься: выкладка товара на полки, контроль ценников, контроль сроков годности​​​. Пожелания к кандидату: опыт работы не обязателен - проводим обучение. Оставляйте отклик или позвоните нам! Данная вакансия также подойдет, если вы искали: работник торгового зала, продавец, кассир, продавец-кассир, продавец-консультант, работник магазина, мерчендайзер, работник по выкладке товара, оператор склада, кладовщик, сборщик заказов, официант, рабочий, грузчик, комплектовщик, упаковщик, фасовщик, курьер, товаровед, приемщик, разнорабочий, администратор торгового зала, старший кассир, работник кулинарии, кухонный работник, помощник повара, член бригады ресторана, АШАН, АТАК, Азбука Вкуса, Вкусвилл, Лента, Пятерочка, Магнит, Перекресток, Билла, Карусель, Дикси, Мясницкий ряд, Верный, Глобус, Вкусно и точка, Самокат, Яндекс еда, Спар, Euro Spar, Магнолия, Красное белое, Fix Price, Мясновъ Мираторг, Ремит, Фикс Прайс, Сбермаркет, Яндекс маркет, ОКЕЙ, МЕГА, ЕвроСпар, Чижик, Леруа Мерлен, Декатлон, Спортмастер, Детский мир, Ярче, Красное и Белое, подработка, свободный график, сменный график, гибкий график, работа рядом с домом, без опыта работы, начало карьеры, начинающий специалист";https://hh.ru/vacancy/111946539;bca12a91e115c18356e60fa245c3dbbd
2024;Подсобный рабочий (ТН);"МУНИЦИПАЛЬНОЕ ДОШКОЛЬНОЕ ОБРАЗОВАТЕЛЬНОЕ УЧРЕЖДЕНИЕ ""ДЕТСКИЙ САД № 7""";19242;0;RUB;Неполный день;Временная занятость;Ярославская область;Ярославль;904;Подсобные работы. Должностные обязанности в соответствии с трудовым договором и должностной инструкцией. Ответственность;https://trudvsem.ru/vacancy/card/1107609000751/08d71ba8-23e6-11ef-8160-d549be31d974;868e397cd852113c538bd5a3e0635329
2024;Подработка с еженедельной оплатой. Курьер на 2-4 часа по доставке легких заказов (СРОЧНО! У дома);Кондратьева Наталья Михайловна;88240;126820;RUB;Гибкий график;Частичная занятость;Ярославская область;Ярославль;573;Подработка курьером по доставке малогабаритных интернет-заказов на пункт доставки (свободного дня / подработка / не полный день / полный день). Мы заинтересованы в длительном сотрудничестве, поэтому предлагаем ЛУЧШИЕ условия для Вас ПОВЫШАЕМ ВСЕ тарифы на зимний период ❗Готовы рассмотреть кандидатов с 16 лет Только у нас Вы можете: Заработать до 6 480 рублей за смену или до 540 руб. в час Выбрать любой график работы (от 2 до 12 часов, в любой день) Выбрать район доставок (можно у дома или в любом другом доступном районе) Получить повышенную оплату за дальние заказы и надбавки за повышенный спрос (до х5 от стоимости заказа) Рассчитывать на стабильные выплаты каждую пятницу до 42 000 рублей за неделю ❗Места ограничены. Нажимайте ОТКЛИК - направим информацию на почту и в чат в течение 2-х минут. Подробнее об условиях работы: Можно работать с любым устройством (андроид или IOS) Можно БЕЗ опыта (проведем вводное оплачиваемое обучение за несколько часов) Предлагаем САМЫЕ высокие тарифы в Вашем городе, если найдете ставки выше - напишите нам. Проводим обучение ЕЖЕДНЕВНО, начать можно сразу после обучения ЕЖЕНЕДЕЛЬНЫЕ выплаты, гарантированный доход за каждый час на смене, даже если нет заказов! Регулярные бонусы, акции и чаевые, которые могут увеличить доход на ~35% Ваша миссия: Доставка интернет-заказов заранее собранных, оплаченных и упакованных. Необходимо только передать клиенту Забирать заказы на пункте доставки и доставлять по адресам в выбранном районе (ограничили радиус доставки для Вашего удобства) Оставьте ОТКЛИК сейчас пока предложение актуально - направим информация в чат и на почту в течение 2-х минут *Пока вакансия размещена - она актуальна. Данная вакансия подойдёт для людей с опытом работы на таких позициях как: вечерний курьер, подработка вечером, курьер с ежедневными выплатами, курьер без опыта, подработка на 3 часа, курьер на вечер, доставка посылок, начинающий специалист, работа после учёбы, вакансии курьер, подработка курьером, быстрая подработка, работа неполный день, вакансии без опыта, промоутер, разнорабочий, удалённая работа, грузчик, яндекс курьер, озон доставка, магнит курьер, комплектовщик, сборщик, упаковщик, продавец, вахта, работа без специальной подготовки, временная работа, вакансия без медкнижки, начало карьеры, работа без опыта, срочно требуются работники, работа в вечернее время, подработка на зиму, сезонная работа, работа на праздники, подработка на новый год, вакансии вечером после основной работы, подработка в свободное время.;https://hh.ru/vacancy/92461622;57769d783acf208e80dc9d63d0604593
2024;Подработка с еженедельной оплатой. Курьер на 2-4 часа по доставке легких заказов (СРОЧНО! У дома);Кондратьева Наталья Михайловна;88240;126820;RUB;Гибкий график;Частичная занятость;Ярославская область;Рыбинск;573;Подработка курьером по доставке малогабаритных интернет-заказов на пункт доставки (свободного дня / подработка / не полный день / полный день). Мы заинтересованы в длительном сотрудничестве, поэтому предлагаем ЛУЧШИЕ условия для Вас ПОВЫШАЕМ ВСЕ тарифы на зимний период ❗Готовы рассмотреть кандидатов с 16 лет Только у нас Вы можете: Заработать до 6 480 рублей за смену или до 540 руб. в час Выбрать любой график работы (от 2 до 12 часов, в любой день) Выбрать район доставок (можно у дома или в любом другом доступном районе) Получить повышенную оплату за дальние заказы и надбавки за повышенный спрос (до х5 от стоимости заказа) Рассчитывать на стабильные выплаты каждую пятницу до 42 000 рублей за неделю ❗Места ограничены. Нажимайте ОТКЛИК - направим информацию на почту и в чат в течение 2-х минут. Подробнее об условиях работы: Можно работать с любым устройством (андроид или IOS) Можно БЕЗ опыта (проведем вводное оплачиваемое обучение за несколько часов) Предлагаем САМЫЕ высокие тарифы в Вашем городе, если найдете ставки выше - напишите нам. Проводим обучение ЕЖЕДНЕВНО, начать можно сразу после обучения ЕЖЕНЕДЕЛЬНЫЕ выплаты, гарантированный доход за каждый час на смене, даже если нет заказов! Регулярные бонусы, акции и чаевые, которые могут увеличить доход на ~35% Ваша миссия: Доставка интернет-заказов заранее собранных, оплаченных и упакованных. Необходимо только передать клиенту Забирать заказы на пункте доставки и доставлять по адресам в выбранном районе (ограничили радиус доставки для Вашего удобства) Оставьте ОТКЛИК сейчас пока предложение актуально - направим информация в чат и на почту в течение 2-х минут *Пока вакансия размещена - она актуальна. Данная вакансия подойдёт для людей с опытом работы на таких позициях как: вечерний курьер, подработка вечером, курьер с ежедневными выплатами, курьер без опыта, подработка на 3 часа, курьер на вечер, доставка посылок, начинающий специалист, работа после учёбы, вакансии курьер, подработка курьером, быстрая подработка, работа неполный день, вакансии без опыта, промоутер, разнорабочий, удалённая работа, грузчик, яндекс курьер, озон доставка, магнит курьер, комплектовщик, сборщик, упаковщик, продавец, вахта, работа без специальной подготовки, временная работа, вакансия без медкнижки, начало карьеры, работа без опыта, срочно требуются работники, работа в вечернее время, подработка на зиму, сезонная работа, работа на праздники, подработка на новый год, вакансии вечером после основной работы, подработка в свободное время.;https://hh.ru/vacancy/92461605;57769d783acf208e80dc9d63d0604593
2024;Курьер пеший;Птицына Анастасия Андреевна;101200;139037;RUB;Гибкий график;Частичная занятость;Ярославская область;Ярославль;0;Заработай в сезон БОЛЬШЕ с высокими тарифами 16+ ! Требуются курьеры, у нас свободный график (можно работать у дома)! ❗️❗️МОЖНО работать НА АЙФОНЕ❗️❗️И на андроиде тоже можно. ✔️ СВОБОДНЫЙ ГРАФИК ✔️ ОПЛАТА 3.500- 4.000- 5.600 за день. Зависит от времени работы. ✔️ ПРИНИМАЕМ БЕЗ ОПЫТА. Обучим - покажем. ❗️Оформление без записи в трудовую книжку! ПО РАБОТЕ: Можно использовать как подработку(Легко совмещать с учебой или работой) Район на выбор(10 мин среднее время доставки) Заказы на доставку собраны и оплачены. Вы только доставляете. Чаевые и доплаты 100% ваши,за заказы комиссии нет! Прием ЕЖЕДНЕВНО (даже в выходные)! ДОХОД: Оплата за 4 часа - до 4.000 руб.(зависит от района и времени суток) ЖМИ ОТКЛИКНУТЬСЯ Мы пришлем информацию в ответном сообщении в течение пары минут и скоро напишем в WhatsApp Данная вакансия также подойдет, если вы искали: работа курьером, курьер, курьер с ежедневной оплатой, курьер пеший, курьер подработка, курьер выходного дня, свободный график, пешком, яндекс доставка, доставщик яндекс еда, яндекс лавка, яндекс про, яндекс маркет, сбермаркет, деливери клаб, delivery club, dostavista, достависта, курьер додо, озон, сдек, доставка суши, доставка еды, еду, доставка документов посылок, устроиться курьером, работа в районе, курьер с ежедневной оплатой, подработка с ежедневными выплатами, работа рядом с домом, без опыта, оплата каждый день. ЖМИ ОТКЛИКНУТЬСЯ!;https://hh.ru/vacancy/108973473;e858b3b277aa2a9a01a999bca22b1c3e
2025;Продавец кулинарии;АШАН Ритейл Россия;0;54800;RUB;Гибкий график;Частичная занятость;Ярославская область;Рыбинск;514;"МЫ ПОВЫСИЛИ ЗАРАБОТНУЮ ПЛАТУ! Совокупный ежемесячный доход до 54800 руб., по результатам собеседования Возможен дополнительный доход +50% от оклада с учетом подработок Получайте бонусы от 15 000р. до 40 000р. за каждого трудоустроенного друга Графики работы на выбор: 5/2 по 8 часов, плавающие выходные; 2/2 по 11 часов; при желании возможно взять подработки в компании, например, 5/2 по 12 часов возможно трудоустройство по совместительству, с индивидуальным графиком, от 1 дня в неделю возможна подработка для школьников с 14 лет, с индивидуальным графиком Чем предстоит заниматься: за прилавком обслуживать клиентов нарезка, упаковка товаров поддержание чистоты и порядка на прилавке, а также контроль за свежестью продукции. Пожелания к кандидату: опыт работы не обязателен - проводим обучение. Оставляйте отклик или позвоните нам! Данная вакансия также подойдет, если вы искали: работник торгового зала, продавец, кассир, продавец-кассир, продавец-консультант, работник магазина, мерчендайзер, работник по выкладке товара, оператор склада, кладовщик, сборщик заказов, официант, рабочий, грузчик, комплектовщик, упаковщик, фасовщик, товаровед, приемщик, разнорабочий, администратор торгового зала, старший кассир, работник кулинарии, кухонный работник, помощник повара, член бригады ресторана, АШАН, АТАК, Азбука Вкуса, Вкусвилл, Лента, Пятерочка, Магнит, Перекресток, Билла, Карусель, Дикси, Мясницкий ряд, Верный, Глобус, Вкусно и точка, Самокат, Яндекс еда, Спар, Euro Spar, Магнолия, Красное белое, Fix Price, Мясновъ Мираторг, Ремит, Фикс Прайс, Сбермаркет, Яндекс маркет, ОКЕЙ, МЕГА, ЕвроСпар, Чижик, Леруа Мерлен, Декатлон, Спортмастер, Детский мир, Ярче, Красное и Белое, подработка, свободный график, сменный график, гибкий график, работа рядом с домом, без опыта работы, начало карьеры, начинающий специалист";https://hh.ru/vacancy/116201126;d7afccf4d7d37ca13a51f54ced4ccd08
2024;Курьер-пеший рядом с домом;Птицына Анастасия Андреевна;101200;139037;RUB;Гибкий график;Частичная занятость;Ярославская область;Переславль-Залесский;0;Привет, мы ищем именно тебя!Курьер, легких заказов- подработка без графика и в твоем районе! Доставка из магазинов• Удобный район• Гибкий график. Сам определяешь свой рабочий график• Доход за смену: до 6500 руб/день+ Все чаевые ваши+ Заказы уже оплачены, вам не нужно принимать наличные и нести материальную ответственность ЖМИ ОТКЛИКНУТЬСЯ Мы пришлем информацию в ответном сообщении в течение пары минут и скоро напишем в WhatsApp Данная вакансия также подойдет, если вы искали: работа курьером, курьер, курьер с ежедневной оплатой, курьер пеший, курьер подработка, курьер выходного дня, свободный график, пешком, яндекс доставка, доставщик яндекс еда, яндекс лавка, яндекс про, яндекс маркет, сбермаркет, деливери клаб, delivery club, dostavista, достависта, курьер додо, озон, сдек, доставка суши, доставка еды, еду, доставка документов посылок, устроиться курьером, работа в районе, курьер с ежедневной оплатой, подработка с ежедневными выплатами, работа рядом с домом, без опыта, оплата каждый день. ЖМИ ОТКЛИКНУТЬСЯ!;https://hh.ru/vacancy/108895669;2e297d24ae01cf40150916a43159b762
2024;Сканировщик торгового зала;АШАН Ритейл Россия;0;46600;RUB;Гибкий график;Частичная занятость;Ярославская область;Рыбинск;514;"МЫ ПОВЫСИЛИ ЗАРАБОТНУЮ ПЛАТУ! Совокупный ежемесячный доход до 46600 руб., по результатам собеседования Возможен дополнительный доход +50% от оклада с учетом подработок В январе - годовая премия +30% от оклада Получайте бонусы от 15 000р. до 40 000р. за каждого трудоустроенного друга Графики работы на выбор: 5/2 по 8 часов, плавающие выходные; 2/2 по 11 часов; при желании возможно взять подработки в компании, например, 5/2 по 12 часов возможно трудоустройство по совместительству, с индивидуальным графиком, от 1 дня в неделю возможна подработка для школьников с 14 лет, с индивидуальным графиком Чем предстоит заниматься: выкладка товара на полки, контроль ценников, контроль сроков годности​​​. Пожелания к кандидату: опыт работы не обязателен - проводим обучение. Оставляйте отклик или позвоните нам! Данная вакансия также подойдет, если вы искали: работник торгового зала, продавец, кассир, продавец-кассир, продавец-консультант, работник магазина, мерчендайзер, работник по выкладке товара, оператор склада, кладовщик, сборщик заказов, официант, рабочий, грузчик, комплектовщик, упаковщик, фасовщик, курьер, товаровед, приемщик, разнорабочий, администратор торгового зала, старший кассир, работник кулинарии, кухонный работник, помощник повара, член бригады ресторана, АШАН, АТАК, Азбука Вкуса, Вкусвилл, Лента, Пятерочка, Магнит, Перекресток, Билла, Карусель, Дикси, Мясницкий ряд, Верный, Глобус, Вкусно и точка, Самокат, Яндекс еда, Спар, Euro Spar, Магнолия, Красное белое, Fix Price, Мясновъ Мираторг, Ремит, Фикс Прайс, Сбермаркет, Яндекс маркет, ОКЕЙ, МЕГА, ЕвроСпар, Чижик, Леруа Мерлен, Декатлон, Спортмастер, Детский мир, Ярче, Красное и Белое, подработка, свободный график, сменный график, гибкий график, работа рядом с домом, без опыта работы, начало карьеры, начинающий специалист";https://hh.ru/vacancy/111950834;bca12a91e115c18356e60fa245c3dbbd
2024;Подсобный рабочий;"ОБЩЕСТВО С ОГРАНИЧЕННОЙ ОТВЕТСТВЕННОСТЬЮ ""ПРЕЧИСТЕНСКИЙ МОЛОЧНЫЙ ПРОДУКТ""";19300;19300;RUB;Неполный день;Частичная занятость;Ярославская область;Ярославль;904;Содержит в чистоте подсобные помещения, места хранения товарно-материальных ценностей.Получает задания и выполняет распоряжения непосредственного начальника.Подготавливает собственное рабочее место.Получает инвентарь, выполняет с ним работы Хорошая физическая подготовка;https://trudvsem.ru/vacancy/card/1077611000884/9eeb7e38-3a9b-11ef-8e60-e7d0d2cf29b1;68571dd047bd36ca8aa46ac23c0cd0de
2024;Подсобный рабочий (ТН);"МУНИЦИПАЛЬНОЕ ДОШКОЛЬНОЕ ОБРАЗОВАТЕЛЬНОЕ УЧРЕЖДЕНИЕ ""ДЕТСКИЙ САД № 13""";19242;0;RUB;Неполный день;Временная занятость;Ярославская область;Ярославль;904;Подсобные работы. Прополка, полив цветников. Должностные обязанности в соответствии с трудовым договором и должностной инструкцией. ответственность;https://trudvsem.ru/vacancy/card/1027601074016/fae5a5e8-3a9f-11ef-a3a6-d549be31d974;e4cbda3deeef4328d9043d31513db32d
2024;Курьер пеший;Птицына Анастасия Андреевна;158400;197500;RUB;Гибкий график;Частичная занятость;Ярославская область;Рыбинск;573;Заработай на НОВЫЙ ГОД БОЛЬШЕ с высокими тарифами 16+ ! Требуются курьеры, у нас свободный график (можно работать у дома)! ❗️❗️МОЖНО работать НА АЙФОНЕ❗️❗️И на андроиде тоже можно. ✔️ СВОБОДНЫЙ ГРАФИК ✔️ ОПЛАТА 3.500- 4.000- 5.600 за день. Зависит от времени работы. ✔️ ПРИНИМАЕМ БЕЗ ОПЫТА. Обучим - покажем. ❗️Оформление без записи в трудовую книжку! ПО РАБОТЕ: Можно использовать как подработку(Легко совмещать с учебой или работой) Район на выбор(10 мин среднее время доставки) Заказы на доставку собраны и оплачены. Вы только доставляете. Чаевые и доплаты 100% ваши,за заказы комиссии нет! Прием ЕЖЕДНЕВНО (даже в выходные)! ДОХОД: Оплата за 4 часа - до 4.000 руб.(зависит от района и времени суток) ЖМИ ОТКЛИКНУТЬСЯ Мы пришлем информацию в ответном сообщении в течение пары минут и скоро напишем в WhatsApp Данная вакансия также подойдет, если вы искали: работа курьером, курьер, курьер с ежедневной оплатой, курьер пеший, курьер подработка, курьер выходного дня, свободный график, пешком, яндекс доставка, доставщик яндекс еда, яндекс лавка, яндекс про, яндекс маркет, сбермаркет, деливери клаб, delivery club, dostavista, достависта, курьер додо, озон, сдек, доставка суши, доставка еды, еду, доставка документов посылок, устроиться курьером, работа в районе, курьер с ежедневной оплатой, подработка с ежедневными выплатами, работа рядом с домом, без опыта, оплата каждый день. ЖМИ ОТКЛИКНУТЬСЯ!;https://hh.ru/vacancy/115013392;c7236b463a261264e68f62f7c4a2fa8b
2024;Курьер пеший;Птицына Анастасия Андреевна;101200;139037;RUB;Гибкий график;Частичная занятость;Ярославская область;Ярославль;573;Заработай в сезон БОЛЬШЕ с высокими тарифами 16+ ! Требуются курьеры, у нас свободный график (можно работать у дома)! ❗️❗️МОЖНО работать НА АЙФОНЕ❗️❗️И на андроиде тоже можно. ✔️ СВОБОДНЫЙ ГРАФИК ✔️ ОПЛАТА 3.500- 4.000- 5.600 за день. Зависит от времени работы. ✔️ ПРИНИМАЕМ БЕЗ ОПЫТА. Обучим - покажем. ❗️Оформление без записи в трудовую книжку! ПО РАБОТЕ: Можно использовать как подработку(Легко совмещать с учебой или работой) Район на выбор(10 мин среднее время доставки) Заказы на доставку собраны и оплачены. Вы только доставляете. Чаевые и доплаты 100% ваши,за заказы комиссии нет! Прием ЕЖЕДНЕВНО (даже в выходные)! ДОХОД: Оплата за 4 часа - до 4.000 руб.(зависит от района и времени суток) ЖМИ ОТКЛИКНУТЬСЯ Мы пришлем информацию в ответном сообщении в течение пары минут и скоро напишем в WhatsApp Данная вакансия также подойдет, если вы искали: работа курьером, курьер, курьер с ежедневной оплатой, курьер пеший, курьер подработка, курьер выходного дня, свободный график, пешком, яндекс доставка, доставщик яндекс еда, яндекс лавка, яндекс про, яндекс маркет, сбермаркет, деливери клаб, delivery club, dostavista, достависта, курьер додо, озон, сдек, доставка суши, доставка еды, еду, доставка документов посылок, устроиться курьером, работа в районе, курьер с ежедневной оплатой, подработка с ежедневными выплатами, работа рядом с домом, без опыта, оплата каждый день. ЖМИ ОТКЛИКНУТЬСЯ!;https://hh.ru/vacancy/108810769;e858b3b277aa2a9a01a999bca22b1c3e
2025;Уборщик производственных и служебных помещений;"ОБЩЕСТВО С ОГРАНИЧЕННОЙ ОТВЕТСТВЕННОСТЬЮ ""УГЛИЧКАБЕЛЬ""";11500;11500;RUB;;Полная занятость;Ярославская область;Ярославль;0;"легкие виды подсобных и хозяйственных работ для несовершеннолетних граждан. трудолюбие, аккуратность, прием на работу в соответствии с ТК РФ. Социальный пакет; пятидневная рабочая неделя; класс условий труда - 2. В соответствии с ТК РФ.";https://trudvsem.ru/vacancy/card/1027710003529/2bc5f0f8-8281-11f0-abc2-bdc82d0d5dcd;2eef811a00e571c3ac0615aa01462f7d
2025;Художник-дизайнер (квотируемое рабочее место для несовершеннолетних);"ОБЩЕСТВО С ОГРАНИЧЕННОЙ ОТВЕТСТВЕННОСТЬЮ ""ПАПИРУПАК""";30000;45000;RUB;;Полная занятость;Ярославская область;Ярославль;0;"На художника-дизайнера по полиграфии возлагаются функции по разработке и созданию оригинальных творческих проектов, художественно-эстетических решений в производстве различной полиграфической продукции Художник-дизайнер по полиграфии должен знать: - компьютерные программы, применяемые при создании проектов полиграфической продукции, в том числе программу для обработки фотографий Adobe Photoshop; редакторы векторных изображений (рисунков), которые используются для создания компьютерной графики Adobe Illustrator и (или) CorelDraw; программы допечатной подготовки QuarkXpress и PageMaker; - методы и средства выполнения художественно-оформительских работ";https://trudvsem.ru/vacancy/card/1027601055184/529cb830-83e4-11f0-9726-bdc82d0d5dcd;c575be5f9258875a51e7cfba5dd85075
2024;Пеший курьер;Птицына Анастасия Андреевна;126500;187500;RUB;Гибкий график;Частичная занятость;Ярославская область;Рыбинск;0;Привет, заработай на НОВЫЙ ГОД БОЛЬШЕ!!! Курьер, легких заказов- подработка без графика и в твоем районе! Доставка из магазинов• Удобный район• Гибкий график. Сам определяешь свой рабочий график• Доход за смену: до 6500 руб/день+ Все чаевые ваши+ Заказы уже оплачены, вам не нужно принимать наличные и нести материальную ответственность ЖМИ ОТКЛИКНУТЬСЯ Мы пришлем информацию в ответном сообщении в течение пары минут и скоро напишем в WhatsApp Данная вакансия также подойдет, если вы искали: работа курьером, курьер, курьер с ежедневной оплатой, курьер пеший, курьер подработка, курьер выходного дня, свободный график, пешком, яндекс доставка, доставщик яндекс еда, яндекс лавка, яндекс про, яндекс маркет, сбермаркет, деливери клаб, delivery club, dostavista, достависта, курьер додо, озон, сдек, доставка суши, доставка еды, еду, доставка документов посылок, устроиться курьером, работа в районе, курьер с ежедневной оплатой, подработка с ежедневными выплатами, работа рядом с домом, без опыта, оплата каждый день. ЖМИ ОТКЛИКНУТЬСЯ!;https://hh.ru/vacancy/113881560;7278763b0129bc81abf135eb5281176f
2024;Курьер-пеший рядом с домом;Птицына Анастасия Андреевна;101200;139037;RUB;Гибкий график;Частичная занятость;Ярославская область;Рыбинск;0;Привет, мы ищем именно тебя!Курьер, легких заказов- подработка без графика и в твоем районе! Доставка из магазинов• Удобный район• Гибкий график. Сам определяешь свой рабочий график• Доход за смену: до 6500 руб/день+ Все чаевые ваши+ Заказы уже оплачены, вам не нужно принимать наличные и нести материальную ответственность ЖМИ ОТКЛИКНУТЬСЯ Мы пришлем информацию в ответном сообщении в течение пары минут и скоро напишем в WhatsApp Данная вакансия также подойдет, если вы искали: работа курьером, курьер, курьер с ежедневной оплатой, курьер пеший, курьер подработка, курьер выходного дня, свободный график, пешком, яндекс доставка, доставщик яндекс еда, яндекс лавка, яндекс про, яндекс маркет, сбермаркет, деливери клаб, delivery club, dostavista, достависта, курьер додо, озон, сдек, доставка суши, доставка еды, еду, доставка документов посылок, устроиться курьером, работа в районе, курьер с ежедневной оплатой, подработка с ежедневными выплатами, работа рядом с домом, без опыта, оплата каждый день. ЖМИ ОТКЛИКНУТЬСЯ!;https://hh.ru/vacancy/108895742;2e297d24ae01cf40150916a43159b762
2024;Курьер-пеший на подработку рядом с домом;Птицына Анастасия Андреевна;101200;139037;RUB;Гибкий график;Частичная занятость;Ярославская область;Ярославль;0;Заработай в сезон БОЛЬШЕ с высокими тарифами 16+ ! Требуются курьеры, у нас свободный график (можно работать у дома)! ❗️❗️МОЖНО работать НА АЙФОНЕ❗️❗️И на андроиде тоже можно. ✔️ СВОБОДНЫЙ ГРАФИК ✔️ ОПЛАТА 3.500- 4.000- 5.600 за день. Зависит от времени работы. ✔️ ПРИНИМАЕМ БЕЗ ОПЫТА. Обучим - покажем. ❗️Оформление без записи в трудовую книжку! ПО РАБОТЕ: Можно использовать как подработку(Легко совмещать с учебой или работой) Район на выбор(10 мин среднее время доставки) Заказы на доставку собраны и оплачены. Вы только доставляете. Чаевые и доплаты 100% ваши,за заказы комиссии нет! Прием ЕЖЕДНЕВНО (даже в выходные)! ДОХОД: Оплата за 4 часа - до 4.000 руб.(зависит от района и времени суток) ЖМИ ОТКЛИКНУТЬСЯ Мы пришлем информацию в ответном сообщении в течение пары минут и скоро напишем в WhatsApp Данная вакансия также подойдет, если вы искали: работа курьером, курьер, курьер с ежедневной оплатой, курьер пеший, курьер подработка, курьер выходного дня, свободный график, пешком, яндекс доставка, доставщик яндекс еда, яндекс лавка, яндекс про, яндекс маркет, сбермаркет, деливери клаб, delivery club, dostavista, достависта, курьер додо, озон, сдек, доставка суши, доставка еды, еду, доставка документов посылок, устроиться курьером, работа в районе, курьер с ежедневной оплатой, подработка с ежедневными выплатами, работа рядом с домом, без опыта, оплата каждый день. ЖМИ ОТКЛИКНУТЬСЯ!;https://hh.ru/vacancy/108896101;faa7e36423a230cbac427be1b1e4aa5d
2024;Курьер-пеший на подработку рядом с домом;Птицына Анастасия Андреевна;101200;139037;RUB;Гибкий график;Частичная занятость;Ярославская область;Ярославль;0;Заработай в сезон БОЛЬШЕ с высокими тарифами 16+ ! Требуются курьеры, у нас свободный график (можно работать у дома)! ❗️❗️МОЖНО работать НА АЙФОНЕ❗️❗️И на андроиде тоже можно. ✔️ СВОБОДНЫЙ ГРАФИК ✔️ ОПЛАТА 3.500- 4.000- 5.600 за день. Зависит от времени работы. ✔️ ПРИНИМАЕМ БЕЗ ОПЫТА. Обучим - покажем. ❗️Оформление без записи в трудовую книжку! ПО РАБОТЕ: Можно использовать как подработку(Легко совмещать с учебой или работой) Район на выбор(10 мин среднее время доставки) Заказы на доставку собраны и оплачены. Вы только доставляете. Чаевые и доплаты 100% ваши,за заказы комиссии нет! Прием ЕЖЕДНЕВНО (даже в выходные)! ДОХОД: Оплата за 4 часа - до 4.000 руб.(зависит от района и времени суток) ЖМИ ОТКЛИКНУТЬСЯ Мы пришлем информацию в ответном сообщении в течение пары минут и скоро напишем в WhatsApp Данная вакансия также подойдет, если вы искали: работа курьером, курьер, курьер с ежедневной оплатой, курьер пеший, курьер подработка, курьер выходного дня, свободный график, пешком, яндекс доставка, доставщик яндекс еда, яндекс лавка, яндекс про, яндекс маркет, сбермаркет, деливери клаб, delivery club, dostavista, достависта, курьер додо, озон, сдек, доставка суши, доставка еды, еду, доставка документов посылок, устроиться курьером, работа в районе, курьер с ежедневной оплатой, подработка с ежедневными выплатами, работа рядом с домом, без опыта, оплата каждый день. ЖМИ ОТКЛИКНУТЬСЯ!;https://hh.ru/vacancy/108896102;faa7e36423a230cbac427be1b1e4aa5d
2024;Курьер-пеший на подработку рядом с домом;Птицына Анастасия Андреевна;101200;139037;RUB;Гибкий график;Частичная занятость;Ярославская область;Ярославль;0;Заработай в сезон БОЛЬШЕ с высокими тарифами 16+ ! Требуются курьеры, у нас свободный график (можно работать у дома)! ❗️❗️МОЖНО работать НА АЙФОНЕ❗️❗️И на андроиде тоже можно. ✔️ СВОБОДНЫЙ ГРАФИК ✔️ ОПЛАТА 3.500- 4.000- 5.600 за день. Зависит от времени работы. ✔️ ПРИНИМАЕМ БЕЗ ОПЫТА. Обучим - покажем. ❗️Оформление без записи в трудовую книжку! ПО РАБОТЕ: Можно использовать как подработку(Легко совмещать с учебой или работой) Район на выбор(10 мин среднее время доставки) Заказы на доставку собраны и оплачены. Вы только доставляете. Чаевые и доплаты 100% ваши,за заказы комиссии нет! Прием ЕЖЕДНЕВНО (даже в выходные)! ДОХОД: Оплата за 4 часа - до 4.000 руб.(зависит от района и времени суток) ЖМИ ОТКЛИКНУТЬСЯ Мы пришлем информацию в ответном сообщении в течение пары минут и скоро напишем в WhatsApp Данная вакансия также подойдет, если вы искали: работа курьером, курьер, курьер с ежедневной оплатой, курьер пеший, курьер подработка, курьер выходного дня, свободный график, пешком, яндекс доставка, доставщик яндекс еда, яндекс лавка, яндекс про, яндекс маркет, сбермаркет, деливери клаб, delivery club, dostavista, достависта, курьер додо, озон, сдек, доставка суши, доставка еды, еду, доставка документов посылок, устроиться курьером, работа в районе, курьер с ежедневной оплатой, подработка с ежедневными выплатами, работа рядом с домом, без опыта, оплата каждый день. ЖМИ ОТКЛИКНУТЬСЯ!;https://hh.ru/vacancy/108896104;faa7e36423a230cbac427be1b1e4aa5d
2024;Утренний/вечерний курьер на лёгкие посылки - подработка;Птицына Анастасия Андреевна;89420;139037;RUB;Гибкий график;Частичная занятость;Ярославская область;Ярославль;573;Заработай в сезон БОЛЬШЕ с высокими тарифами 14+! Требуются курьеры, у нас свободный график (можно работать у дома)! ❗️❗️МОЖНО работать НА АЙФОНЕ❗️❗️И на андроиде тоже можно. ✔️ ЕЖЕДНЕВНЫЕ ВЫПЛАТЫ ✔️ ОПЛАТА 3.500- 4.000- 6.400 за день (зависит от времени работы) ✔️ ПРИНИМАЕМ БЕЗ ОПЫТА (обучим - покажем) ❗️Оформление без записи в трудовую книжку! ПО РАБОТЕ: Можно использовать как подработку(Легко совмещать с учебой или работой) Район на выбор, можно менять каждую смену(7-10 мин среднее время доставки) Заказы на доставку собраны и оплачены. Вы только доставляете(Вес до 5 кг) Чаевые и доплаты 100% ваши,за заказы комиссии нет! Прием ЕЖЕДНЕВНО (даже в выходные)! ДОХОД: Средняя оплата за 4 часа - около 3.000 руб. Акция приведи друга - получи до 10тр ЖМИ ОТКЛИКНУТЬСЯ Мы пришлем информацию в ответном сообщении в течение пары минут и чуть позднее напишем в WhatsApp Данная вакансия также подойдет, если вы искали: работа курьером, курьер, курьер с ежедневной оплатой, курьер пеший, курьер подработка, курьер выходного дня, свободный график, пешком, яндекс доставка, доставщик яндекс еда, яндекс лавка, яндекс про, яндекс маркет, сбермаркет, деливери клаб, delivery club, dostavista, достависта, курьер додо, озон, сдек, доставка суши, доставка еды, еду, доставка документов посылок, устроиться курьером, работа в районе, курьер с ежедневной оплатой, подработка с ежедневными выплатами, работа рядом с домом, без опыта, оплата каждый день. ЖМИ ОТКЛИКНУТЬСЯ;https://hh.ru/vacancy/92069848;64ca2c59568bd3d591dda9b6fa4bf37e
2024;Подсобный рабочий (ТН);МУНИЦИПАЛЬНОЕ ОБЩЕОБРАЗОВАТЕЛЬНОЕ УЧРЕЖДЕНИЕ ШУРСКОЛЬСКАЯ СРЕДНЯЯ ОБЩЕОБРАЗОВАТЕЛЬНАЯ ШКОЛА;19242;0;RUB;Неполный день;Временная занятость;Ярославская область;Ярославль;904;Подсобные работы. В соответствии с трудовым договором Ответственность;https://trudvsem.ru/vacancy/card/1027601070155/355bba48-26fd-11ef-a711-295bfdef1967;94e7c10d32f4cbcbe4c86a0d9d36236a
2024;Подсобный рабочий;ПЕРВОМАЙСКОЕ РАЙОННОЕ ПОТРЕБИТЕЛЬСКОЕ ОБЩЕСТВО;19300;19300;RUB;Неполный день;Частичная занятость;Ярославская область;Ярославль;904;Мелкие строительные работы, разгрузка, погрузка товаров по магазинам. Обучение на месте, без опыта работы,дисциплинирован, ответственен.;https://trudvsem.ru/vacancy/card/1027601460677/ff760bd5-1110-11ef-8f26-cb26dff57dd7;e8266b4aa901497234fce9557245705e
2024;Курьер в доставку цветов;Работа сегодня (ИП Холин Андрей Сергеевич);0;224473;RUB;Гибкий график;Частичная занятость;Ярославская область;Ярославль;0;Курьер, легких заказов - подработка без графика. СРОЧНО! Возможное как разовые поручения использовать, совмещение без графикаОбязанности- Доставка небольших посылок. (товары для дома, интернет заказы рестораны, и т.д.) Время доставок вы выбираете самостоятельно -сами.- Выполнение заказов через приложение- Очень много заказав- Доставки по районуТребования- Телефон андроид или айфон- Желание зарабатыватьУсловия:- Оплата заказов Ежедневно- Гибкое расписание (время и количество рабочих часов выбираете самостоятельно)- Нет обязательного плана по доставкеНажмите ОТКЛИКНУТЬСЯ прямо сейчас и получите все подробности о работе! Также пишите в мессенджерах WhatsApp/Telegram: менеджер 24/7 готов ответить на вопросы и помочь с оформлением. Не упустите свой шанс начать уже сегодня!Также подойдет, если вы искали: «курьер, подработка с ежедневными выплатами, ежедневная оплата, свободный график, ночной курьер, вечерний курьер, доставка, лавка, документы, груз, сервис, пеший курьер, оплата каждый день, подработка, работа рядом с домом, достависта, график, свободный, пеший курьер, работа по району, официальное трудоустройство, зарплата, ЗП, оплата, доставка, разнорабочий, оператор, работа курьером, курьер, еженедельная, ежедневная, на руки курьеру, подработка, прямой работодатель, ищу работу, время, работа без опыта, оплата сразу, утреннее, дневное, вечернее , время, режим»ОБРАЩАЕМ ВНИМАНИЕ, после отклика на данную вакансию потребуется предоставление информации или выполнение иных действий на сторонних информационных ресурсах.;https://hh.ru/vacancy/111306515;4f10227dac21baa89954e252a90dd3a7
2024;Курьер легких заказов (доставка малогабаритных посылок);Работа сегодня (ИП Холин Андрей Сергеевич);0;224473;RUB;Гибкий график;Частичная занятость;Ярославская область;Ярославль;0;Курьер, легких заказов - подработка без графика. СРОЧНО! Возможное как разовые поручения использовать, совмещение без графикаОбязанности- Доставка небольших посылок. (товары для дома, интернет заказы рестораны, и т.д.) Время доставок вы выбираете самостоятельно -сами.- Выполнение заказов через приложение- Очень много заказав- Доставки по районуТребования- Телефон андроид или айфон- Желание зарабатыватьУсловия:- Оплата заказов Ежедневно- Гибкое расписание (время и количество рабочих часов выбираете самостоятельно)- Нет обязательного плана по доставкеНажмите ОТКЛИКНУТЬСЯ прямо сейчас и получите все подробности о работе! Также пишите в мессенджерах WhatsApp/Telegram: менеджер 24/7 готов ответить на вопросы и помочь с оформлением. Не упустите свой шанс начать уже сегодня!Также подойдет, если вы искали: «курьер, подработка с ежедневными выплатами, ежедневная оплата, свободный график, ночной курьер, вечерний курьер, доставка, лавка, документы, груз, сервис, пеший курьер, оплата каждый день, подработка, работа рядом с домом, достависта, график, свободный, пеший курьер, работа по району, официальное трудоустройство, зарплата, ЗП, оплата, доставка, разнорабочий, оператор, работа курьером, курьер, еженедельная, ежедневная, на руки курьеру, подработка, прямой работодатель, ищу работу, время, работа без опыта, оплата сразу, утреннее, дневное, вечернее , время, режим»ОБРАЩАЕМ ВНИМАНИЕ, после отклика на данную вакансию потребуется предоставление информации или выполнение иных действий на сторонних информационных ресурсах.;https://hh.ru/vacancy/108982053;62758728bb3caf9cbecf9ee23be2464d
2024;Подсобный рабочий;"ОБЩЕСТВО С ОГРАНИЧЕННОЙ ОТВЕТСТВЕННОСТЬЮ ""АЛЬЯНС""";19500;19500;RUB;Полный день;Полная занятость;Ярославская область;Ярославль;523;"&middot; Погрузка и разгрузка товарно-материальных ценностей. &middot; Перемещение грузов на хранение в складские помещения и распределение их в соответствующие отсеки. &middot; Упаковка грузов в необходимую тару. &middot; Работа с приборами и инвентарем в рамках получаемых от непосредственного руководителя заданий и своей компетенции. &middot; Поддержание в чистоте производственных помещений, складов и прилегающих территорий. 1. Дисциплинированность 2. Коммуникабельность 3. Ответственность";https://trudvsem.ru/vacancy/card/1087611000707/f2c33942-65d3-11ef-bd02-cb26dff57dd7;76ce94cf7d7585df3fbc7de77e034dae
2024;Курьер;Птицына Анастасия Андреевна;69420;139037;RUB;Сменный график;Частичная занятость;Ярославская область;Углич;573;Заработай в сезон БОЛЬШЕ с высокими тарифами Требуются курьеры, у нас свободный график (можно работать у дома)! ❗️❗️МОЖНО работать НА АЙФОНЕ❗️❗️И на андроиде тоже можно. ✔️ СВОБОДНЫЙ ГРАФИК ✔️ ОПЛАТА 3.500- 4.000- 5.600 за день. Зависит от времени работы. ✔️ ПРИНИМАЕМ БЕЗ ОПЫТА. Обучим - покажем. ❗️Оформление без записи в трудовую книжку! ПО РАБОТЕ: Можно использовать как подработку(Легко совмещать с учебой или работой) Район на выбор(10 мин среднее время доставки) Заказы на доставку собраны и оплачены. Вы только доставляете. Чаевые и доплаты 100% ваши,за заказы комиссии нет! Прием ЕЖЕДНЕВНО (даже в выходные)! ДОХОД: Оплата за 4 часа - до 4.000 руб.(зависит от района и времени суток) ЖМИ ОТКЛИКНУТЬСЯ Мы пришлем информацию в ответном сообщении в течение пары минут и скоро напишем в WhatsApp Данная вакансия также подойдет, если вы искали: работа курьером, курьер, курьер с ежедневной оплатой, курьер пеший, курьер подработка, курьер выходного дня, свободный график, пешком, яндекс доставка, доставщик яндекс еда, яндекс лавка, яндекс про, яндекс маркет, сбермаркет, деливери клаб, delivery club, dostavista, достависта, курьер додо, озон, сдек, доставка суши, доставка еды, еду, доставка документов посылок, устроиться курьером, работа в районе, курьер с ежедневной оплатой, подработка с ежедневными выплатами, работа рядом с домом, без опыта, оплата каждый день. ЖМИ ОТКЛИКНУТЬСЯ!;https://hh.ru/vacancy/107547124;52d768bf178f49d375412e3aba045d59
2024;Курьер;Птицына Анастасия Андреевна;69420;139037;RUB;Сменный график;Частичная занятость;Ярославская область;Переславль-Залесский;573;Заработай в сезон БОЛЬШЕ с высокими тарифами Требуются курьеры, у нас свободный график (можно работать у дома)! ❗️❗️МОЖНО работать НА АЙФОНЕ❗️❗️И на андроиде тоже можно. ✔️ СВОБОДНЫЙ ГРАФИК ✔️ ОПЛАТА 3.500- 4.000- 5.600 за день. Зависит от времени работы. ✔️ ПРИНИМАЕМ БЕЗ ОПЫТА. Обучим - покажем. ❗️Оформление без записи в трудовую книжку! ПО РАБОТЕ: Можно использовать как подработку(Легко совмещать с учебой или работой) Район на выбор(10 мин среднее время доставки) Заказы на доставку собраны и оплачены. Вы только доставляете. Чаевые и доплаты 100% ваши,за заказы комиссии нет! Прием ЕЖЕДНЕВНО (даже в выходные)! ДОХОД: Оплата за 4 часа - до 4.000 руб.(зависит от района и времени суток) ЖМИ ОТКЛИКНУТЬСЯ Мы пришлем информацию в ответном сообщении в течение пары минут и скоро напишем в WhatsApp Данная вакансия также подойдет, если вы искали: работа курьером, курьер, курьер с ежедневной оплатой, курьер пеший, курьер подработка, курьер выходного дня, свободный график, пешком, яндекс доставка, доставщик яндекс еда, яндекс лавка, яндекс про, яндекс маркет, сбермаркет, деливери клаб, delivery club, dostavista, достависта, курьер додо, озон, сдек, доставка суши, доставка еды, еду, доставка документов посылок, устроиться курьером, работа в районе, курьер с ежедневной оплатой, подработка с ежедневными выплатами, работа рядом с домом, без опыта, оплата каждый день. ЖМИ ОТКЛИКНУТЬСЯ!;https://hh.ru/vacancy/107705445;52d768bf178f49d375412e3aba045d59
2024;Курьер;Птицына Анастасия Андреевна;69420;139037;RUB;Сменный график;Частичная занятость;Ярославская область;Углич;573;Заработай в сезон БОЛЬШЕ с высокими тарифами 16+ ! Требуются курьеры, у нас свободный график (можно работать у дома)!Можно работать пешком или на любом своем транспорте. ❗️❗️МОЖНО работать НА АЙФОНЕ❗️❗️И на андроиде тоже можно. ✔️ СВОБОДНЫЙ ГРАФИК ✔️ ОПЛАТА 3.500- 4.000- 5.600 за день. Зависит от времени работы. ✔️ ПРИНИМАЕМ БЕЗ ОПЫТА. Обучим - покажем. ❗️Оформление без записи в трудовую книжку! ПО РАБОТЕ: Можно использовать как подработку(Легко совмещать с учебой или работой) Район на выбор(10 мин среднее время доставки) Заказы на доставку собраны и оплачены. Вы только доставляете. Чаевые и доплаты 100% ваши,за заказы комиссии нет! Прием ЕЖЕДНЕВНО (даже в выходные)! ДОХОД: Оплата за 4 часа - до 4.000 руб.(зависит от района и времени суток) ЖМИ ОТКЛИКНУТЬСЯ Мы пришлем информацию в ответном сообщении в течение пары минут и скоро напишем в WhatsApp Данная вакансия также подойдет, если вы искали: работа курьером, курьер, курьер с ежедневной оплатой, курьер пеший, курьер подработка, курьер выходного дня, свободный график, пешком, яндекс доставка, доставщик яндекс еда, яндекс лавка, яндекс про, яндекс маркет, сбермаркет, деливери клаб, delivery club, dostavista, достависта, курьер додо, озон, сдек, доставка суши, доставка еды, еду, доставка документов посылок, устроиться курьером, работа в районе, курьер с ежедневной оплатой, подработка с ежедневными выплатами, работа рядом с домом, без опыта, оплата каждый день. ЖМИ ОТКЛИКНУТЬСЯ!;https://hh.ru/vacancy/107431367;08b19fd6c02de3b78657def5793d5fd4
2024;Пеший курьер;Птицына Анастасия Андреевна;126500;187500;RUB;Гибкий график;Частичная занятость;Ярославская область;Ярославль;0;Привет, заработай на НОВЫЙ ГОД БОЛЬШЕ!!! Курьер, легких заказов- подработка без графика и в твоем районе! Доставка из магазинов• Удобный район• Гибкий график. Сам определяешь свой рабочий график• Доход за смену: до 6500 руб/день+ Все чаевые ваши+ Заказы уже оплачены, вам не нужно принимать наличные и нести материальную ответственность ЖМИ ОТКЛИКНУТЬСЯ Мы пришлем информацию в ответном сообщении в течение пары минут и скоро напишем в WhatsApp Данная вакансия также подойдет, если вы искали: работа курьером, курьер, курьер с ежедневной оплатой, курьер пеший, курьер подработка, курьер выходного дня, свободный график, пешком, яндекс доставка, доставщик яндекс еда, яндекс лавка, яндекс про, яндекс маркет, сбермаркет, деливери клаб, delivery club, dostavista, достависта, курьер додо, озон, сдек, доставка суши, доставка еды, еду, доставка документов посылок, устроиться курьером, работа в районе, курьер с ежедневной оплатой, подработка с ежедневными выплатами, работа рядом с домом, без опыта, оплата каждый день. ЖМИ ОТКЛИКНУТЬСЯ!;https://hh.ru/vacancy/113891144;7278763b0129bc81abf135eb5281176f
2024;Стажер в Маркет.Деливери;Премьер;85000;129000;RUB;Гибкий график;Стажировка;Ярославская область;Ярославль;1052;Вакансия ОТКРЫТА! Устроиться можно сегодня!После ОТКЛИКА мы отправим более подробную информацию в чат Условия:-Можно использовать как подработку-Район на выбор-График от 1 часа в день-Выплаты ежедневно/еженедельно-Техническая поддержка Обязанности:-Передача оплаченных заказов клиентам Требования:-Смартфон на базе Android или IOS-Можно без опыта-Желание зарабатывать Откликнувшись мы отправим вам более подробную информацию о вакансии! ОБРАЩАЕМ ВНИМАНИЕ, после отклика на данную вакансию потребуется предоставление информации или выполнение иных действий на сторонних информационных ресурсах.;https://hh.ru/vacancy/112053645;ff1dd98a7ea409e9a27105568eb77e24
2024;Курьер-пеший;Птицына Анастасия Андреевна;101200;139037;RUB;Гибкий график;Частичная занятость;Ярославская область;Рыбинск;573;Заработай в сезон БОЛЬШЕ с высокими тарифами 16+ ! Требуются курьеры, у нас свободный график (можно работать у дома)! ❗️❗️МОЖНО работать НА АЙФОНЕ❗️❗️И на андроиде тоже можно. ✔️ СВОБОДНЫЙ ГРАФИК ✔️ ОПЛАТА 3.500- 4.000- 5.600 за день. Зависит от времени работы. ✔️ ПРИНИМАЕМ БЕЗ ОПЫТА. Обучим - покажем. ❗️Оформление без записи в трудовую книжку! ПО РАБОТЕ: Можно использовать как подработку(Легко совмещать с учебой или работой) Район на выбор(10 мин среднее время доставки) Заказы на доставку собраны и оплачены. Вы только доставляете. Чаевые и доплаты 100% ваши,за заказы комиссии нет! Прием ЕЖЕДНЕВНО (даже в выходные)! ДОХОД: Оплата за 4 часа - до 4.000 руб.(зависит от района и времени суток) ЖМИ ОТКЛИКНУТЬСЯ Мы пришлем информацию в ответном сообщении в течение пары минут и скоро напишем в WhatsApp Данная вакансия также подойдет, если вы искали: работа курьером, курьер, курьер с ежедневной оплатой, курьер пеший, курьер подработка, курьер выходного дня, свободный график, пешком, яндекс доставка, доставщик яндекс еда, яндекс лавка, яндекс про, яндекс маркет, сбермаркет, деливери клаб, delivery club, dostavista, достависта, курьер додо, озон, сдек, доставка суши, доставка еды, еду, доставка документов посылок, устроиться курьером, работа в районе, курьер с ежедневной оплатой, подработка с ежедневными выплатами, работа рядом с домом, без опыта, оплата каждый день. ЖМИ ОТКЛИКНУТЬСЯ!;https://hh.ru/vacancy/108816040;6b4f35fe5110d5511974fec13e5f1475
2024;Утренний/вечерний сотрудник по сканировке мелких товаров на пункт выдачи (Подработка);Кондратьева Наталья Михайловна;92000;158000;RUB;Гибкий график;Частичная занятость;Ярославская область;Ярославль;573;"Сборщик интернет-заказов (на подработку). Сборка только у дома. (В своем районе). Вы только собираете, по желанию, можно доставлять и получать дополнительный доход. ❗ Готовы рассмотреть кандидатов с 16 лет НАЖИМАЙТЕ ОТКЛИК НА ВАКАНСИЮ - СРАЗУ ОТПРАВИМ ПОДРОБНОСТИ ✔️ Рассмотрим с любой платформой телефона (андроид или IOS) ✔️ Работа только в вашем районе; ✔️ Море заказов! Успейте заработать в сезон ❗ ЕЖЕНЕДЕЛЬНЫЕ ВЫПЛАТЫ. Официально на карту ❗ ОПЛАТА 2000-3600 за день (часовая ставка - Гарантия) ❗ БЕЗ ОПЫТА. (моментальное вводное обучение) ✅ УСЛОВИЯ РАБОТЫ: • МОЖНО ИСПОЛЬЗОВАТЬ КАК ПОДРАБОТКУ • ЛЮБОЙ РАЙОН ГОРОДА (даже рядом с домом)! • ВЫПЛАТЫ ЕЖЕНЕДЕЛЬНО. Платим даже если нет заказов! • Самые высокие ставки по городу • Чаевые и доплаты 100% ваши, абсолютно НЕТ КОМИССИЙ! • Прием ЕЖЕДНЕВНО (и в выходные)! Начать можно сразу после оформления! ✅ СУТЬ РАБОТЫ: • Собирать заказы в удобном районе • Можно еще доставлять собранные заказы, увеличивая доход (по желанию) ✅ ЗАРАБОТОК: • Средняя оплата за 4 часа от 1000 руб и выше зависит от часов работы! • Еженедельно на карту до 300 рублей в час + надбавки и бонусы • Во время повышенного спроса до 340 рублей в час ЖМИ ОТКЛИКНУТЬСЯ - сразу отправим подробности «подработка , моментальный вывод, подработка с ежедневными выплатами, работа рядом с домом, работа на районе, доставка документов, доставка грузов, оплата каждый день, еженедельная оплата, ежедневная оплата, доставщик яндекс еда, прямой работодатель, деливери клаб, достависта, додо пицца, доставка суши, доставка роллов, delivery club, dostavista, gett, uber, убер, яндекс го, яндекс go, гетт доставка, авито работа, ищу работу, подработка в вечернее время, работа в утреннее время, работа в дневное время, режим работы, сдэк, сдек, , подключиться на доставку, подработка на выходные, яндекс доставка, яндекс маркет доставка, доставка»";https://hh.ru/vacancy/92076019;9c2f4c09bfc269bbc82a40954c94fd7a
2023;Подсобный рабочий;"АКЦИОНЕРНОЕ ОБЩЕСТВО ""ЯРДОРМОСТ""";16242;16242;RUB;Неполный день;Частичная занятость;Ярославская область;Ярославль;904;Выполнение подсобных и вспомогательных работ на территории производственной базы филиала, в помещениях РММ, объектах строительства, ремонта и содержания автодорог. Дисциплинированность, трудолюбие, ответственность;https://trudvsem.ru/vacancy/card/1187627037070/d3612755-6f3a-11ee-92e9-e7d0d2cf29b1;d14912130d6f92e7d013154806fa7be2
2024;Курьер-пеший рядом с домом;Птицына Анастасия Андреевна;101200;139037;RUB;Гибкий график;Частичная занятость;Ярославская область;Рыбинск;0;Привет, мы ищем именно тебя!Курьер, легких заказов- подработка без графика и в твоем районе! Доставка из магазинов• Удобный район• Гибкий график. Сам определяешь свой рабочий график• Доход за смену: до 6500 руб/день+ Все чаевые ваши+ Заказы уже оплачены, вам не нужно принимать наличные и нести материальную ответственность ЖМИ ОТКЛИКНУТЬСЯ Мы пришлем информацию в ответном сообщении в течение пары минут и скоро напишем в WhatsApp Данная вакансия также подойдет, если вы искали: работа курьером, курьер, курьер с ежедневной оплатой, курьер пеший, курьер подработка, курьер выходного дня, свободный график, пешком, яндекс доставка, доставщик яндекс еда, яндекс лавка, яндекс про, яндекс маркет, сбермаркет, деливери клаб, delivery club, dostavista, достависта, курьер додо, озон, сдек, доставка суши, доставка еды, еду, доставка документов посылок, устроиться курьером, работа в районе, курьер с ежедневной оплатой, подработка с ежедневными выплатами, работа рядом с домом, без опыта, оплата каждый день. ЖМИ ОТКЛИКНУТЬСЯ!;https://hh.ru/vacancy/108909958;2e297d24ae01cf40150916a43159b762
2024;Курьер-пеший на подработку рядом с домом;Птицына Анастасия Андреевна;101200;139037;RUB;Гибкий график;Частичная занятость;Ярославская область;Ярославль;0;Заработай в сезон БОЛЬШЕ с высокими тарифами 16+ ! Требуются курьеры, у нас свободный график (можно работать у дома)! ❗️❗️МОЖНО работать НА АЙФОНЕ❗️❗️И на андроиде тоже можно. ✔️ СВОБОДНЫЙ ГРАФИК ✔️ ОПЛАТА 3.500- 4.000- 5.600 за день. Зависит от времени работы. ✔️ ПРИНИМАЕМ БЕЗ ОПЫТА. Обучим - покажем. ❗️Оформление без записи в трудовую книжку! ПО РАБОТЕ: Можно использовать как подработку(Легко совмещать с учебой или работой) Район на выбор(10 мин среднее время доставки) Заказы на доставку собраны и оплачены. Вы только доставляете. Чаевые и доплаты 100% ваши,за заказы комиссии нет! Прием ЕЖЕДНЕВНО (даже в выходные)! ДОХОД: Оплата за 4 часа - до 4.000 руб.(зависит от района и времени суток) ЖМИ ОТКЛИКНУТЬСЯ Мы пришлем информацию в ответном сообщении в течение пары минут и скоро напишем в WhatsApp Данная вакансия также подойдет, если вы искали: работа курьером, курьер, курьер с ежедневной оплатой, курьер пеший, курьер подработка, курьер выходного дня, свободный график, пешком, яндекс доставка, доставщик яндекс еда, яндекс лавка, яндекс про, яндекс маркет, сбермаркет, деливери клаб, delivery club, dostavista, достависта, курьер додо, озон, сдек, доставка суши, доставка еды, еду, доставка документов посылок, устроиться курьером, работа в районе, курьер с ежедневной оплатой, подработка с ежедневными выплатами, работа рядом с домом, без опыта, оплата каждый день. ЖМИ ОТКЛИКНУТЬСЯ!;https://hh.ru/vacancy/108910381;faa7e36423a230cbac427be1b1e4aa5d
2024;Курьер-пеший рядом с домом;Птицына Анастасия Андреевна;101200;139037;RUB;Гибкий график;Частичная занятость;Ярославская область;Ярославль;0;Привет, мы ищем именно тебя!Курьер, легких заказов- подработка без графика и в твоем районе! Доставка из магазинов• Удобный район• Гибкий график. Сам определяешь свой рабочий график• Доход за смену: до 6500 руб/день+ Все чаевые ваши+ Заказы уже оплачены, вам не нужно принимать наличные и нести материальную ответственность ЖМИ ОТКЛИКНУТЬСЯ Мы пришлем информацию в ответном сообщении в течение пары минут и скоро напишем в WhatsApp Данная вакансия также подойдет, если вы искали: работа курьером, курьер, курьер с ежедневной оплатой, курьер пеший, курьер подработка, курьер выходного дня, свободный график, пешком, яндекс доставка, доставщик яндекс еда, яндекс лавка, яндекс про, яндекс маркет, сбермаркет, деливери клаб, delivery club, dostavista, достависта, курьер додо, озон, сдек, доставка суши, доставка еды, еду, доставка документов посылок, устроиться курьером, работа в районе, курьер с ежедневной оплатой, подработка с ежедневными выплатами, работа рядом с домом, без опыта, оплата каждый день. ЖМИ ОТКЛИКНУТЬСЯ!;https://hh.ru/vacancy/108910385;2e297d24ae01cf40150916a43159b762
2024;Курьер-пеший на подработку рядом с домом;Птицына Анастасия Андреевна;101200;139037;RUB;Гибкий график;Частичная занятость;Ярославская область;Ярославль;0;Заработай в сезон БОЛЬШЕ с высокими тарифами 16+ ! Требуются курьеры, у нас свободный график (можно работать у дома)! ❗️❗️МОЖНО работать НА АЙФОНЕ❗️❗️И на андроиде тоже можно. ✔️ СВОБОДНЫЙ ГРАФИК ✔️ ОПЛАТА 3.500- 4.000- 5.600 за день. Зависит от времени работы. ✔️ ПРИНИМАЕМ БЕЗ ОПЫТА. Обучим - покажем. ❗️Оформление без записи в трудовую книжку! ПО РАБОТЕ: Можно использовать как подработку(Легко совмещать с учебой или работой) Район на выбор(10 мин среднее время доставки) Заказы на доставку собраны и оплачены. Вы только доставляете. Чаевые и доплаты 100% ваши,за заказы комиссии нет! Прием ЕЖЕДНЕВНО (даже в выходные)! ДОХОД: Оплата за 4 часа - до 4.000 руб.(зависит от района и времени суток) ЖМИ ОТКЛИКНУТЬСЯ Мы пришлем информацию в ответном сообщении в течение пары минут и скоро напишем в WhatsApp Данная вакансия также подойдет, если вы искали: работа курьером, курьер, курьер с ежедневной оплатой, курьер пеший, курьер подработка, курьер выходного дня, свободный график, пешком, яндекс доставка, доставщик яндекс еда, яндекс лавка, яндекс про, яндекс маркет, сбермаркет, деливери клаб, delivery club, dostavista, достависта, курьер додо, озон, сдек, доставка суши, доставка еды, еду, доставка документов посылок, устроиться курьером, работа в районе, курьер с ежедневной оплатой, подработка с ежедневными выплатами, работа рядом с домом, без опыта, оплата каждый день. ЖМИ ОТКЛИКНУТЬСЯ!;https://hh.ru/vacancy/108910388;faa7e36423a230cbac427be1b1e4aa5d
2024;Подсобный рабочий (ТН);МУНИЦИПАЛЬНОЕ ОБЩЕОБРАЗОВАТЕЛЬНОЕ УЧРЕЖДЕНИЕ ВАХРУШЕВСКАЯ ОСНОВНАЯ ОБЩЕОБРАЗОВАТЕЛЬНАЯ ШКОЛА;19242;0;RUB;Неполный день;Временная занятость;Ярославская область;Ярославль;904;Подсобные работы. Должностные обязанности в соответствии с трудовым договором и должностной инструкцией. ответственность;https://trudvsem.ru/vacancy/card/1027601070166/5baccdb8-3a9e-11ef-a3a6-d549be31d974;a61e30f36e7bfac379252ab1d2b51e6a
2025;Подсобный рабочий;"ОБЩЕСТВО С ОГРАНИЧЕННОЙ ОТВЕТСТВЕННОСТЬЮ ""НОВАЯ ЖИЗНЬ""";23000;25000;RUB;;Полная занятость;Ярославская область;Ярославль;0;Должностные обязанности согласно должностной инструкции в организации. Для несовершеннолетних. Отсутствие противопоказаний для работы по состоянию здоровья. Социальный пакет Наличие общежития не более 3,5 час в день;https://trudvsem.ru/vacancy/card/1147609001055/88b0bcd8-896d-11f0-b5da-bdc82d0d5dcd;ec9d45940e4c2233e2ae7765e07f9a03
2024;Курьер легких заказов;Работа сегодня (ИП Холин Андрей Сергеевич);90000;150000;RUB;Гибкий график;Частичная занятость;Ярославская область;Ярославль;573;✨ Привет! Мы ищем именно тебя: активных и целеустремленных, готовых к новым достижениям. ✨ Присоединяйся к нашей команде и начни зарабатывать уже сегодня! ⭐ Что тебя ждет: Гибкий график: Ты сам выбираешь, когда работать. Утро, день или вечер – ты вольный планировать свой день. Высокий доход: до 6500 руб./день, плюс бонусы за активность и скорость. Работа рядом с домом: Забудь о долгих перемещениях, работаем в пределах твоего района. ⭐ Твои задачи: Доставка легких заказов: товары для дома, аптечные товары, малогабаритные посылки. Вежливое общение с клиентами и своевременная доставка. ⭐ Что мы ценим: Ответственность и активность. Желание работать и зарабатывать. Наличие смартфона с доступом в интернет. ⭐ Почему стоит начать именно с нами: Ежедневные выплаты: Заработок каждый день. Обучение и поддержка: Беспокоит вопрос? Наши менеджеры всегда на связи через WhatsApp/Telegram. Бонусы: Мы ценим твою старательность и готовы это вознаграждать. ✨ Как начать? Просто нажми ОТКЛИКНУТЬСЯ. Все просто – без долгих собеседований, можешь начать уже сегодня. Если вдруг возникнут вопросы, пиши нам. Наша команда всегда на связи, чтобы помочь тебе войти в курс дела и ответить на любые вопросы. Наша вакансия также подойдет вам, если вы искали: работа курьером СберМаркет, работа доставка курьером, пеший курьер, работа пешим курьером, доставщик, курьер, свободный график, гибкий график, удобный график, свободный график, работа рядом с домом, без опыта, начинающий специалист, работа на выходные, в вечернее время, в дневное время, подработка, работа выходного дня, курьер ВкусВилл, курьер Деливери, курьер Яндекс, работа курьером Деливери, работа курьером Самокат, работа курьером Яндекс Лавка, работа курьером Яндекс Еда, Озон, Ozon. ОБРАЩАЕМ ВНИМАНИЕ, места ограничены способ доставки любой. Принимаем ежедневно даже в выходные и праздничные дни. Оставляйте отклик, ставьте лайк ❤ для нас это очень важно. ЗВОНИТЕ ИЛИ ПИШИТЕ В МЕССЕНДЖЕРЫ - сразу отправим подробности ☎️ ⬇️ ЖМИТЕ ОТКЛИКНУТЬСЯ ⬇️ ОБРАЩАЕМ ВНИМАНИЕ, после отклика на данную вакансию потребуется предоставление информации или выполнение иных действий на сторонних информационных ресурсах.;https://hh.ru/vacancy/106053878;be58655c5115aa0b8d132059be93abd9
2024;Сборщик заказов (Ярославль, Московский, 125);Перекрёсток;55000;60000;RUB;Гибкий график;Частичная занятость;Ярославская область;Ярославль;0;"Собирай онлайн-заказы в Перекрёстке и зарабатывай больше! Мы повысили зарплаты на 20%Для начинающих специалистов без опыта работы.Наши предложения: - стабильность: официальное трудоустройство и белая зарплата- доступность: предложим удобный супермаркет для работы- комфорт: подберём подходящий график работы (для несовершеннолетних только с дневными сменами одна смена от 4 до 7 часов)- развитие: обучение под руководством опытного наставника- забота: оплачиваемый медосмотр за счёт компании и бесплатная телемедицина;- скидки для сотрудников на готовую еду, и другие скидки у партнеров компанииНаши ожидания:- желание заботиться о клиенте - грамотная речь и коммуникабельность- уверенный пользователь мобильных приложений- активность, готовность к обучению- осуществление сбора заказов в соответствии со списком товаров в мобильном приложении- отслеживание качества собираемого товара, контроль времени сборки- передача заказа в зону ожидания курьераесли нет опыта работы, мы всему научим!";https://hh.ru/vacancy/109271904;aecc89800896b8451f83c68b2b980a68
2024;ученик оператора станков с программным управлением;"АКЦИОНЕРНОЕ ОБЩЕСТВО ГАВРИЛОВ-ЯМСКИЙ МАШИНОСТРОИТЕЛЬНЫЙ ЗАВОД ""АГАТ""";19242;0;RUB;Неполный день;Временная занятость;Ярославская область;Ярославль;1256;Обучение процессу обработки с пульта управления простых деталей по 12 - 14 квалитетам на налаженных станках с программным управлением с одним видом обработки. Обучение установки и съему деталей после обработки.;https://trudvsem.ru/vacancy/card/1027601067944/9cefacf8-4298-11ef-9de3-d549be31d974;d0151a2d4d3a42a528c43185540805c1
2024;Утренний/вечерний курьер на лёгкие посылки - подработка;Птицына Анастасия Андреевна;89420;139037;RUB;Гибкий график;Частичная занятость;Ярославская область;Ярославль;573;Заработай в сезон БОЛЬШЕ с высокими тарифами 14+! Требуются курьеры, у нас свободный график (можно работать у дома)! ❗️❗️МОЖНО работать НА АЙФОНЕ❗️❗️И на андроиде тоже можно. ✔️ ЕЖЕДНЕВНЫЕ ВЫПЛАТЫ ✔️ ОПЛАТА 3.500- 4.000- 6.400 за день (зависит от времени работы) ✔️ ПРИНИМАЕМ БЕЗ ОПЫТА (обучим - покажем) ❗️Оформление без записи в трудовую книжку! ПО РАБОТЕ: Можно использовать как подработку(Легко совмещать с учебой или работой) Район на выбор, можно менять каждую смену(7-10 мин среднее время доставки) Заказы на доставку собраны и оплачены. Вы только доставляете(Вес до 5 кг) Чаевые и доплаты 100% ваши,за заказы комиссии нет! Прием ЕЖЕДНЕВНО (даже в выходные)! ДОХОД: Средняя оплата за 4 часа - около 3.000 руб. Акция приведи друга - получи до 10тр ЖМИ ОТКЛИКНУТЬСЯ Мы пришлем информацию в ответном сообщении в течение пары минут и чуть позднее напишем в WhatsApp Данная вакансия также подойдет, если вы искали: работа курьером, курьер, курьер с ежедневной оплатой, курьер пеший, курьер подработка, курьер выходного дня, свободный график, пешком, яндекс доставка, доставщик яндекс еда, яндекс лавка, яндекс про, яндекс маркет, сбермаркет, деливери клаб, delivery club, dostavista, достависта, курьер додо, озон, сдек, доставка суши, доставка еды, еду, доставка документов посылок, устроиться курьером, работа в районе, курьер с ежедневной оплатой, подработка с ежедневными выплатами, работа рядом с домом, без опыта, оплата каждый день. ЖМИ ОТКЛИКНУТЬСЯ;https://hh.ru/vacancy/92189618;64ca2c59568bd3d591dda9b6fa4bf37e
2024;Подсобный рабочий (ТН);"МУНИЦИПАЛЬНОЕ ДОШКОЛЬНОЕ ОБРАЗОВАТЕЛЬНОЕ УЧРЕЖДЕНИЕ ""ДЕТСКИЙ САД № 17""";19242;0;RUB;Неполный день;Временная занятость;Ярославская область;Ярославль;904;Подсобные работы. Должностные обязанности в соответствии с трудовым договором и должностной инструкцией. Ответственность;https://trudvsem.ru/vacancy/card/1027601068879/97d4d1a8-3aa0-11ef-8e53-cb26dff57dd7;4c0b0640e0d2e2983b0320a1fb58176d
2023;Утренний/вечерний сотрудник по сканировке мелких товаров на пункт выдачи (Подработка);Кондратьева Наталья Михайловна;92000;158000;RUB;Гибкий график;Частичная занятость;Ярославская область;Ярославль;573;"Сборщик интернет-заказов (на подработку). Сборка только у дома. (В своем районе). Вы только собираете, по желанию, можно доставлять и получать дополнительный доход. ❗ Готовы рассмотреть кандидатов с 16 лет НАЖИМАЙТЕ ОТКЛИК НА ВАКАНСИЮ - СРАЗУ ОТПРАВИМ ПОДРОБНОСТИ ✔️ Рассмотрим с любой платформой телефона (андроид или IOS) ✔️ Работа только в вашем районе; ✔️ Море заказов! Успейте заработать в сезон ❗ ЕЖЕНЕДЕЛЬНЫЕ ВЫПЛАТЫ. Официально на карту ❗ ОПЛАТА 1800-3200 за день (часовая ставка - Гарантия) ❗ БЕЗ ОПЫТА. (моментальное вводное обучение) ✅ УСЛОВИЯ РАБОТЫ: • МОЖНО ИСПОЛЬЗОВАТЬ КАК ПОДРАБОТКУ • ЛЮБОЙ РАЙОН ГОРОДА (даже рядом с домом)! • ВЫПЛАТЫ ЕЖЕНЕДЕЛЬНО. Платим даже если нет заказов! • Самые высокие ставки по городу • Чаевые и доплаты 100% ваши, абсолютно НЕТ КОМИССИЙ! • Прием ЕЖЕДНЕВНО (и в выходные)! Начать можно сразу после оформления! ✅ СУТЬ РАБОТЫ: • Собирать заказы в удобном районе • Можно еще доставлять собранные заказы, увеличивая доход (по желанию) ✅ ЗАРАБОТОК: • Средняя оплата за 4 часа от 1000 руб и выше зависит от часов работы! • Еженедельно на карту до 260 рублей в час + надбавки и бонусы • Во время повышенного спроса до 300 рублей в час ЖМИ ОТКЛИКНУТЬСЯ - сразу отправим подробности «подработка , моментальный вывод, подработка с ежедневными выплатами, работа рядом с домом, работа на районе, доставка документов, доставка грузов, оплата каждый день, еженедельная оплата, ежедневная оплата, доставщик яндекс еда, прямой работодатель, деливери клаб, достависта, додо пицца, доставка суши, доставка роллов, delivery club, dostavista, gett, uber, убер, яндекс го, яндекс go, гетт доставка, авито работа, ищу работу, подработка в вечернее время, работа в утреннее время, работа в дневное время, режим работы, сдэк, сдек, , подключиться на доставку, подработка на выходные, яндекс доставка, яндекс курьерская доставка, яндекс маркет доставка, доставка»";https://hh.ru/vacancy/89884492;9c2f4c09bfc269bbc82a40954c94fd7a
2025;Подсобный рабочий;"ПУБЛИЧНОЕ АКЦИОНЕРНОЕ ОБЩЕСТВО ""ОДК-САТУРН""";23000;23000;RUB;;Полная занятость;Ярославская область;Ярославль;0;В соответствии с трудовым договором и должностной инструкцией. Прием на работу по результатам собеседования. Ответственность. Образование: Среднее;https://trudvsem.ru/vacancy/card/1027601106169/24b975a8-d03a-11f0-8987-1f09eae535df;3451538396f12a44a2e54aaf48073ca7
2024;Менеджер по работе с клиентами;Ростелеком;0;90000;RUB;Гибкий график;Частичная занятость;Ярославская область;Ярославль;714;"Ростелеком ищет в свою команду массового сегмента (B2C) амбициозного специалиста по продажам, который будет расти вместе с нами. Нам важно найти единомышленника, готового быстро обучаться и легко находящего подход к клиентам. Прекрасный старт в начале карьеры! Чем предстоит заниматься: Активные продажи услуг Ростелекома: работать как уже с действующим клиентами, так и осуществлять поиск новых; Помогать клиентам и консультировать их в выборе наиболее подходящих и выгодных тарифов: например, интернет, умная колонка «Маруся», интерактивное ТВ, умный дом, видеонаблюдение, оборудование, мобильная связь. Формировать заявки на подключение услуг, а также вести отчетность. Что мы от вас ожидаем: Рассмотрим кандидатов без опыта работы, мы всему научим; Развитые навыки коммуникации, грамотная и четкая речь; Активная жизненная позиция, нацеленность на результат; Что мы предлагаем: Средний уровень дохода от 20 000₽ в месяц и выше, ежемесячные премии по результатам работы. Все в твоих руках! Гибкий график на выбор: 5/2 или 2/2; Можно совмещать с основной работой или учебой: занятость в день от 4 часов. Оформление по договору ГПХ; Наставники обучат техникам продаж и коммуникациям с клиентами, также для профессионального и личного развития предоставляется доступ к корпоративному онлайн-университету и электронным библиотекам Поддержка опытных коллег;";https://hh.ru/vacancy/102915103;638595ca4f42508666e0d659b48c9a4a
2024;Курьер;Птицына Анастасия Андреевна;69420;139037;RUB;Сменный график;Частичная занятость;Ярославская область;Тутаев;573;Заработай в сезон БОЛЬШЕ с высокими тарифами 16+ ! Требуются курьеры, у нас свободный график (можно работать у дома)! ❗️❗️МОЖНО работать НА АЙФОНЕ❗️❗️И на андроиде тоже можно. ✔️ СВОБОДНЫЙ ГРАФИК ✔️ ОПЛАТА 3.500- 4.000- 5.600 за день. Зависит от времени работы. ✔️ ПРИНИМАЕМ БЕЗ ОПЫТА. Обучим - покажем. ❗️Оформление без записи в трудовую книжку! ПО РАБОТЕ: Можно использовать как подработку(Легко совмещать с учебой или работой) Район на выбор(10 мин среднее время доставки) Заказы на доставку собраны и оплачены. Вы только доставляете. Чаевые и доплаты 100% ваши,за заказы комиссии нет! Прием ЕЖЕДНЕВНО (даже в выходные)! ДОХОД: Оплата за 4 часа - до 4.000 руб.(зависит от района и времени суток) ЖМИ ОТКЛИКНУТЬСЯ Мы пришлем информацию в ответном сообщении в течение пары минут и скоро напишем в WhatsApp Данная вакансия также подойдет, если вы искали: работа курьером, курьер, курьер с ежедневной оплатой, курьер пеший, курьер подработка, курьер выходного дня, свободный график, пешком, яндекс доставка, доставщик яндекс еда, яндекс лавка, яндекс про, яндекс маркет, сбермаркет, деливери клаб, delivery club, dostavista, достависта, курьер додо, озон, сдек, доставка суши, доставка еды, еду, доставка документов посылок, устроиться курьером, работа в районе, курьер с ежедневной оплатой, подработка с ежедневными выплатами, работа рядом с домом, без опыта, оплата каждый день. ЖМИ ОТКЛИКНУТЬСЯ!;https://hh.ru/vacancy/107683684;08b19fd6c02de3b78657def5793d5fd4
2023;Курьер подработка от 1 часа, легкие интернет заказы, свободный график, рядом с домом (16+);Сириус;0;105000;RUB;Гибкий график;Частичная занятость;Ярославская область;Ярославль;573;Oткpытa вaкансия куpьера нa подработку или пoлный дeнь Свoбoдный гpaфик oт 1 часа в дeнь, ежeнeдeльныe выплаты, возможен выxод на рaбoту в день oбращения, можно работать через iOS (айфон) и Android (андроид) Пpеимущeства стaть курьеpoм: Mнoго зaкaзов Можно cтaвить смены на утро, день или вeчep Pабота пo cвoему paйoну Mожно без опыта Доход за смену до 5500 рублей Без комиссии по заказам Можно работать на чем угодно, любой способ доставки Обязанности курьера интернет заказов: Доставлять легкие собранные заказы из супермаркетов и гипермаркетов, ресторанов (суши, роллы, пицца) в своем районе Оставляй отклик, чтобы стать курьером онлайн заказов!Также подойдет, если искали: курьер, подработка, ежедневные выплаты,пеший курьер, оплата сразу, свободный график, вечерний курьер, дневной курьер, маркет, пункт выдачи заказов, посылки, сборщик, ночной курьер, доставка, комплектовщик, удаленная работа, сервис, оплата каждый день, подработка, работа рядом с домом, промоутер, стать курьером, подработка курьером, подработка в свободное время, грузчик, оператор, работа комплектовщиком, работа промоутером, работа с ежедневными выплатами, свободный график, официальное трудоустройство, зарплата, оплата, доставка, работа без опыта, утреннее, дневное, вечернее время, режим.;https://hh.ru/vacancy/90015188;2aa0e53eb6f26189e6643b44d04ce712
2024;Курьер в доставку цветов;Работа сегодня (ИП Холин Андрей Сергеевич);0;224473;RUB;Полный день;Частичная занятость;Ярославская область;Ярославль;573;Курьер, легких заказов - подработка без графика. СРОЧНО! Возможное как разовые поручения использовать, совмещение без графикаОбязанности- Доставка небольших посылок. (товары для дома, интернет заказы рестораны, и т.д.) Время доставок вы выбираете самостоятельно -сами.- Выполнение заказов через приложение- Очень много заказав- Доставки по районуТребования- Телефон андроид или айфон- Желание зарабатыватьУсловия:- Оплата заказов Ежедневно- Гибкое расписание (время и количество рабочих часов выбираете самостоятельно)- Нет обязательного плана по доставкеНажмите ОТКЛИКНУТЬСЯ прямо сейчас и получите все подробности о работе! Также пишите в мессенджерах WhatsApp/Telegram: менеджер 24/7 готов ответить на вопросы и помочь с оформлением. Не упустите свой шанс начать уже сегодня!Также подойдет, если вы искали: «курьер, подработка с ежедневными выплатами, ежедневная оплата, свободный график, ночной курьер, вечерний курьер, доставка, лавка, документы, груз, сервис, пеший курьер, оплата каждый день, подработка, работа рядом с домом, достависта, график, свободный, пеший курьер, работа по району, официальное трудоустройство, зарплата, ЗП, оплата, доставка, разнорабочий, оператор, работа курьером, курьер, еженедельная, ежедневная, на руки курьеру, подработка, прямой работодатель, ищу работу, время, работа без опыта, оплата сразу, утреннее, дневное, вечернее , время, режим»ОБРАЩАЕМ ВНИМАНИЕ, после отклика на данную вакансию потребуется предоставление информации или выполнение иных действий на сторонних информационных ресурсах.;https://hh.ru/vacancy/111733425;4f10227dac21baa89954e252a90dd3a7
2024;ученик оператора станков с программным управлением;"АКЦИОНЕРНОЕ ОБЩЕСТВО ГАВРИЛОВ-ЯМСКИЙ МАШИНОСТРОИТЕЛЬНЫЙ ЗАВОД ""АГАТ""";19242;0;RUB;Неполный день;Временная занятость;Ярославская область;Ярославль;1256;Обучение процессу обработки с пульта управления простых деталей по 12 - 14 квалитетам на налаженных станках с программным управлением с одним видом обработки. Обучение установки и съему деталей после обработки.;https://trudvsem.ru/vacancy/card/1027601067944/8f716d28-353c-11ef-bf8c-cb26dff57dd7;d0151a2d4d3a42a528c43185540805c1
2024;Промоутер в студию балета и растяжки Levita;Levita (ИП Савченко Антон Николаевич);0;30000;RUB;Сменный график;Частичная занятость;Ярославская область;Ярославль;104;"Хочешь стать частью передовой команды LEVITA на международном рынке? Лучшая в России сеть студий балета и растяжки LEVITA (согласнопремии Russian Fitness Award 2023) вот уже 7 лет обучает девушек и женщин боди-балету, хореографии, растяжке. В международную студию балета и растяжки LEVITA требуется АКТИВНЫЕ, ОБЩИТЕЛЬНЫЕ промоутеры. Возможность заработать от 1 000 рублей в смену, тратя на это всего 3 часа в день. Boзможнoсть xoрошo заpaбатывать + oбучeние + опыт Вaм гaрaнтирoваны. Что мы предлагаем: - Достойную оплату труда; - Удобный гибкий график, работе можно уделять от 3х часов в день (ты можешь работать в удобное для тебя время, совмещать работу с учебой); - Работу во всех районах города;- Если у тебя нет опыта, то мы обязательно поможем разобраться и научим как это делать; - Работу в дружном коллективе настоящих профессионалов своего дела. B твои oбязaнноcти входит: - Получeние контактов через листовки; - Взаимодействие с администраторами студии; - Презентация студии при получении контактов. Мы ждем тебя, если ты: - Умеешь находить общий язык с людьми;- Пунктуален;- Активен и энергичен;- Заряжен на результат, заработная плата зависит только от тебя;Опыт работы приветствуется . Если Ты хочешь стать часть нашей команды, скорее оставляй свой отклик. LEVITA - это по любви! Продавец, официант, рекламщик, помощник, помощник продавца, аниматор, оператор, ассистент, консультант, комплектовщик заказов, распространитель, фасовщик, сборщик, торговый представитель, начинающий специалист, junior менеджер, хостес";https://hh.ru/vacancy/106282010;d51182a81842f1df20ce964689d5acca
2023;Утренний/вечерний курьер на лёгкие посылки - подработка;Птицына Анастасия Андреевна;89420;139037;RUB;Гибкий график;Частичная занятость;Ярославская область;Ярославль;573;Заработай на НОВЫЙ ГОД с высокими тарифами 14+! Требуются курьеры, у нас свободный график (можно работать у дома)! ❗️❗️МОЖНО работать НА АЙФОНЕ❗️❗️И на андроиде тоже можно. ✔️ ЕЖЕДНЕВНЫЕ ВЫПЛАТЫ ✔️ ОПЛАТА 3.500- 4.000- 6.400 за день (зависит от времени работы) ✔️ ПРИНИМАЕМ БЕЗ ОПЫТА (обучим - покажем) ❗️Оформление без записи в трудовую книжку! ПО РАБОТЕ: Можно использовать как подработку(Легко совмещать с учебой или работой) Район на выбор, можно менять каждую смену(7-10 мин среднее время доставки) Заказы на доставку собраны и оплачены. Вы только доставляете(Вес до 5 кг) Чаевые и доплаты 100% ваши,за заказы комиссии нет! Прием ЕЖЕДНЕВНО (даже в выходные)! ДОХОД: Средняя оплата за 4 часа - около 3.000 руб. Акция приведи друга - получи до 10тр ЖМИ ОТКЛИКНУТЬСЯ Мы пришлем информацию в ответном сообщении в течение пары минут и чуть позднее напишем в WhatsApp Данная вакансия также подойдет, если вы искали: работа курьером, курьер, курьер с ежедневной оплатой, курьер пеший, курьер подработка, курьер выходного дня, свободный график, пешком, яндекс доставка, доставщик яндекс еда, яндекс лавка, яндекс про, яндекс маркет, сбермаркет, деливери клаб, delivery club, dostavista, достависта, курьер додо, озон, сдек, доставка суши, доставка еды, еду, доставка документов посылок, устроиться курьером, работа в районе, курьер с ежедневной оплатой, подработка с ежедневными выплатами, работа рядом с домом, без опыта, оплата каждый день. ЖМИ ОТКЛИКНУТЬСЯ;https://hh.ru/vacancy/91106688;6c79daf69277f17d4f76562d9a86ff1a
2024;Пеший курьер;Птицына Анастасия Андреевна;107700;139037;RUB;Гибкий график;Частичная занятость;Ярославская область;Рыбинск;0;Привет, мы ищем именно тебя!Курьер, легких заказов- подработка без графика и в твоем районе! Доставка из магазинов• Удобный район• Гибкий график. Сам определяешь свой рабочий график• Доход за смену: до 6500 руб/день+ Все чаевые ваши+ Заказы уже оплачены, вам не нужно принимать наличные и нести материальную ответственность ЖМИ ОТКЛИКНУТЬСЯ Мы пришлем информацию в ответном сообщении в течение пары минут и скоро напишем в WhatsApp Данная вакансия также подойдет, если вы искали: работа курьером, курьер, курьер с ежедневной оплатой, курьер пеший, курьер подработка, курьер выходного дня, свободный график, пешком, яндекс доставка, доставщик яндекс еда, яндекс лавка, яндекс про, яндекс маркет, сбермаркет, деливери клаб, delivery club, dostavista, достависта, курьер додо, озон, сдек, доставка суши, доставка еды, еду, доставка документов посылок, устроиться курьером, работа в районе, курьер с ежедневной оплатой, подработка с ежедневными выплатами, работа рядом с домом, без опыта, оплата каждый день. ЖМИ ОТКЛИКНУТЬСЯ!;https://hh.ru/vacancy/111318248;7f151d3f129af58c3930aaa696309aed
2024;Подсобный рабочий ТН;"МУНИЦИПАЛЬНОЕ ДОШКОЛЬНОЕ ОБРАЗОВАТЕЛЬНОЕ УЧРЕЖДЕНИЕ ""ДЕТСКИЙ САД №5 СЕРПАНТИН""";19242;0;RUB;Неполный день;Временная занятость;Ярославская область;Ярославль;904;Подсобные работы. Должностные обязанности в соответствии с трудовым договором и должностной инструкцией. Исполнительность, доброжелательность, умение работать в команде;https://trudvsem.ru/vacancy/card/1137609001969/65024408-4a6e-11ef-9ea8-d549be31d974;4f8a1a618fd52f9ec4d7a68aa9c532e8
2025;Подсобный рабочий;"БРЕЙТОВСКИЙ ФИЛИАЛ АКЦИОНЕРНОГО ОБЩЕСТВА ""ЯРДОРМОСТ""";23000;23000;RUB;;Полная занятость;Ярославская область;Ярославль;0;Содержание в чистоте территории производственной базы. Уборка от мусора и листьев. В летний период - окос травы, уборка автостоянок на территории объекта, покрасочные работы наружных и внутренних помещений. В зимний период - уборка территории от снега и льда, включая въезд на территорию базы. Дисциплинированность, выносливость, ответственный подход к должностным инструкциям.;https://trudvsem.ru/vacancy/card/6e964f40-8707-11ef-9fe0-d549be31d974/53a63f68-e25f-11f0-9979-c1b4d62e7e9b;9285c4ccc2db6aa99844736c5c9dd246
2024;Курьер пеший;Птицына Анастасия Андреевна;101200;139037;RUB;Гибкий график;Частичная занятость;Ярославская область;Ярославль;573;Заработай в сезон БОЛЬШЕ с высокими тарифами 16+ ! Требуются курьеры, у нас свободный график (можно работать у дома)! ❗️❗️МОЖНО работать НА АЙФОНЕ❗️❗️И на андроиде тоже можно. ✔️ СВОБОДНЫЙ ГРАФИК ✔️ ОПЛАТА 3.500- 4.000- 5.600 за день. Зависит от времени работы. ✔️ ПРИНИМАЕМ БЕЗ ОПЫТА. Обучим - покажем. ❗️Оформление без записи в трудовую книжку! ПО РАБОТЕ: Можно использовать как подработку(Легко совмещать с учебой или работой) Район на выбор(10 мин среднее время доставки) Заказы на доставку собраны и оплачены. Вы только доставляете. Чаевые и доплаты 100% ваши,за заказы комиссии нет! Прием ЕЖЕДНЕВНО (даже в выходные)! ДОХОД: Оплата за 4 часа - до 4.000 руб.(зависит от района и времени суток) ЖМИ ОТКЛИКНУТЬСЯ Мы пришлем информацию в ответном сообщении в течение пары минут и скоро напишем в WhatsApp Данная вакансия также подойдет, если вы искали: работа курьером, курьер, курьер с ежедневной оплатой, курьер пеший, курьер подработка, курьер выходного дня, свободный график, пешком, яндекс доставка, доставщик яндекс еда, яндекс лавка, яндекс про, яндекс маркет, сбермаркет, деливери клаб, delivery club, dostavista, достависта, курьер додо, озон, сдек, доставка суши, доставка еды, еду, доставка документов посылок, устроиться курьером, работа в районе, курьер с ежедневной оплатой, подработка с ежедневными выплатами, работа рядом с домом, без опыта, оплата каждый день. ЖМИ ОТКЛИКНУТЬСЯ!;https://hh.ru/vacancy/108857199;e858b3b277aa2a9a01a999bca22b1c3e
2024;Курьер-пеший;Птицына Анастасия Андреевна;101200;139037;RUB;Гибкий график;Частичная занятость;Ярославская область;Ярославль;573;Заработай в сезон БОЛЬШЕ с высокими тарифами 16+ ! Требуются курьеры, у нас свободный график (можно работать у дома)! ❗️❗️МОЖНО работать НА АЙФОНЕ❗️❗️И на андроиде тоже можно. ✔️ СВОБОДНЫЙ ГРАФИК ✔️ ОПЛАТА 3.500- 4.000- 5.600 за день. Зависит от времени работы. ✔️ ПРИНИМАЕМ БЕЗ ОПЫТА. Обучим - покажем. ❗️Оформление без записи в трудовую книжку! ПО РАБОТЕ: Можно использовать как подработку(Легко совмещать с учебой или работой) Район на выбор(10 мин среднее время доставки) Заказы на доставку собраны и оплачены. Вы только доставляете. Чаевые и доплаты 100% ваши,за заказы комиссии нет! Прием ЕЖЕДНЕВНО (даже в выходные)! ДОХОД: Оплата за 4 часа - до 4.000 руб.(зависит от района и времени суток) ЖМИ ОТКЛИКНУТЬСЯ Мы пришлем информацию в ответном сообщении в течение пары минут и скоро напишем в WhatsApp Данная вакансия также подойдет, если вы искали: работа курьером, курьер, курьер с ежедневной оплатой, курьер пеший, курьер подработка, курьер выходного дня, свободный график, пешком, яндекс доставка, доставщик яндекс еда, яндекс лавка, яндекс про, яндекс маркет, сбермаркет, деливери клаб, delivery club, dostavista, достависта, курьер додо, озон, сдек, доставка суши, доставка еды, еду, доставка документов посылок, устроиться курьером, работа в районе, курьер с ежедневной оплатой, подработка с ежедневными выплатами, работа рядом с домом, без опыта, оплата каждый день. ЖМИ ОТКЛИКНУТЬСЯ!;https://hh.ru/vacancy/108857220;6b4f35fe5110d5511974fec13e5f1475
2024;Курьер пеший;Птицына Анастасия Андреевна;101200;139037;RUB;Гибкий график;Частичная занятость;Ярославская область;Ярославль;573;Заработай в сезон БОЛЬШЕ с высокими тарифами 16+ ! Требуются курьеры, у нас свободный график (можно работать у дома)! ❗️❗️МОЖНО работать НА АЙФОНЕ❗️❗️И на андроиде тоже можно. ✔️ СВОБОДНЫЙ ГРАФИК ✔️ ОПЛАТА 3.500- 4.000- 5.600 за день. Зависит от времени работы. ✔️ ПРИНИМАЕМ БЕЗ ОПЫТА. Обучим - покажем. ❗️Оформление без записи в трудовую книжку! ПО РАБОТЕ: Можно использовать как подработку(Легко совмещать с учебой или работой) Район на выбор(10 мин среднее время доставки) Заказы на доставку собраны и оплачены. Вы только доставляете. Чаевые и доплаты 100% ваши,за заказы комиссии нет! Прием ЕЖЕДНЕВНО (даже в выходные)! ДОХОД: Оплата за 4 часа - до 4.000 руб.(зависит от района и времени суток) ЖМИ ОТКЛИКНУТЬСЯ Мы пришлем информацию в ответном сообщении в течение пары минут и скоро напишем в WhatsApp Данная вакансия также подойдет, если вы искали: работа курьером, курьер, курьер с ежедневной оплатой, курьер пеший, курьер подработка, курьер выходного дня, свободный график, пешком, яндекс доставка, доставщик яндекс еда, яндекс лавка, яндекс про, яндекс маркет, сбермаркет, деливери клаб, delivery club, dostavista, достависта, курьер додо, озон, сдек, доставка суши, доставка еды, еду, доставка документов посылок, устроиться курьером, работа в районе, курьер с ежедневной оплатой, подработка с ежедневными выплатами, работа рядом с домом, без опыта, оплата каждый день. ЖМИ ОТКЛИКНУТЬСЯ!;https://hh.ru/vacancy/108857272;e858b3b277aa2a9a01a999bca22b1c3e
2024;Курьер (доставка пельменей);Работа сегодня (ИП Холин Андрей Сергеевич);90000;163000;RUB;Гибкий график;Временная занятость;Ярославская область;Ярославль;573;✨ Привет! Мы ищем именно тебя: активных и целеустремленных, готовых к новым достижениям. ✨ Присоединяйся к нашей команде и начинай зарабатывать уже сегодня! ⚡️ Почему это круто: 1️⃣ Заработок до 7000 руб./день — чем активнее ты, тем больше заработок. 2️⃣ Гибкий график — работай, когда тебе удобно: утро, день, вечер. 3️⃣ Работа рядом с домом — забудь о долгих поездках. 4️⃣ Ежедневные выплаты — деньги сразу на карту. ⚡️ Твои задачи: Доставка легких заказов и товаров для дома. Вежливое и дружелюбное общение с клиентами. Обеспечение быстрой и качественной доставки. ⚡️ Что требуется: Смартфон с доступом в интернет. Ответственность и пунктуальность. ⚡️ Наши условия: Гибкий график: работа от 1 до 12 часов в день, 2-3 раза в неделю или полная занятость. Повышенные тарифы: дополнительные премии за работу в пиковые периоды. Финансовые бонусы: за качественное выполнение работы и активность. ⭐ Как присоединиться: Нажми ОТКЛИКНУТЬСЯ и начни работать уже сегодня! Если есть вопросы, пиши нам в WhatsApp — мы всегда на связи, чтобы помочь. ОБРАЩАЕМ ВНИМАНИЕ, после отклика на данную вакансию потребуется предоставление информации или выполнение иных действий на сторонних информационных ресурсах. Не упусти возможность заработать этим летом! Мест ограничено, действуй быстро! Наша вакансия также подойдет вам, если вы искали: работа курьером СберМаркет, работа доставка курьером, пеший курьер, работа пешим курьером, доставщик, курьер, свободный график, гибкий график, удобный график, свободный график, работа рядом с домом, без опыта, начинающий специалист, работа на выходные, в вечернее время, в дневное время, подработка, работа выходного дня, курьер ВкусВилл, курьер Деливери, курьер Яндекс, работа курьером Деливери, работа курьером Самокат, работа курьером Яндекс Лавка, работа курьером Яндекс Еда, Озон, Ozon.;https://hh.ru/vacancy/106247815;46565f14eaf80da193c7758efd859fde
2024;Курьер;Птицына Анастасия Андреевна;69420;139037;RUB;Сменный график;Частичная занятость;Ярославская область;Ярославль;573;Заработай в сезон БОЛЬШЕ с высокими тарифами 16+ ! Требуются курьеры, у нас свободный график (можно работать у дома)! ❗️❗️МОЖНО работать НА АЙФОНЕ❗️❗️И на андроиде тоже можно. ✔️ СВОБОДНЫЙ ГРАФИК ✔️ ОПЛАТА 3.500- 4.000- 5.600 за день. Зависит от времени работы. ✔️ ПРИНИМАЕМ БЕЗ ОПЫТА. Обучим - покажем. ❗️Оформление без записи в трудовую книжку! ПО РАБОТЕ: Можно использовать как подработку(Легко совмещать с учебой или работой) Район на выбор(10 мин среднее время доставки) Заказы на доставку собраны и оплачены. Вы только доставляете. Чаевые и доплаты 100% ваши,за заказы комиссии нет! Прием ЕЖЕДНЕВНО (даже в выходные)! ДОХОД: Оплата за 4 часа - до 4.000 руб.(зависит от района и времени суток) ЖМИ ОТКЛИКНУТЬСЯ Мы пришлем информацию в ответном сообщении в течение пары минут и скоро напишем в WhatsApp Данная вакансия также подойдет, если вы искали: работа курьером, курьер, курьер с ежедневной оплатой, курьер пеший, курьер подработка, курьер выходного дня, свободный график, пешком, яндекс доставка, доставщик яндекс еда, яндекс лавка, яндекс про, яндекс маркет, сбермаркет, деливери клаб, delivery club, dostavista, достависта, курьер додо, озон, сдек, доставка суши, доставка еды, еду, доставка документов посылок, устроиться курьером, работа в районе, курьер с ежедневной оплатой, подработка с ежедневными выплатами, работа рядом с домом, без опыта, оплата каждый день. ЖМИ ОТКЛИКНУТЬСЯ!;https://hh.ru/vacancy/106120197;08b19fd6c02de3b78657def5793d5fd4
2024;Курьер на подработку с ежедневными выплатами;Птицына Анастасия Андреевна;69420;139037;RUB;Сменный график;Частичная занятость;Ярославская область;Переславль-Залесский;573;Заработай в сезон БОЛЬШЕ с высокими тарифами 16+ ! Требуются курьеры, у нас свободный график (можно работать у дома)!Можно работать пешком или на любом своем транспорте. ❗️❗️МОЖНО работать НА АЙФОНЕ❗️❗️И на андроиде тоже можно. ✔️ СВОБОДНЫЙ ГРАФИК ✔️ ОПЛАТА 3.500- 4.000- 5.600 за день. Зависит от времени работы. ✔️ ПРИНИМАЕМ БЕЗ ОПЫТА. Обучим - покажем. ❗️Оформление без записи в трудовую книжку! ПО РАБОТЕ: Можно использовать как подработку(Легко совмещать с учебой или работой) Район на выбор(10 мин среднее время доставки) Заказы на доставку собраны и оплачены. Вы только доставляете. Чаевые и доплаты 100% ваши,за заказы комиссии нет! Прием ЕЖЕДНЕВНО (даже в выходные)! ДОХОД: Оплата за 4 часа - до 4.000 руб.(зависит от района и времени суток) ЖМИ ОТКЛИКНУТЬСЯ Мы пришлем информацию в ответном сообщении в течение пары минут и скоро напишем в WhatsApp Данная вакансия также подойдет, если вы искали: работа курьером, курьер, курьер с ежедневной оплатой, курьер пеший, курьер подработка, курьер выходного дня, свободный график, пешком, яндекс доставка, доставщик яндекс еда, яндекс лавка, яндекс про, яндекс маркет, сбермаркет, деливери клаб, delivery club, dostavista, достависта, курьер додо, озон, сдек, доставка суши, доставка еды, еду, доставка документов посылок, устроиться курьером, работа в районе, курьер с ежедневной оплатой, подработка с ежедневными выплатами, работа рядом с домом, без опыта, оплата каждый день. ЖМИ ОТКЛИКНУТЬСЯ!;https://hh.ru/vacancy/106070573;00d520d763e1111ed0598c7f6f5aebe2
2024;Курьер на подработку с ежедневными выплатами;Птицына Анастасия Андреевна;69420;139037;RUB;Сменный график;Частичная занятость;Ярославская область;Рыбинск;573;Заработай в сезон БОЛЬШЕ с высокими тарифами 16+ ! Требуются курьеры, у нас свободный график (можно работать у дома)!Можно работать пешком или на любом своем транспорте. ❗️❗️МОЖНО работать НА АЙФОНЕ❗️❗️И на андроиде тоже можно. ✔️ СВОБОДНЫЙ ГРАФИК ✔️ ОПЛАТА 3.500- 4.000- 5.600 за день. Зависит от времени работы. ✔️ ПРИНИМАЕМ БЕЗ ОПЫТА. Обучим - покажем. ❗️Оформление без записи в трудовую книжку! ПО РАБОТЕ: Можно использовать как подработку(Легко совмещать с учебой или работой) Район на выбор(10 мин среднее время доставки) Заказы на доставку собраны и оплачены. Вы только доставляете. Чаевые и доплаты 100% ваши,за заказы комиссии нет! Прием ЕЖЕДНЕВНО (даже в выходные)! ДОХОД: Оплата за 4 часа - до 4.000 руб.(зависит от района и времени суток) ЖМИ ОТКЛИКНУТЬСЯ Мы пришлем информацию в ответном сообщении в течение пары минут и скоро напишем в WhatsApp Данная вакансия также подойдет, если вы искали: работа курьером, курьер, курьер с ежедневной оплатой, курьер пеший, курьер подработка, курьер выходного дня, свободный график, пешком, яндекс доставка, доставщик яндекс еда, яндекс лавка, яндекс про, яндекс маркет, сбермаркет, деливери клаб, delivery club, dostavista, достависта, курьер додо, озон, сдек, доставка суши, доставка еды, еду, доставка документов посылок, устроиться курьером, работа в районе, курьер с ежедневной оплатой, подработка с ежедневными выплатами, работа рядом с домом, без опыта, оплата каждый день. ЖМИ ОТКЛИКНУТЬСЯ!;https://hh.ru/vacancy/106071195;00d520d763e1111ed0598c7f6f5aebe2
2024;Курьер;Птицына Анастасия Андреевна;69420;139037;RUB;Сменный график;Частичная занятость;Ярославская область;Рыбинск;573;Заработай в сезон БОЛЬШЕ с высокими тарифами 16+ ! Требуются курьеры, у нас свободный график (можно работать у дома)! ❗️❗️МОЖНО работать НА АЙФОНЕ❗️❗️И на андроиде тоже можно. ✔️ СВОБОДНЫЙ ГРАФИК ✔️ ОПЛАТА 3.500- 4.000- 5.600 за день. Зависит от времени работы. ✔️ ПРИНИМАЕМ БЕЗ ОПЫТА. Обучим - покажем. ❗️Оформление без записи в трудовую книжку! ПО РАБОТЕ: Можно использовать как подработку(Легко совмещать с учебой или работой) Район на выбор(10 мин среднее время доставки) Заказы на доставку собраны и оплачены. Вы только доставляете. Чаевые и доплаты 100% ваши,за заказы комиссии нет! Прием ЕЖЕДНЕВНО (даже в выходные)! ДОХОД: Оплата за 4 часа - до 4.000 руб.(зависит от района и времени суток) ЖМИ ОТКЛИКНУТЬСЯ Мы пришлем информацию в ответном сообщении в течение пары минут и скоро напишем в WhatsApp Данная вакансия также подойдет, если вы искали: работа курьером, курьер, курьер с ежедневной оплатой, курьер пеший, курьер подработка, курьер выходного дня, свободный график, пешком, яндекс доставка, доставщик яндекс еда, яндекс лавка, яндекс про, яндекс маркет, сбермаркет, деливери клаб, delivery club, dostavista, достависта, курьер додо, озон, сдек, доставка суши, доставка еды, еду, доставка документов посылок, устроиться курьером, работа в районе, курьер с ежедневной оплатой, подработка с ежедневными выплатами, работа рядом с домом, без опыта, оплата каждый день. ЖМИ ОТКЛИКНУТЬСЯ!;https://hh.ru/vacancy/107699237;08b19fd6c02de3b78657def5793d5fd4
2024;Курьер;Птицына Анастасия Андреевна;69420;139037;RUB;Сменный график;Частичная занятость;Ярославская область;Ростов (Ярославская область);573;Заработай в сезон БОЛЬШЕ с высокими тарифами 16+ ! Требуются курьеры, у нас свободный график (можно работать у дома)! ❗️❗️МОЖНО работать НА АЙФОНЕ❗️❗️И на андроиде тоже можно. ✔️ СВОБОДНЫЙ ГРАФИК ✔️ ОПЛАТА 3.500- 4.000- 5.600 за день. Зависит от времени работы. ✔️ ПРИНИМАЕМ БЕЗ ОПЫТА. Обучим - покажем. ❗️Оформление без записи в трудовую книжку! ПО РАБОТЕ: Можно использовать как подработку(Легко совмещать с учебой или работой) Район на выбор(10 мин среднее время доставки) Заказы на доставку собраны и оплачены. Вы только доставляете. Чаевые и доплаты 100% ваши,за заказы комиссии нет! Прием ЕЖЕДНЕВНО (даже в выходные)! ДОХОД: Оплата за 4 часа - до 4.000 руб.(зависит от района и времени суток) ЖМИ ОТКЛИКНУТЬСЯ Мы пришлем информацию в ответном сообщении в течение пары минут и скоро напишем в WhatsApp Данная вакансия также подойдет, если вы искали: работа курьером, курьер, курьер с ежедневной оплатой, курьер пеший, курьер подработка, курьер выходного дня, свободный график, пешком, яндекс доставка, доставщик яндекс еда, яндекс лавка, яндекс про, яндекс маркет, сбермаркет, деливери клаб, delivery club, dostavista, достависта, курьер додо, озон, сдек, доставка суши, доставка еды, еду, доставка документов посылок, устроиться курьером, работа в районе, курьер с ежедневной оплатой, подработка с ежедневными выплатами, работа рядом с домом, без опыта, оплата каждый день. ЖМИ ОТКЛИКНУТЬСЯ!;https://hh.ru/vacancy/107700310;08b19fd6c02de3b78657def5793d5fd4
2024;переводчик с китайского языка;"ОБЩЕСТВО С ОГРАНИЧЕННОЙ ОТВЕТСТВЕННОСТЬЮ ""НАУЧНО-ИССЛЕДОВАТЕЛЬСКИЙ ИНСТИТУТ КОСМИЧЕСКИХ И АВИАЦИОННЫХ МАТЕРИАЛОВ""";25000;0;RUB;Неполный день;Полная занятость;Ярославская область;Ярославль;893;Поиск технической литературы, перевод с китайского и обратно без опыта;https://trudvsem.ru/vacancy/card/1067608017927/0f4f6645-7de4-11ec-a7dd-57fc951f3846;8ee615630af8f4317acd6909c0eccee3
2024;Курьер / Пеший курьер в Магнит;Работа сегодня (ИП Холин Андрей Сергеевич);82500;154000;RUB;Гибкий график;Частичная занятость;Ярославская область;Ярославль;573;Мы - крупнейшая продуктовая сеть МАГНИТ. Объявляем СРОЧНЫЙ набор курьеров! без штрафов (Подработка, Свободный график) Нет штрафов! Все чаевые 100% ваши. Нет комиссии с заказов. Выполняй заказы КОГДА УГОДНО И НА ЧЕМ УГОДНО! Утром днем, или даже вечером! Зарабатывай до 7500 рублей в день! ⬆️ Заинтересовались? Оставьте отклик! Мы перезвоним максимально быстро! ✔️ У ВАС БУДЕТ: Полностью свободный график (подойдёт также, студентам, или на подработку) НЕ ШТРАФУЕМ курьеров, у нас нет комиссии с заказов ❗️ Чаевые 100% ВАШИ Еженедельные выплаты на банковскую карту Без посредников сотрудничество с МАГНИТ Доставка заказов в удобном районе Легко совмещать с учебой или другой занятостью Большое количество заказов (и будет еще больше) ✔️ ВНИМАНИЕ: Необходимо устройство на базе Android (телефон или планшет) Опыт не важен. Качественное обучение на нашей стороне займет всего 10 минут Действующий статус самозанятого или готовность его оформить (мы помогаем) ✔️ Оформление полностью дистанционно без посещения офиса в удобное для Вас время ЗВОНИТЕ ИЛИ ПИШИТЕ В МЕССЕНДЖЕРЫ - сразу отправим подробности ☎️ ⬇️ ЖМИТЕ ОТКЛИКНУТЬСЯ ⬇️ ОБРАЩАЕМ ВНИМАНИЕ, места ограничены способ доставки любой. Принимаем ежедневно даже в выходные и праздничные дни. Также подойдет, если вы искали: «курьер, подработка с ежедневными выплатами, ежедневная оплата, свободный график, вечерам, ночной курьер, доставка, лавка, документы, груз, сервис, курьер, оплата каждый день, официальное трудоустройство, на подработку, работа рядом с домом, достависта, по графику, прямой работодатель, свободный, , работа по району, по утрам, утром, яндекс маркет, сбермаркет, деливери клаб, delivery club, dostavista, в свободное время, по выходным, достависта, зарплата, зп, днем, пешком, после работы, оплата, доставка, работа курьером, еженедельная, пеший, ежедневная, на руки курьеру, подработкой, яндекс , яндекс лавка, яндекс еда, яндекс го, ищу работу, время, работа без опыта, оплата сразу, утреннее, дневное, вечернее , время, режим» ОБРАЩАЕМ ВНИМАНИЕ, после отклика на данную вакансию потребуется предоставление информации или выполнение иных действий на сторонних информационных ресурсах. Оставляйте отклик, ставьте лайк ❤ для нас это очень важно.;https://hh.ru/vacancy/106256732;6f894ccf9164544bae40e152ecf0702d
2025;Подсобный рабочий;"АКЦИОНЕРНОЕ ОБЩЕСТВО ""ЯРОСЛАВСКИЙ ТЕХНИЧЕСКИЙ УГЛЕРОД ИМЕНИ В.Ю.ОРЛОВА""";24584;25813;RUB;;Частичная занятость;Ярославская область;Ярославль;0;В должностные обязанности входит выполнение работ по содержанию территории. Без предъявления требований к образованию, навыкам и опыту работы. Работа на 0,3 ставки. З/п от 7375 руб. до 7744 руб. до вычета НДФЛ (0,3 ставки) Продолжительность рабочего времени по законодательству согласно возраста несовершеннолетнего. З/пл 7071 руб. (0,3 тарифной ставки).;https://trudvsem.ru/vacancy/card/1027600791899/e6b2dfe8-87b8-11f0-bb3d-efc3bb2eec02;7783f37dd2b22f31aec98bdede9bce58
2023;Утренний/вечерний курьер на лёгкие посылки до 2кг;Птицына Анастасия Андреевна;89420;142037;RUB;Гибкий график;Частичная занятость;Ярославская область;Ярославль;573;Заработай в сезон с высокими тарифами 14+! Требуются курьеры, у нас свободный график (можно работать у дома)! ❗️❗️МОЖНО работать НА АЙФОНЕ❗️❗️И на андроиде тоже можно. ✔️ С ЕЖЕДНЕВНЫМИ ВЫПЛАТАМИ ✔️ ОПЛАТА 3.500- 4.000- 5.400 за день (зависит от времени работы) ✔️ ПРИНИМАЕМ БЕЗ ОПЫТА (обучим - покажем) ❗️Оформление без записи в трудовую книжку! ПО РАБОТЕ: Можно использовать как подработку(Легко совмещать с учебой или работой) Район на выбор, можно менять каждую смену(7-10 мин среднее время доставки) Заказы на доставку собраны и оплачены. Вы только доставляете(Вес до 5 кг) Чаевые и доплаты 100% ваши,за заказы комиссии нет! Прием ЕЖЕДНЕВНО (даже в выходные)! ДОХОД: Средняя оплата за 4 часа - около 3.000 руб. Акция приведи друга - получи до 10тр ЖМИ ОТКЛИКНУТЬСЯ Мы пришлем информацию в ответном сообщении в течение пары минут и чуть позднее напишем в WhatsApp Данная вакансия также подойдет, если вы искали: работа курьером, курьер, курьер с ежедневной оплатой, курьер пеший, курьер подработка, курьер выходного дня, свободный график, пешком, яндекс доставка, доставщик яндекс еда, яндекс лавка, яндекс про, яндекс маркет, сбермаркет, деливери клаб, delivery club, dostavista, достависта, курьер додо, озон, сдек, доставка суши, доставка еды, еду, доставка документов посылок, устроиться курьером, работа в районе, курьер с ежедневной оплатой, подработка с ежедневными выплатами, работа рядом с домом, без опыта, оплата каждый день. ЖМИ ОТКЛИКНУТЬСЯ;https://hh.ru/vacancy/90040861;1fd1258b9e26bcaa61d3d2fa53b42be8
2023;Утренний/вечерний курьер на лёгкие посылки до 2кг;Птицына Анастасия Андреевна;89420;142037;RUB;Гибкий график;Частичная занятость;Ярославская область;Ярославль;573;Заработай в сезон с высокими тарифами 14+! Требуются курьеры, у нас свободный график (можно работать у дома)! ❗️❗️МОЖНО работать НА АЙФОНЕ❗️❗️И на андроиде тоже можно. ✔️ С ЕЖЕДНЕВНЫМИ ВЫПЛАТАМИ ✔️ ОПЛАТА 3.500- 4.000- 5.400 за день (зависит от времени работы) ✔️ ПРИНИМАЕМ БЕЗ ОПЫТА (обучим - покажем) ❗️Оформление без записи в трудовую книжку! ПО РАБОТЕ: Можно использовать как подработку(Легко совмещать с учебой или работой) Район на выбор, можно менять каждую смену(7-10 мин среднее время доставки) Заказы на доставку собраны и оплачены. Вы только доставляете(Вес до 5 кг) Чаевые и доплаты 100% ваши,за заказы комиссии нет! Прием ЕЖЕДНЕВНО (даже в выходные)! ДОХОД: Средняя оплата за 4 часа - около 3.000 руб. Акция приведи друга - получи до 10тр ЖМИ ОТКЛИКНУТЬСЯ Мы пришлем информацию в ответном сообщении в течение пары минут и чуть позднее напишем в WhatsApp Данная вакансия также подойдет, если вы искали: работа курьером, курьер, курьер с ежедневной оплатой, курьер пеший, курьер подработка, курьер выходного дня, свободный график, пешком, яндекс доставка, доставщик яндекс еда, яндекс лавка, яндекс про, яндекс маркет, сбермаркет, деливери клаб, delivery club, dostavista, достависта, курьер додо, озон, сдек, доставка суши, доставка еды, еду, доставка документов посылок, устроиться курьером, работа в районе, курьер с ежедневной оплатой, подработка с ежедневными выплатами, работа рядом с домом, без опыта, оплата каждый день. ЖМИ ОТКЛИКНУТЬСЯ;https://hh.ru/vacancy/90040919;1fd1258b9e26bcaa61d3d2fa53b42be8
2024;Курьер на подработку с ежедневными выплатами;Птицына Анастасия Андреевна;69420;139037;RUB;Сменный график;Частичная занятость;Ярославская область;Ярославль;573;Заработай в сезон БОЛЬШЕ с высокими тарифами 16+ ! Требуются курьеры, у нас свободный график (можно работать у дома)!Можно работать пешком или на любом своем транспорте. ❗️❗️МОЖНО работать НА АЙФОНЕ❗️❗️И на андроиде тоже можно. ✔️ СВОБОДНЫЙ ГРАФИК ✔️ ОПЛАТА 3.500- 4.000- 5.600 за день. Зависит от времени работы. ✔️ ПРИНИМАЕМ БЕЗ ОПЫТА. Обучим - покажем. ❗️Оформление без записи в трудовую книжку! ПО РАБОТЕ: Можно использовать как подработку(Легко совмещать с учебой или работой) Район на выбор(10 мин среднее время доставки) Заказы на доставку собраны и оплачены. Вы только доставляете. Чаевые и доплаты 100% ваши,за заказы комиссии нет! Прием ЕЖЕДНЕВНО (даже в выходные)! ДОХОД: Оплата за 4 часа - до 4.000 руб.(зависит от района и времени суток) ЖМИ ОТКЛИКНУТЬСЯ Мы пришлем информацию в ответном сообщении в течение пары минут и скоро напишем в WhatsApp Данная вакансия также подойдет, если вы искали: работа курьером, курьер, курьер с ежедневной оплатой, курьер пеший, курьер подработка, курьер выходного дня, свободный график, пешком, яндекс доставка, доставщик яндекс еда, яндекс лавка, яндекс про, яндекс маркет, сбермаркет, деливери клаб, delivery club, dostavista, достависта, курьер додо, озон, сдек, доставка суши, доставка еды, еду, доставка документов посылок, устроиться курьером, работа в районе, курьер с ежедневной оплатой, подработка с ежедневными выплатами, работа рядом с домом, без опыта, оплата каждый день. ЖМИ ОТКЛИКНУТЬСЯ!;https://hh.ru/vacancy/106074755;00d520d763e1111ed0598c7f6f5aebe2
2024;подсобный рабочий;ПЕРВОМАЙСКОЕ РАЙОННОЕ ПОТРЕБИТЕЛЬСКОЕ ОБЩЕСТВО;19300;0;RUB;;Полная занятость;Ярославская область;Ярославль;904;Мелкие строительные работы, разгрузка, погрузка товаров по магазинам. Обкашивание травы вокруг магазинов. В зимнее время уборка снега. Дисциплинирован, ответственен. социальный пакет;https://trudvsem.ru/vacancy/card/1027601460677/11d0ba08-9695-11ef-b382-e73e8fa159bf;4bf58383838132fae008fbb8510bab3f
2025;помощник слесаря по ремонту автомобилей;"ОТКРЫТОЕ АКЦИОНЕРНОЕ ОБЩЕСТВО ""СИЛЬНИЦКИЙ КАРЬЕР""";23000;24000;RUB;;Полная занятость;Ярославская область;Ярославль;93;"1. Обеспечивать безаварийную и надежную работу автотранспорта предприятия, правильную эксплуатацию, своевременный ремонт, контроль технического состояния. 2. Проводить работы по планово-предупредительному ремонту. 3. Проводить сезонное обслуживание автомобилей. 4. Проводить профилактический осмотр автомобилей и оборудования. 5. Содержать в чистоте рабочее место и оборудование, работать с использованием спецодежды и требуемых средств защиты, приспособлений и ограждений. 6. Оперативно принимать меры к устранению поломок в работе автотранспорта 7. Участвовать в установке и замене запасных частей и оборудования. Продолжительность рабочего времени в зависимости от возраста гражданина, согласно ст.94 ТК РФ; з/п зависит от отработанного времени, график работы по согласованию с работодателем. Предварительно обязательно созвониться с работодателем .";https://trudvsem.ru/vacancy/card/1027601067361/c9079998-25a7-11f0-b0e2-d549be31d974;e419af511fc33b9eb36f53fe16d52b7c
2023;Работник предприятия «Вкусно – и точка»;Вкусно — и точка;0;45000;RUB;Сменный график;Частичная занятость;Ярославская область;Ярославль;900;ТЕПЕРЬ ЗАРПЛАТА ВЫШЕ!В дружной команде «Вкусно – и точка» вы будете: Принимать гостей и дарить им качественный сервис в зале и на кассе Готовить блюда из нашего меню Поддерживать зал в чистом и красивом виде, а гостей — в прекрасном настроении! Мы гарантируем: Официальное трудоустройство с первого дня Гарантированный доход без штрафов, выплаты 2 раза в месяц Премия за полную выработку, премия за любые временные возможности, премия «Приведи друга», доплата за работу в вечерние и ночные часы Бесплатное оформление медицинской книжки, бесплатное питание и униформу Оплачиваемые больничные листы и отпуска, в том числе учебные Возможность прохождения учебной практики Требования к кандидатам: Наличие документов, необходимых для трудоустройства по ТК РФ Возраст от 15 лет Опыт не требуется;https://hh.ru/vacancy/91149059;2e4a763346cc9b5edc6d047c4837dfdb
2023;Работник предприятия «Вкусно – и точка»;Вкусно — и точка;0;45000;RUB;Сменный график;Частичная занятость;Ярославская область;Ростов (Ярославская область);900;ТЕПЕРЬ ЗАРПЛАТА ВЫШЕ!В дружной команде «Вкусно – и точка» вы будете: Принимать гостей и дарить им качественный сервис в зале и на кассе Готовить блюда из нашего меню Поддерживать зал в чистом и красивом виде, а гостей — в прекрасном настроении! Мы гарантируем: Официальное трудоустройство с первого дня Гарантированный доход без штрафов, выплаты 2 раза в месяц Премия за полную выработку, премия за любые временные возможности, премия «Приведи друга», доплата за работу в вечерние и ночные часы Бесплатное оформление медицинской книжки, бесплатное питание и униформу Оплачиваемые больничные листы и отпуска, в том числе учебные Возможность прохождения учебной практики Требования к кандидатам: Наличие документов, необходимых для трудоустройства по ТК РФ Возраст от 15 лет Опыт не требуется;https://hh.ru/vacancy/91149153;2e4a763346cc9b5edc6d047c4837dfdb
2023;Работник предприятия «Вкусно – и точка»;Вкусно — и точка;0;42000;RUB;Сменный график;Частичная занятость;Ярославская область;Рыбинск;900;ТЕПЕРЬ ЗАРПЛАТА ВЫШЕ!В дружной команде «Вкусно – и точка» вы будете: Принимать гостей и дарить им качественный сервис в зале и на кассе Готовить блюда из нашего меню Поддерживать зал в чистом и красивом виде, а гостей — в прекрасном настроении! Мы гарантируем: Официальное трудоустройство с первого дня Гарантированный доход без штрафов, выплаты 2 раза в месяц Премия за полную выработку, премия за любые временные возможности, премия «Приведи друга», доплата за работу в вечерние и ночные часы Бесплатное оформление медицинской книжки, бесплатное питание и униформу Оплачиваемые больничные листы и отпуска, в том числе учебные Возможность прохождения учебной практики Требования к кандидатам: Наличие документов, необходимых для трудоустройства по ТК РФ Возраст от 15 лет Опыт не требуется;https://hh.ru/vacancy/91149151;2e4a763346cc9b5edc6d047c4837dfdb
2024;Подсобный рабочий;"ОБЩЕСТВО С ОГРАНИЧЕННОЙ ОТВЕТСТВЕННОСТЬЮ ""АЛЬЯНС""";19500;19500;RUB;Полный день;Полная занятость;Ярославская область;Ярославль;523;"&middot; Погрузка и разгрузка товарно-материальных ценностей. &middot; Перемещение грузов на хранение в складские помещения и распределение их в соответствующие отсеки. &middot; Упаковка грузов в необходимую тару. &middot; Работа с приборами и инвентарем в рамках получаемых от непосредственного руководителя заданий и своей компетенции. &middot; Поддержание в чистоте производственных помещений, складов и прилегающих территорий. 1. Дисциплинированность 2. Коммуникабельность 3. Ответственность";https://trudvsem.ru/vacancy/card/1087611000707/f77e33e8-abdd-11ef-a6ba-e7d0d2cf29b1;76ce94cf7d7585df3fbc7de77e034dae
2024;Утренний/вечерний курьер на лёгкие посылки - подработка;Птицына Анастасия Андреевна;89420;139037;RUB;Гибкий график;Частичная занятость;Ярославская область;Ярославль;573;Заработай в сезон БОЛЬШЕ с высокими тарифами 14+! Требуются курьеры, у нас свободный график (можно работать у дома)! ❗️❗️МОЖНО работать НА АЙФОНЕ❗️❗️И на андроиде тоже можно. ✔️ ЕЖЕДНЕВНЫЕ ВЫПЛАТЫ ✔️ ОПЛАТА 3.500- 4.000- 6.400 за день (зависит от времени работы) ✔️ ПРИНИМАЕМ БЕЗ ОПЫТА (обучим - покажем) ❗️Оформление без записи в трудовую книжку! ПО РАБОТЕ: Можно использовать как подработку(Легко совмещать с учебой или работой) Район на выбор, можно менять каждую смену(7-10 мин среднее время доставки) Заказы на доставку собраны и оплачены. Вы только доставляете(Вес до 5 кг) Чаевые и доплаты 100% ваши,за заказы комиссии нет! Прием ЕЖЕДНЕВНО (даже в выходные)! ДОХОД: Средняя оплата за 4 часа - около 3.000 руб. Акция приведи друга - получи до 10тр ЖМИ ОТКЛИКНУТЬСЯ Мы пришлем информацию в ответном сообщении в течение пары минут и чуть позднее напишем в WhatsApp Данная вакансия также подойдет, если вы искали: работа курьером, курьер, курьер с ежедневной оплатой, курьер пеший, курьер подработка, курьер выходного дня, свободный график, пешком, яндекс доставка, доставщик яндекс еда, яндекс лавка, яндекс про, яндекс маркет, сбермаркет, деливери клаб, delivery club, dostavista, достависта, курьер додо, озон, сдек, доставка суши, доставка еды, еду, доставка документов посылок, устроиться курьером, работа в районе, курьер с ежедневной оплатой, подработка с ежедневными выплатами, работа рядом с домом, без опыта, оплата каждый день. ЖМИ ОТКЛИКНУТЬСЯ;https://hh.ru/vacancy/92115498;64ca2c59568bd3d591dda9b6fa4bf37e
2025;подсобный рабочий;"ОБЩЕСТВО С ОГРАНИЧЕННОЙ ОТВЕТСТВЕННОСТЬЮ ""7-Я""";23000;23000;RUB;;Полная занятость;Ярославская область;Ярославль;904;Комплектация продукции Приборка территории Отсутствие медицинских противопоказаний;https://trudvsem.ru/vacancy/card/1037600001108/f66eb378-57e6-11f0-bb46-d549be31d974;5f6a2f174106315c8af40803dfdb92fd
2025;подсобный рабочий;"ОБЩЕСТВО С ОГРАНИЧЕННОЙ ОТВЕТСТВЕННОСТЬЮ ""ДИЗАЙН""";23000;23000;RUB;Полный день;Полная занятость;Ярославская область;Ярославль;904;комплектация продукции приборка территории отсутствие медицинских противопоказаний;https://trudvsem.ru/vacancy/card/1057600037000/e870c868-57e8-11f0-8b75-e7d0d2cf29b1;857e5f77eb83e95f91a7ef542fda7796
2025;подсобный рабочий;"ЗАКРЫТОЕ АКЦИОНЕРНОЕ ОБЩЕСТВО ""КРАСНЫЙ ПЕРЕВАЛ""";23000;23000;RUB;;Полная занятость;Ярославская область;Ярославль;904;"подготовка продукции;уборка территории отсутствие противопоказаний к данному виду деятельности";https://trudvsem.ru/vacancy/card/1027600510277/9ca5e688-57e9-11f0-8b75-e7d0d2cf29b1;bb986478aa313e7d189101bbdb18c320
2023;Утренний/вечерний курьер на лёгкие посылки, подработка;Птицына Анастасия Андреевна;89420;139037;RUB;Гибкий график;Частичная занятость;Ярославская область;Ярославль;573;Заработай на НОВЫЙ ГОД с высокими тарифами Требуются курьеры, у нас свободный график (можно работать у дома)! ❗️❗️МОЖНО работать НА АЙФОНЕ❗️❗️И на андроиде тоже можно. ✔️ ЕЖЕДНЕВНЫЕ ВЫПЛАТЫ ✔️ ОПЛАТА 3.500- 4.000- 6.400 за день (зависит от времени работы) ✔️ ПРИНИМАЕМ БЕЗ ОПЫТА (обучим - покажем) ❗️Оформление без записи в трудовую книжку! ПО РАБОТЕ: Можно использовать как подработку(Легко совмещать с учебой или работой) Район на выбор, можно менять каждую смену(7-10 мин среднее время доставки) Заказы на доставку собраны и оплачены. Вы только доставляете(Вес до 5 кг) Чаевые и доплаты 100% ваши,за заказы комиссии нет! Прием ЕЖЕДНЕВНО (даже в выходные)! ДОХОД: Средняя оплата за 4 часа - около 3.000 руб. Акция приведи друга - получи до 10тр ЖМИ ОТКЛИКНУТЬСЯ Мы пришлем информацию в ответном сообщении в течение пары минут и чуть позднее напишем в WhatsApp Данная вакансия также подойдет, если вы искали: работа курьером, курьер, курьер с ежедневной оплатой, курьер пеший, курьер подработка, курьер выходного дня, свободный график, пешком, яндекс доставка, доставщик яндекс еда, яндекс лавка, яндекс про, яндекс маркет, сбермаркет, деливери клаб, delivery club, dostavista, достависта, курьер додо, озон, сдек, доставка суши, доставка еды, еду, доставка документов посылок, устроиться курьером, работа в районе, курьер с ежедневной оплатой, подработка с ежедневными выплатами, работа рядом с домом, без опыта, оплата каждый день. ЖМИ ОТКЛИКНУТЬСЯ;https://hh.ru/vacancy/90964237;99f80825ebb67c8327b18b1766b00c50
2025;подсобный рабочий;"ОБЩЕСТВО С ОГРАНИЧЕННОЙ ОТВЕТСТВЕННОСТЬЮ ""САНАТОРИЙ ""ЗОЛОТОЙ КОЛОС""";23000;23000;RUB;;Частичная занятость;Ярославская область;Ярославль;0;Выполнение подсобных работ коммуникабельсность, дисциплинированность, без вредных привычек.;https://trudvsem.ru/vacancy/card/1037602608691/1b1858d8-d9af-11f0-ac9e-d130ff98d028;00556a237be428b7fde84738daddd00a
2023;Утренний/вечерний курьер на лёгкие посылки, подработка;Птицына Анастасия Андреевна;89420;139037;RUB;Гибкий график;Частичная занятость;Ярославская область;Ярославль;573;Заработай на НОВЫЙ ГОД с высокими тарифами Требуются курьеры, у нас свободный график (можно работать у дома)! ❗️❗️МОЖНО работать НА АЙФОНЕ❗️❗️И на андроиде тоже можно. ✔️ ЕЖЕДНЕВНЫЕ ВЫПЛАТЫ ✔️ ОПЛАТА 3.500- 4.000- 6.400 за день (зависит от времени работы) ✔️ ПРИНИМАЕМ БЕЗ ОПЫТА (обучим - покажем) ❗️Оформление без записи в трудовую книжку! ПО РАБОТЕ: Можно использовать как подработку(Легко совмещать с учебой или работой) Район на выбор, можно менять каждую смену(7-10 мин среднее время доставки) Заказы на доставку собраны и оплачены. Вы только доставляете(Вес до 5 кг) Чаевые и доплаты 100% ваши,за заказы комиссии нет! Прием ЕЖЕДНЕВНО (даже в выходные)! ДОХОД: Средняя оплата за 4 часа - около 3.000 руб. Акция приведи друга - получи до 10тр ЖМИ ОТКЛИКНУТЬСЯ Мы пришлем информацию в ответном сообщении в течение пары минут и чуть позднее напишем в WhatsApp Данная вакансия также подойдет, если вы искали: работа курьером, курьер, курьер с ежедневной оплатой, курьер пеший, курьер подработка, курьер выходного дня, свободный график, пешком, яндекс доставка, доставщик яндекс еда, яндекс лавка, яндекс про, яндекс маркет, сбермаркет, деливери клаб, delivery club, dostavista, достависта, курьер додо, озон, сдек, доставка суши, доставка еды, еду, доставка документов посылок, устроиться курьером, работа в районе, курьер с ежедневной оплатой, подработка с ежедневными выплатами, работа рядом с домом, без опыта, оплата каждый день. ЖМИ ОТКЛИКНУТЬСЯ;https://hh.ru/vacancy/90985626;99f80825ebb67c8327b18b1766b00c50
